wallSec,fps,dtAvg,dtMax,simRatio,realRatio,fixedHz,fixedDt,maxDeltaTime,timeScale,targetFps,vSyncCount,time,focused,runInBackground
1.41,2,0.0200,0.0200,0.028,4.362,1.4,0.0167,1.0000,1.00,400,0,0.02,1,1
2.41,132,0.0077,0.4353,1.019,1.019,60.9,0.0167,1.0000,1.00,400,0,1.04,1,1
3.41,259,0.0039,0.0155,1.002,1.002,59.9,0.0167,1.0000,1.00,400,0,2.04,1,1
4.42,255,0.0039,0.0100,1.000,1.000,59.9,0.0167,1.0000,1.00,400,0,3.04,1,1
5.42,222,0.0045,0.0306,1.000,1.000,60.0,0.0167,1.0000,1.00,400,0,4.05,1,1
6.42,218,0.0046,0.0603,1.000,1.000,60.0,0.0167,1.0000,1.00,400,0,5.05,1,1
7.42,256,0.0039,0.0056,1.000,1.000,60.8,0.0167,1.0000,1.00,400,0,6.05,1,1
8.42,254,0.0039,0.0062,1.000,1.000,59.8,0.0167,1.0000,1.00,400,0,7.05,1,1
9.43,251,0.0040,0.0066,1.000,1.000,59.8,0.0167,1.0000,1.00,400,0,8.05,1,1
10.43,251,0.0040,0.0600,1.000,1.000,60.0,0.0167,1.0000,1.00,400,0,9.06,1,1
11.43,222,0.0045,0.0213,1.000,1.000,59.8,0.0167,1.0000,1.00,400,0,10.06,1,1
13.12,136,0.0043,0.0093,0.347,0.347,20.7,0.0167,1.0000,1.00,400,0,10.65,1,1
14.12,69,0.0106,0.0205,0.733,2.104,44.0,0.0167,1.0000,1.00,400,0,11.37,1,1
15.13,91,0.0111,0.0214,1.000,1.000,60.6,0.0167,1.0000,1.00,400,0,12.38,1,1
16.13,92,0.0109,0.0160,1.000,1.000,59.6,0.0167,1.0000,1.00,400,0,13.39,1,1
17.14,89,0.0113,0.0196,1.000,1.000,60.6,0.0167,1.0000,1.00,400,0,14.40,1,1
18.15,89,0.0113,0.0193,1.000,1.000,59.7,0.0167,1.0000,1.00,400,0,15.40,1,1
19.15,94,0.0107,0.0142,0.997,0.997,59.7,0.0167,1.0000,1.00,400,0,16.40,1,1
20.16,80,0.0126,0.0439,1.001,1.001,60.4,0.0167,1.0000,1.00,400,0,17.41,1,1
21.16,89,0.0113,0.0141,1.002,1.002,59.9,0.0167,1.0000,1.00,400,0,18.42,1,1
22.16,89,0.0112,0.0143,1.000,1.000,60.0,0.0167,1.0000,1.00,400,0,19.42,1,1
23.17,89,0.0113,0.0145,1.000,1.000,59.7,0.0167,1.0000,1.00,400,0,20.42,1,1
24.18,89,0.0113,0.0141,1.000,1.000,60.6,0.0167,1.0000,1.00,400,0,21.43,1,1
25.19,71,0.0143,0.0518,1.000,1.000,60.2,0.0167,1.0000,1.00,400,0,22.44,1,1
26.19,65,0.0155,0.0546,1.000,1.000,59.6,0.0167,1.0000,1.00,400,0,23.45,1,1
27.20,87,0.0116,0.0142,1.000,1.000,59.5,0.0167,1.0000,1.00,400,0,24.46,1,1
28.21,86,0.0117,0.0142,1.000,1.000,60.8,0.0167,1.0000,1.00,400,0,25.46,1,1
29.21,86,0.0117,0.0151,1.000,1.000,59.9,0.0167,1.0000,1.00,400,0,26.46,1,1
30.21,86,0.0117,0.0147,1.000,1.000,59.6,0.0167,1.0000,1.00,400,0,27.47,1,1
31.22,85,0.0118,0.0146,0.999,0.999,59.8,0.0167,1.0000,1.00,400,0,28.47,1,1
32.22,84,0.0119,0.0145,1.001,1.001,60.9,0.0167,1.0000,1.00,400,0,29.47,1,1
33.22,85,0.0118,0.0145,1.000,1.000,59.7,0.0167,1.0000,1.00,400,0,30.48,1,1
34.23,86,0.0117,0.0161,1.000,1.000,60.4,0.0167,1.0000,1.00,400,0,31.49,1,1
35.25,62,0.0163,0.0541,1.000,1.000,59.3,0.0167,1.0000,1.00,400,0,32.50,1,1
36.26,80,0.0126,0.0158,1.000,1.000,60.4,0.0167,1.0000,1.00,400,0,33.51,1,1
37.27,80,0.0126,0.0156,1.000,1.000,60.3,0.0167,1.0000,1.00,400,0,34.52,1,1
38.28,77,0.0131,0.0635,1.000,1.000,59.4,0.0167,1.0000,1.00,400,0,35.53,1,1
39.28,80,0.0126,0.0164,1.000,1.000,60.7,0.0167,1.0000,1.00,400,0,36.54,1,1
40.29,79,0.0127,0.0157,1.000,1.000,59.8,0.0167,1.0000,1.00,400,0,37.54,1,1
41.29,79,0.0127,0.0151,1.000,1.000,59.7,0.0167,1.0000,1.00,400,0,38.55,1,1
42.30,79,0.0128,0.0166,1.000,1.000,60.4,0.0167,1.0000,1.00,400,0,39.56,1,1
43.31,79,0.0127,0.0156,0.998,0.998,59.6,0.0167,1.0000,1.00,400,0,40.56,1,1
44.32,80,0.0126,0.0158,1.001,1.001,60.4,0.0167,1.0000,1.00,400,0,41.57,1,1
45.33,80,0.0126,0.0160,1.001,1.001,60.3,0.0167,1.0000,1.00,400,0,42.58,1,1
46.33,75,0.0134,0.0529,1.000,1.000,59.8,0.0167,1.0000,1.00,400,0,43.59,1,1
47.35,80,0.0127,0.0161,1.000,1.000,60.2,0.0167,1.0000,1.00,400,0,44.60,1,1
48.35,73,0.0136,0.0226,0.992,0.992,59.0,0.0167,1.0000,1.00,400,0,45.59,1,1
49.80,13,0.0135,0.0177,0.121,0.121,7.6,0.0167,1.0000,1.00,400,0,45.77,1,1
52.05,1,0.0127,0.0127,0.006,1.552,0.0,0.0167,1.0000,1.00,400,0,45.77,1,1
53.07,62,0.0149,0.0449,0.903,1.031,53.9,0.0167,1.0000,1.00,400,0,46.69,0,1
54.08,73,0.0140,0.0338,1.011,1.011,61.2,0.0167,1.0000,1.00,400,0,47.71,0,1
55.08,70,0.0144,0.0182,1.000,1.000,59.7,0.0167,1.0000,1.00,400,0,48.72,0,1
56.09,80,0.0125,0.0172,0.999,0.999,60.0,0.0167,1.0000,1.00,400,0,49.72,0,1
57.09,75,0.0134,0.0518,0.999,0.999,59.7,0.0167,1.0000,1.00,400,0,50.72,0,1
58.10,73,0.0138,0.0184,1.001,1.001,60.4,0.0167,1.0000,1.00,400,0,51.74,0,1
59.11,76,0.0133,0.0248,1.000,1.000,60.3,0.0167,1.0000,1.00,400,0,52.75,1,1
60.12,82,0.0122,0.0174,0.999,0.999,59.7,0.0167,1.0000,1.00,400,0,53.75,1,1
61.12,82,0.0123,0.0202,1.002,1.002,59.8,0.0167,1.0000,1.00,400,0,54.76,1,1
62.13,79,0.0128,0.0149,0.997,0.997,60.2,0.0167,1.0000,1.00,400,0,55.77,1,1
63.14,80,0.0126,0.0154,1.002,1.002,59.7,0.0167,1.0000,1.00,400,0,56.77,1,1
64.15,81,0.0125,0.0135,1.000,1.000,60.3,0.0167,1.0000,1.00,400,0,57.78,1,1
65.15,81,0.0124,0.0139,1.002,1.002,59.8,0.0167,1.0000,1.00,400,0,58.79,1,1
66.16,81,0.0125,0.0161,0.998,0.998,60.4,0.0167,1.0000,1.00,400,0,59.80,1,1
67.18,84,0.0121,0.0139,1.000,1.000,60.2,0.0167,1.0000,1.00,400,0,60.81,1,1
68.18,80,0.0125,0.0142,1.000,1.000,59.9,0.0167,1.0000,1.00,400,0,61.81,1,1
69.19,80,0.0126,0.0140,1.001,1.001,59.6,0.0167,1.0000,1.00,400,0,62.82,1,1
70.19,78,0.0129,0.0150,0.999,0.999,60.7,0.0167,1.0000,1.00,400,0,63.83,1,1
71.20,79,0.0127,0.0167,0.999,0.999,59.5,0.0167,1.0000,1.00,400,0,64.83,1,1
72.21,76,0.0133,0.0745,1.001,1.001,60.6,0.0167,1.0000,1.00,400,0,65.84,1,1
73.21,84,0.0120,0.0134,1.000,1.000,59.5,0.0167,1.0000,1.00,400,0,66.85,1,1
74.22,85,0.0118,0.0141,1.001,1.001,59.8,0.0167,1.0000,1.00,400,0,67.85,1,1
75.22,88,0.0114,0.0160,0.999,0.999,60.6,0.0167,1.0000,1.00,400,0,68.86,1,1
76.22,85,0.0118,0.0131,1.000,1.000,60.0,0.0167,1.0000,1.00,400,0,69.86,1,1
77.23,85,0.0118,0.0141,1.000,1.000,59.6,0.0167,1.0000,1.00,400,0,70.87,1,1
78.24,86,0.0117,0.0135,1.001,1.001,60.5,0.0167,1.0000,1.00,400,0,71.87,1,1
79.24,85,0.0118,0.0146,0.999,0.999,59.6,0.0167,1.0000,1.00,400,0,72.88,1,1
80.25,86,0.0117,0.0133,1.002,1.002,59.7,0.0167,1.0000,1.00,400,0,73.89,1,1
81.25,85,0.0118,0.0138,0.999,0.999,60.7,0.0167,1.0000,1.00,400,0,74.89,1,1
82.26,86,0.0117,0.0134,1.000,1.000,59.6,0.0167,1.0000,1.00,400,0,75.90,1,1
83.26,85,0.0118,0.0143,1.001,1.001,59.8,0.0167,1.0000,1.00,400,0,76.90,1,1
84.27,86,0.0117,0.0141,0.998,0.998,60.4,0.0167,1.0000,1.00,400,0,77.91,1,1
85.28,84,0.0120,0.0144,1.001,1.001,59.5,0.0167,1.0000,1.00,400,0,78.92,1,1
86.29,85,0.0118,0.0135,0.999,0.999,60.7,0.0167,1.0000,1.00,400,0,79.92,1,1
87.29,81,0.0124,0.0213,1.000,1.000,59.7,0.0167,1.0000,1.00,400,0,80.93,1,1
88.30,78,0.0129,0.0148,1.000,1.000,59.8,0.0167,1.0000,1.00,400,0,81.93,1,1
89.31,72,0.0140,0.0354,0.995,0.995,60.2,0.0167,1.0000,1.00,400,0,82.94,1,1
90.42,71,0.0155,0.1350,0.995,0.995,59.6,0.0167,1.0000,1.00,400,0,84.04,1,1
91.42,56,0.0181,0.1598,1.011,1.011,60.7,0.0167,1.0000,1.00,400,0,85.06,1,1
101.57,39,0.0148,0.0771,0.057,0.057,3.4,0.0167,1.0000,1.00,400,0,85.63,1,1
102.60,28,0.0175,0.0594,0.479,10.334,27.3,0.0167,1.0000,1.00,400,0,86.11,1,1
103.61,86,0.0117,0.0553,1.003,1.003,60.5,0.0167,1.0000,1.00,400,0,87.12,1,1
104.61,107,0.0094,0.0130,1.001,1.001,59.9,0.0167,1.0000,1.00,400,0,88.13,1,1
105.61,106,0.0095,0.0127,0.998,0.998,60.6,0.0167,1.0000,1.00,400,0,89.13,1,1
106.62,121,0.0083,0.0120,1.001,1.001,59.8,0.0167,1.0000,1.00,400,0,90.14,1,1
107.62,122,0.0082,0.0109,1.001,1.001,59.8,0.0167,1.0000,1.00,400,0,91.14,1,1
108.62,119,0.0084,0.0106,1.000,1.000,60.0,0.0167,1.0000,1.00,400,0,92.14,1,1
109.62,123,0.0082,0.0142,1.000,1.000,59.8,0.0167,1.0000,1.00,400,0,93.15,1,1
110.67,69,0.0151,0.0550,0.997,0.997,60.4,0.0167,1.0000,1.00,400,0,94.18,1,1
111.71,32,0.0324,0.0562,0.999,0.999,59.8,0.0167,1.0000,1.00,400,0,95.22,1,1
112.72,65,0.0156,0.0467,1.003,1.003,60.2,0.0167,1.0000,1.00,400,0,96.24,1,1
113.74,41,0.0248,0.0533,1.000,1.000,59.9,0.0167,1.0000,1.00,400,0,97.26,1,1
114.74,53,0.0189,0.0377,1.000,1.000,59.8,0.0167,1.0000,1.00,400,0,98.26,1,1
115.74,54,0.0185,0.0336,0.999,0.999,60.0,0.0167,1.0000,1.00,400,0,99.26,1,1
116.74,59,0.0169,0.0321,0.999,0.999,60.0,0.0167,1.0000,1.00,400,0,100.26,1,1
117.75,56,0.0180,0.0317,1.002,1.002,60.7,0.0167,1.0000,1.00,400,0,101.26,1,1
118.75,56,0.0179,0.0233,1.000,1.000,59.9,0.0167,1.0000,1.00,400,0,102.27,1,1
119.75,60,0.0166,0.0322,0.998,0.998,60.0,0.0167,1.0000,1.00,400,0,103.26,1,1
120.75,79,0.0127,0.0283,1.002,1.002,59.9,0.0167,1.0000,1.00,400,0,104.27,1,1
121.76,80,0.0126,0.0271,1.000,1.000,60.5,0.0167,1.0000,1.00,400,0,105.28,1,1
122.76,82,0.0123,0.0220,1.000,1.000,59.6,0.0167,1.0000,1.00,400,0,106.28,1,1
123.77,67,0.0150,0.0335,1.000,1.000,59.8,0.0167,1.0000,1.00,400,0,107.29,1,1
124.77,86,0.0117,0.0189,1.000,1.000,60.6,0.0167,1.0000,1.00,400,0,108.29,1,1
125.78,90,0.0112,0.0222,0.999,0.999,59.5,0.0167,1.0000,1.00,400,0,109.30,1,1
126.79,86,0.0117,0.0247,1.000,1.000,60.6,0.0167,1.0000,1.00,400,0,110.31,1,1
127.79,83,0.0121,0.0251,1.001,1.001,59.8,0.0167,1.0000,1.00,400,0,111.31,1,1
128.79,85,0.0118,0.0266,0.999,0.999,59.8,0.0167,1.0000,1.00,400,0,112.31,1,1
129.80,83,0.0121,0.0228,1.000,1.000,59.9,0.0167,1.0000,1.00,400,0,113.31,1,1
130.80,78,0.0129,0.0289,1.000,1.000,59.7,0.0167,1.0000,1.00,400,0,114.32,1,1
131.81,88,0.0115,0.0264,1.000,1.000,60.3,0.0167,1.0000,1.00,400,0,115.33,1,1
132.81,82,0.0122,0.0187,1.000,1.000,60.0,0.0167,1.0000,1.00,400,0,116.33,1,1
133.81,63,0.0159,0.0401,0.999,0.999,59.9,0.0167,1.0000,1.00,400,0,117.33,1,1
134.83,53,0.0191,0.0334,1.001,1.001,60.2,0.0167,1.0000,1.00,400,0,118.35,1,1
135.85,53,0.0192,0.0257,1.000,1.000,59.8,0.0167,1.0000,1.00,400,0,119.37,1,1
136.86,52,0.0195,0.0354,1.000,1.000,60.2,0.0167,1.0000,1.00,400,0,120.38,1,1
137.87,49,0.0205,0.0396,1.000,1.000,59.8,0.0167,1.0000,1.00,400,0,121.38,1,1
138.88,49,0.0207,0.0372,1.000,1.000,60.0,0.0167,1.0000,1.00,400,0,122.40,1,1
139.89,44,0.0230,0.0976,1.000,1.000,60.4,0.0167,1.0000,1.00,400,0,123.41,1,1
140.89,44,0.0228,0.0349,1.000,1.000,60.0,0.0167,1.0000,1.00,400,0,124.41,1,1
141.90,46,0.0218,0.0390,1.000,1.000,59.8,0.0167,1.0000,1.00,400,0,125.41,1,1
142.91,49,0.0207,0.0301,1.000,1.000,60.2,0.0167,1.0000,1.00,400,0,126.43,1,1
143.91,50,0.0200,0.0265,0.999,0.999,59.9,0.0167,1.0000,1.00,400,0,127.43,1,1
144.93,50,0.0205,0.0333,1.001,1.001,60.7,0.0167,1.0000,1.00,400,0,128.45,1,1
145.95,49,0.0208,0.0344,0.999,0.999,59.9,0.0167,1.0000,1.00,400,0,129.47,1,1
146.96,69,0.0147,0.0332,1.001,1.001,60.3,0.0167,1.0000,1.00,400,0,130.48,1,1
147.97,59,0.0171,0.0353,1.000,1.000,59.5,0.0167,1.0000,1.00,400,0,131.49,1,1
148.99,54,0.0187,0.0312,0.997,0.997,60.1,0.0167,1.0000,1.00,400,0,132.50,1,1
149.99,69,0.0146,0.0205,1.002,1.002,59.9,0.0167,1.0000,1.00,400,0,133.51,1,1
151.00,56,0.0180,0.0352,0.996,0.996,60.2,0.0167,1.0000,1.00,400,0,134.51,1,1
152.02,59,0.0173,0.0274,1.005,1.005,60.0,0.0167,1.0000,1.00,400,0,135.54,1,1
153.02,58,0.0174,0.0272,1.001,1.001,59.6,0.0167,1.0000,1.00,400,0,136.54,1,1
154.03,60,0.0167,0.0318,0.996,0.996,59.7,0.0167,1.0000,1.00,400,0,137.54,1,1
155.04,67,0.0151,0.0250,1.005,1.005,60.5,0.0167,1.0000,1.00,400,0,138.56,1,1
156.04,75,0.0134,0.0301,0.998,0.998,60.5,0.0167,1.0000,1.00,400,0,139.56,1,1
157.05,63,0.0159,0.0334,1.000,1.000,59.9,0.0167,1.0000,1.00,400,0,140.56,1,1
158.05,52,0.0193,0.0335,1.000,1.000,59.8,0.0167,1.0000,1.00,400,0,141.57,1,1
159.06,58,0.0173,0.0303,0.999,0.999,59.6,0.0167,1.0000,1.00,400,0,142.57,1,1
160.06,56,0.0180,0.0330,1.001,1.001,60.5,0.0167,1.0000,1.00,400,0,143.58,1,1
161.07,58,0.0173,0.0353,1.001,1.001,59.8,0.0167,1.0000,1.00,400,0,144.59,1,1
162.08,61,0.0166,0.0372,0.999,0.999,60.1,0.0167,1.0000,1.00,400,0,145.60,1,1
163.09,57,0.0177,0.0347,1.000,1.000,60.3,0.0167,1.0000,1.00,400,0,146.61,1,1
164.10,65,0.0155,0.0263,1.002,1.002,59.5,0.0167,1.0000,1.00,400,0,147.62,1,1
165.10,59,0.0169,0.0334,0.996,0.996,59.9,0.0167,1.0000,1.00,400,0,148.62,1,1
166.13,51,0.0201,0.0339,0.999,0.999,60.4,0.0167,1.0000,1.00,400,0,149.64,1,1
167.15,56,0.0182,0.0330,1.003,1.003,60.0,0.0167,1.0000,1.00,400,0,150.66,1,1
168.15,57,0.0176,0.0327,1.000,1.000,59.9,0.0167,1.0000,1.00,400,0,151.67,1,1
169.15,56,0.0179,0.0335,0.999,0.999,59.8,0.0167,1.0000,1.00,400,0,152.67,1,1
170.16,57,0.0177,0.0312,1.001,1.001,60.5,0.0167,1.0000,1.00,400,0,153.68,1,1
171.16,51,0.0196,0.0747,1.000,1.000,59.9,0.0167,1.0000,1.00,400,0,154.68,0,1
172.18,55,0.0186,0.0318,0.998,0.998,59.6,0.0167,1.0000,1.00,400,0,155.70,0,1
173.19,54,0.0186,0.0360,0.999,0.999,60.6,0.0167,1.0000,1.00,400,0,156.71,0,1
174.20,55,0.0184,0.0418,1.003,1.003,59.5,0.0167,1.0000,1.00,400,0,157.72,0,1
175.21,52,0.0194,0.0386,1.000,1.000,60.4,0.0167,1.0000,1.00,400,0,158.73,0,1
176.22,58,0.0174,0.0234,0.999,0.999,59.5,0.0167,1.0000,1.00,400,0,159.74,0,1
177.24,57,0.0179,0.0339,1.000,1.000,60.7,0.0167,1.0000,1.00,400,0,160.76,0,1
178.24,56,0.0179,0.0287,1.002,1.002,60.0,0.0167,1.0000,1.00,400,0,161.76,0,1
179.25,56,0.0180,0.0305,0.999,0.999,59.4,0.0167,1.0000,1.00,400,0,162.77,0,1
180.27,52,0.0195,0.0295,0.999,0.999,60.0,0.0167,1.0000,1.00,400,0,163.78,0,1
181.27,52,0.0192,0.0332,0.999,0.999,60.9,0.0167,1.0000,1.00,400,0,164.78,0,1
182.27,53,0.0189,0.0336,1.002,1.002,59.9,0.0167,1.0000,1.00,400,0,165.79,0,1
183.28,50,0.0203,0.0368,0.998,0.998,60.1,0.0167,1.0000,1.00,400,0,166.80,0,1
184.32,53,0.0195,0.0341,1.000,1.000,60.0,0.0167,1.0000,1.00,400,0,167.83,0,1
185.32,53,0.0190,0.0348,1.001,1.001,59.7,0.0167,1.0000,1.00,400,0,168.84,0,1
186.34,52,0.0196,0.0438,1.000,1.000,59.8,0.0167,1.0000,1.00,400,0,169.86,0,1
187.35,52,0.0194,0.0320,1.000,1.000,60.5,0.0167,1.0000,1.00,400,0,170.87,0,1
188.38,52,0.0197,0.0341,0.999,0.999,59.5,0.0167,1.0000,1.00,400,0,171.89,0,1
189.38,48,0.0210,0.1052,1.000,1.000,60.6,0.0167,1.0000,1.00,400,0,172.90,0,1
190.39,52,0.0193,0.0346,1.001,1.001,59.7,0.0167,1.0000,1.00,400,0,173.90,0,1
191.39,48,0.0209,0.0414,1.001,1.001,59.9,0.0167,1.0000,1.00,400,0,174.91,0,1
192.39,50,0.0200,0.0369,1.000,1.000,60.0,0.0167,1.0000,1.00,400,0,175.91,0,1
193.40,50,0.0202,0.0342,0.999,0.999,60.5,0.0167,1.0000,1.00,400,0,176.92,0,1
194.42,51,0.0201,0.0359,0.998,0.998,59.5,0.0167,1.0000,1.00,400,0,177.94,0,1
195.44,50,0.0203,0.0381,1.001,1.001,60.2,0.0167,1.0000,1.00,400,0,178.95,0,1
196.44,51,0.0196,0.0270,1.000,1.000,60.0,0.0167,1.0000,1.00,400,0,179.95,0,1
197.44,50,0.0202,0.0402,1.004,1.004,59.7,0.0167,1.0000,1.00,400,0,180.96,0,1
198.44,51,0.0196,0.0358,0.996,0.996,60.7,0.0167,1.0000,1.00,400,0,181.96,0,1
199.46,53,0.0192,0.0381,1.001,1.001,60.0,0.0167,1.0000,1.00,400,0,182.98,0,1
200.48,52,0.0197,0.0366,1.000,1.000,59.7,0.0167,1.0000,1.00,400,0,184.00,0,1
201.52,51,0.0203,0.0349,0.999,0.999,59.9,0.0167,1.0000,1.00,400,0,185.03,0,1
202.53,51,0.0199,0.0374,1.001,1.001,60.3,0.0167,1.0000,1.00,400,0,186.05,0,1
203.55,49,0.0207,0.0420,1.000,1.000,60.1,0.0167,1.0000,1.00,400,0,187.06,0,1
204.56,51,0.0199,0.0358,1.000,1.000,60.0,0.0167,1.0000,1.00,400,0,188.08,0,1
205.58,52,0.0196,0.0331,1.000,1.000,59.9,0.0167,1.0000,1.00,400,0,189.10,0,1
206.58,52,0.0193,0.0374,1.001,1.001,59.9,0.0167,1.0000,1.00,400,0,190.10,0,1
207.58,51,0.0196,0.0352,1.001,1.001,59.9,0.0167,1.0000,1.00,400,0,191.10,0,1
208.61,50,0.0205,0.0371,0.998,0.998,60.4,0.0167,1.0000,1.00,400,0,192.13,0,1
209.61,51,0.0197,0.0349,1.000,1.000,59.8,0.0167,1.0000,1.00,400,0,193.13,0,1
210.61,54,0.0186,0.0367,1.002,1.002,59.9,0.0167,1.0000,1.00,400,0,194.13,0,1
211.63,55,0.0185,0.0333,1.000,1.000,60.1,0.0167,1.0000,1.00,400,0,195.15,0,1
212.63,54,0.0185,0.0313,0.999,0.999,59.9,0.0167,1.0000,1.00,400,0,196.15,0,1
213.63,54,0.0186,0.0399,1.000,1.000,59.9,0.0167,1.0000,1.00,400,0,197.15,0,1
214.63,55,0.0182,0.0336,1.001,1.001,60.0,0.0167,1.0000,1.00,400,0,198.15,0,1
215.64,57,0.0177,0.0329,1.000,1.000,60.4,0.0167,1.0000,1.00,400,0,199.16,0,1
216.66,56,0.0181,0.0319,1.000,1.000,60.3,0.0167,1.0000,1.00,400,0,200.17,0,1
217.66,54,0.0187,0.0346,0.999,0.999,59.5,0.0167,1.0000,1.00,400,0,201.18,0,1
218.67,55,0.0183,0.0333,1.000,1.000,60.7,0.0167,1.0000,1.00,400,0,202.19,0,1
219.67,57,0.0177,0.0324,1.002,1.002,59.7,0.0167,1.0000,1.00,400,0,203.19,0,1
220.67,55,0.0182,0.0333,0.999,0.999,59.9,0.0167,1.0000,1.00,400,0,204.19,0,1
221.69,54,0.0188,0.0332,0.998,0.998,60.0,0.0167,1.0000,1.00,400,0,205.21,0,1
222.70,52,0.0193,0.0338,1.001,1.001,59.7,0.0167,1.0000,1.00,400,0,206.21,0,1
223.71,38,0.0267,0.0353,0.999,0.999,60.0,0.0167,1.0000,1.00,400,0,207.23,0,1
224.72,38,0.0266,0.0423,1.000,1.000,60.2,0.0167,1.0000,1.00,400,0,208.24,0,1
225.73,39,0.0255,0.0394,0.994,0.994,59.9,0.0167,1.0000,1.00,400,0,209.24,0,1
226.74,45,0.0227,0.0411,1.008,1.008,60.2,0.0167,1.0000,1.00,400,0,210.26,0,1
227.75,47,0.0216,0.0424,1.000,1.000,60.0,0.0167,1.0000,1.00,400,0,211.27,0,1
228.77,51,0.0199,0.0363,1.000,1.000,60.0,0.0167,1.0000,1.00,400,0,212.29,0,1
229.78,56,0.0180,0.0331,1.000,1.000,60.4,0.0167,1.0000,1.00,400,0,213.30,0,1
230.80,50,0.0203,0.0420,0.998,0.998,59.9,0.0167,1.0000,1.00,400,0,214.31,0,1
231.81,53,0.0192,0.0481,1.002,1.002,60.2,0.0167,1.0000,1.00,400,0,215.33,0,1
232.83,56,0.0181,0.0227,0.999,0.999,59.1,0.0167,1.0000,1.00,400,0,216.34,0,1
233.84,49,0.0208,0.0402,1.001,1.001,60.0,0.0167,1.0000,1.00,400,0,217.36,0,1
234.86,46,0.0220,0.0534,1.000,1.000,60.3,0.0167,1.0000,1.00,400,0,218.37,0,1
235.86,46,0.0219,0.0513,1.001,1.001,60.6,0.0167,1.0000,1.00,400,0,219.38,0,1
236.87,51,0.0197,0.0338,0.999,0.999,59.7,0.0167,1.0000,1.00,400,0,220.38,0,1
237.88,52,0.0195,0.0349,1.000,1.000,60.2,0.0167,1.0000,1.00,400,0,221.40,0,1
238.88,52,0.0193,0.0293,1.000,1.000,59.9,0.0167,1.0000,1.00,400,0,222.40,0,1
239.89,47,0.0215,0.0461,1.000,1.000,59.4,0.0167,1.0000,1.00,400,0,223.41,0,1
240.96,45,0.0234,0.1108,0.989,0.989,60.0,0.0167,1.0000,1.00,400,0,224.46,0,1
241.96,50,0.0203,0.0332,1.012,1.012,60.8,0.0167,1.0000,1.00,400,0,225.48,0,1
242.96,50,0.0201,0.0348,1.001,1.001,59.8,0.0167,1.0000,1.00,400,0,226.48,0,1
243.97,53,0.0191,0.0404,1.001,1.001,59.5,0.0167,1.0000,1.00,400,0,227.49,0,1
244.98,52,0.0194,0.0390,0.998,0.998,60.4,0.0167,1.0000,1.00,400,0,228.50,0,1
245.99,48,0.0209,0.0422,1.000,1.000,59.7,0.0167,1.0000,1.00,400,0,229.50,0,1
247.00,49,0.0206,0.0385,1.000,1.000,60.3,0.0167,1.0000,1.00,400,0,230.52,0,1
248.02,51,0.0199,0.0353,0.997,0.997,59.9,0.0167,1.0000,1.00,400,0,231.53,0,1
249.03,53,0.0192,0.0397,1.001,1.001,60.0,0.0167,1.0000,1.00,400,0,232.55,0,1
250.04,47,0.0214,0.0392,1.002,1.002,59.7,0.0167,1.0000,1.00,400,0,233.56,0,1
251.05,53,0.0191,0.0323,1.000,1.000,60.3,0.0167,1.0000,1.00,400,0,234.57,0,1
252.06,51,0.0199,0.0389,1.000,1.000,60.2,0.0167,1.0000,1.00,400,0,235.58,0,1
253.07,54,0.0186,0.0358,1.000,1.000,59.7,0.0167,1.0000,1.00,400,0,236.59,0,1
254.08,54,0.0188,0.0343,1.000,1.000,60.0,0.0167,1.0000,1.00,400,0,237.60,0,1
255.10,53,0.0191,0.0343,1.000,1.000,60.3,0.0167,1.0000,1.00,400,0,238.61,0,1
256.11,52,0.0195,0.0303,1.000,1.000,60.3,0.0167,1.0000,1.00,400,0,239.63,0,1
257.12,48,0.0211,0.0360,1.000,1.000,60.3,0.0167,1.0000,1.00,400,0,240.64,0,1
258.13,50,0.0203,0.0384,0.999,0.999,59.2,0.0167,1.0000,1.00,400,0,241.65,0,1
259.15,53,0.0192,0.0338,1.000,1.000,60.1,0.0167,1.0000,1.00,400,0,242.67,0,1
260.16,51,0.0198,0.0336,1.000,1.000,60.5,0.0167,1.0000,1.00,400,0,243.67,0,1
261.16,51,0.0196,0.0404,1.000,1.000,59.9,0.0167,1.0000,1.00,400,0,244.68,0,1
262.17,51,0.0199,0.0361,0.998,0.998,60.0,0.0167,1.0000,1.00,400,0,245.69,0,1
263.18,55,0.0183,0.0318,1.002,1.002,59.7,0.0167,1.0000,1.00,400,0,246.70,0,1
264.19,53,0.0190,0.0274,0.998,0.998,60.4,0.0167,1.0000,1.00,400,0,247.70,0,1
265.21,49,0.0208,0.0393,1.003,1.003,60.1,0.0167,1.0000,1.00,400,0,248.72,0,1
266.22,52,0.0195,0.0350,0.998,0.998,60.1,0.0167,1.0000,1.00,400,0,249.74,0,1
267.25,53,0.0193,0.0560,0.999,0.999,59.5,0.0167,1.0000,1.00,400,0,250.76,1,1
268.26,64,0.0159,0.0293,1.003,1.003,60.0,0.0167,1.0000,1.00,400,0,251.78,1,1
269.27,74,0.0136,0.0292,1.000,1.000,60.5,0.0167,1.0000,1.00,400,0,252.79,1,1
270.27,52,0.0193,0.0346,1.000,1.000,59.8,0.0167,1.0000,1.00,400,0,253.79,1,1
271.28,54,0.0186,0.0328,1.000,1.000,59.8,0.0167,1.0000,1.00,400,0,254.79,1,1
272.28,54,0.0186,0.0351,1.000,1.000,60.7,0.0167,1.0000,1.00,400,0,255.80,1,1
273.29,52,0.0195,0.0343,1.001,1.001,59.3,0.0167,1.0000,1.00,400,0,256.81,1,1
274.30,57,0.0177,0.0291,1.000,1.000,60.5,0.0167,1.0000,1.00,400,0,257.82,1,1
275.30,57,0.0176,0.0306,1.000,1.000,59.8,0.0167,1.0000,1.00,400,0,258.82,1,1
276.32,58,0.0175,0.0331,0.999,0.999,60.2,0.0167,1.0000,1.00,400,0,259.84,1,1
277.33,59,0.0171,0.0314,1.000,1.000,60.3,0.0167,1.0000,1.00,400,0,260.85,1,1
278.34,57,0.0178,0.0328,0.999,0.999,59.2,0.0167,1.0000,1.00,400,0,261.86,1,1
279.34,58,0.0173,0.0321,1.002,1.002,61.0,0.0167,1.0000,1.00,400,0,262.86,1,1
280.38,29,0.0357,0.0437,0.998,0.998,59.7,0.0167,1.0000,1.00,400,0,263.90,1,1
281.41,27,0.0382,0.0427,1.001,1.001,60.2,0.0167,1.0000,1.00,400,0,264.93,1,1
282.44,25,0.0409,0.0451,0.999,0.999,59.6,0.0167,1.0000,1.00,400,0,265.95,1,1
283.44,30,0.0335,0.0483,1.002,1.002,59.9,0.0167,1.0000,1.00,400,0,266.96,1,1
284.47,30,0.0346,0.0545,1.000,1.000,59.8,0.0167,1.0000,1.00,400,0,267.99,1,1
285.51,29,0.0356,0.0484,0.999,0.999,60.0,0.0167,1.0000,1.00,400,0,269.02,1,1
286.52,46,0.0220,0.0454,1.002,1.002,60.4,0.0167,1.0000,1.00,400,0,270.04,1,1
287.56,46,0.0226,0.0589,0.998,0.998,60.5,0.0167,1.0000,1.00,400,0,271.08,1,1
288.58,24,0.0427,0.0492,1.000,1.000,59.5,0.0167,1.0000,1.00,400,0,272.10,1,1
289.61,50,0.0205,0.0346,1.000,1.000,60.4,0.0167,1.0000,1.00,400,0,273.13,1,1
290.62,56,0.0180,0.0399,0.999,0.999,59.5,0.0167,1.0000,1.00,400,0,274.14,1,1
291.62,58,0.0173,0.0358,1.002,1.002,59.9,0.0167,1.0000,1.00,400,0,275.14,1,1
292.62,55,0.0182,0.0420,0.998,0.998,60.8,0.0167,1.0000,1.00,400,0,276.14,1,1
293.65,47,0.0218,0.1033,1.000,1.000,59.6,0.0167,1.0000,1.00,400,0,277.16,1,1
294.67,59,0.0173,0.0299,1.002,1.002,59.9,0.0167,1.0000,1.00,400,0,278.18,1,1
295.68,50,0.0203,0.0403,1.000,1.000,60.1,0.0167,1.0000,1.00,400,0,279.20,1,1
296.69,52,0.0194,0.0365,1.000,1.000,60.4,0.0167,1.0000,1.00,400,0,280.21,1,1
297.70,50,0.0201,0.0431,1.000,1.000,59.6,0.0167,1.0000,1.00,400,0,281.21,1,1
298.70,50,0.0201,0.0337,1.000,1.000,59.7,0.0167,1.0000,1.00,400,0,282.22,1,1
299.71,49,0.0205,0.0447,1.001,1.001,60.6,0.0167,1.0000,1.00,400,0,283.23,1,1
300.71,48,0.0209,0.0434,1.000,1.000,59.9,0.0167,1.0000,1.00,400,0,284.23,1,1
301.74,49,0.0209,0.0352,0.998,0.998,60.4,0.0167,1.0000,1.00,400,0,285.25,1,1
302.75,51,0.0198,0.0423,1.002,1.002,59.4,0.0167,1.0000,1.00,400,0,286.27,1,1
303.75,50,0.0200,0.0426,1.000,1.000,59.9,0.0167,1.0000,1.00,400,0,287.27,1,1
304.75,53,0.0189,0.0411,0.997,0.997,60.8,0.0167,1.0000,1.00,400,0,288.27,1,1
305.76,54,0.0187,0.0402,1.001,1.001,59.4,0.0167,1.0000,1.00,400,0,289.28,1,1
306.78,58,0.0176,0.0311,1.001,1.001,59.9,0.0167,1.0000,1.00,400,0,290.30,1,1
307.78,58,0.0173,0.0299,1.001,1.001,60.9,0.0167,1.0000,1.00,400,0,291.30,1,1
308.79,56,0.0179,0.0320,0.997,0.997,59.7,0.0167,1.0000,1.00,400,0,292.30,1,1
309.80,56,0.0181,0.0366,1.004,1.004,59.5,0.0167,1.0000,1.00,400,0,293.31,1,1
310.80,49,0.0205,0.0440,0.997,0.997,60.7,0.0167,1.0000,1.00,400,0,294.32,1,1
311.80,51,0.0197,0.0413,0.999,0.999,59.8,0.0167,1.0000,1.00,400,0,295.32,1,1
312.81,50,0.0201,0.0419,1.001,1.001,59.7,0.0167,1.0000,1.00,400,0,296.33,1,1
313.83,60,0.0170,0.0357,0.999,0.999,60.7,0.0167,1.0000,1.00,400,0,297.35,1,1
314.84,51,0.0197,0.0309,0.998,0.998,59.7,0.0167,1.0000,1.00,400,0,298.35,1,1
315.84,49,0.0205,0.0409,1.004,1.004,59.9,0.0167,1.0000,1.00,400,0,299.36,1,1
316.85,50,0.0202,0.0428,0.999,0.999,60.3,0.0167,1.0000,1.00,400,0,300.37,1,1
317.85,50,0.0200,0.0419,1.001,1.001,60.0,0.0167,1.0000,1.00,400,0,301.37,1,1
318.87,50,0.0203,0.0413,0.998,0.998,60.0,0.0167,1.0000,1.00,400,0,302.38,1,1
319.87,52,0.0193,0.0312,1.000,1.000,59.7,0.0167,1.0000,1.00,400,0,303.39,1,1
320.88,53,0.0190,0.0417,0.999,0.999,60.5,0.0167,1.0000,1.00,400,0,304.40,1,1
321.90,51,0.0200,0.0436,1.001,1.001,59.8,0.0167,1.0000,1.00,400,0,305.42,1,1
322.91,47,0.0214,0.0341,1.000,1.000,59.6,0.0167,1.0000,1.00,400,0,306.42,1,1
323.92,50,0.0202,0.0405,1.001,1.001,60.3,0.0167,1.0000,1.00,400,0,307.43,1,1
324.94,51,0.0201,0.0405,1.001,1.001,59.7,0.0167,1.0000,1.00,400,0,308.46,1,1
325.95,53,0.0190,0.0424,0.999,0.999,60.4,0.0167,1.0000,1.00,400,0,309.47,1,1
326.96,56,0.0181,0.0403,1.001,1.001,60.2,0.0167,1.0000,1.00,400,0,310.48,1,1
327.97,56,0.0181,0.0389,1.001,1.001,59.4,0.0167,1.0000,1.00,400,0,311.49,1,1
328.97,53,0.0189,0.0439,0.999,0.999,60.7,0.0167,1.0000,1.00,400,0,312.49,1,1
329.98,55,0.0183,0.0377,1.002,1.002,59.6,0.0167,1.0000,1.00,400,0,313.50,1,1
330.98,57,0.0175,0.0374,0.997,0.997,59.8,0.0167,1.0000,1.00,400,0,314.50,1,1
331.99,55,0.0184,0.0366,1.001,1.001,60.4,0.0167,1.0000,1.00,400,0,315.51,1,1
333.00,57,0.0176,0.0380,1.000,1.000,59.7,0.0167,1.0000,1.00,400,0,316.52,1,1
334.01,59,0.0171,0.0373,1.001,1.001,60.5,0.0167,1.0000,1.00,400,0,317.52,1,1
335.02,60,0.0168,0.0300,1.000,1.000,59.5,0.0167,1.0000,1.00,400,0,318.53,1,1
336.03,59,0.0171,0.0293,1.001,1.001,60.4,0.0167,1.0000,1.00,400,0,319.54,1,1
337.03,41,0.0243,0.2029,0.992,0.992,59.6,0.0167,1.0000,1.00,400,0,320.54,1,1
338.04,35,0.0290,0.0401,1.007,1.007,60.5,0.0167,1.0000,1.00,400,0,321.56,1,1
339.04,87,0.0115,0.0149,1.000,1.000,60.0,0.0167,1.0000,1.00,400,0,322.56,1,1
340.04,70,0.0143,0.0380,0.997,0.997,59.9,0.0167,1.0000,1.00,400,0,323.56,1,1
341.04,27,0.0372,0.0441,1.004,1.004,60.0,0.0167,1.0000,1.00,400,0,324.56,1,1
342.05,55,0.0183,0.0862,1.001,1.001,59.7,0.0167,1.0000,1.00,400,0,325.57,1,1
343.08,52,0.0198,0.0442,0.998,0.998,60.0,0.0167,1.0000,1.00,400,0,326.60,1,1
344.08,30,0.0315,0.0467,0.941,0.941,56.7,0.0167,1.0000,1.00,400,0,327.54,0,1
345.08,55,0.0193,0.0732,1.060,1.060,64.0,0.0167,1.0000,1.00,400,0,328.60,0,1
346.11,39,0.0262,0.0516,0.998,0.998,59.7,0.0167,1.0000,1.00,400,0,329.62,0,1
347.12,56,0.0182,0.0323,0.999,0.999,59.9,0.0167,1.0000,1.00,400,0,330.64,0,1
348.13,56,0.0179,0.0311,1.002,1.002,59.9,0.0167,1.0000,1.00,400,0,331.65,0,1
349.13,53,0.0190,0.0587,0.999,0.999,60.6,0.0167,1.0000,1.00,400,0,332.65,1,1
350.14,55,0.0184,0.0375,1.002,1.002,59.5,0.0167,1.0000,1.00,400,0,333.66,1,1
351.17,56,0.0183,0.0309,0.998,0.998,60.3,0.0167,1.0000,1.00,400,0,334.69,1,1
352.18,54,0.0188,0.0326,1.003,1.003,60.4,0.0167,1.0000,1.00,400,0,335.70,1,1
353.20,54,0.0188,0.0315,1.000,1.000,60.0,0.0167,1.0000,1.00,400,0,336.72,1,1
354.21,12,0.0834,0.1167,0.993,0.993,59.5,0.0167,1.0000,1.00,400,0,337.72,1,1
355.45,14,0.0877,0.2561,0.991,0.991,58.9,0.0167,1.0000,1.00,400,0,338.95,1,1
356.60,13,0.0884,0.3073,0.995,0.995,59.7,0.0167,1.0000,1.00,400,0,340.10,1,1
357.72,12,0.0945,0.2863,1.012,1.012,60.7,0.0167,1.0000,1.00,400,0,341.23,1,1
358.77,10,0.1055,0.2081,1.007,1.007,61.1,0.0167,1.0000,1.00,400,0,342.28,1,1
359.82,15,0.0690,0.1760,0.986,0.986,59.1,0.0167,1.0000,1.00,400,0,343.32,1,1
360.88,15,0.0715,0.2838,1.012,1.012,60.4,0.0167,1.0000,1.00,400,0,344.39,1,1
361.91,9,0.1081,0.5143,0.946,0.946,57.4,0.0167,1.0000,1.00,400,0,345.36,1,1
362.91,11,0.0967,0.2070,1.058,1.058,63.7,0.0167,1.0000,1.00,400,0,346.43,1,1
364.12,10,0.1177,0.3328,0.978,0.978,58.2,0.0167,1.0000,1.00,400,0,347.61,1,1
365.12,24,0.0423,0.1978,1.013,1.013,60.9,0.0167,1.0000,1.00,400,0,348.62,1,1
366.18,26,0.0414,0.0692,1.012,1.012,61.0,0.0167,1.0000,1.00,400,0,349.70,1,1
367.24,14,0.0756,0.0917,0.998,0.998,59.4,0.0167,1.0000,1.00,400,0,350.75,1,1
368.32,9,0.1169,0.3695,0.978,0.978,58.6,0.0167,1.0000,1.00,400,0,351.81,1,1
369.32,23,0.0447,0.2819,1.025,1.025,61.8,0.0167,1.0000,1.00,400,0,352.84,1,1
370.45,19,0.0590,0.1667,0.993,0.993,59.3,0.0167,1.0000,1.00,400,0,353.96,1,1
372.16,18,0.0926,0.6736,0.976,0.976,58.5,0.0167,1.0000,1.00,400,0,355.62,1,1
373.20,12,0.0906,0.1779,1.048,1.048,63.6,0.0167,1.0000,1.00,400,0,356.71,1,1
374.21,14,0.0717,0.1329,0.992,0.992,59.3,0.0167,1.0000,1.00,400,0,357.71,1,1
375.22,11,0.0924,0.1340,1.004,1.004,60.2,0.0167,1.0000,1.00,400,0,358.73,1,1
376.22,10,0.1001,0.1931,0.999,0.999,59.9,0.0167,1.0000,1.00,400,0,359.73,1,1
377.36,13,0.0870,0.1920,0.998,0.998,60.0,0.0167,1.0000,1.00,400,0,360.86,1,1
378.42,12,0.0893,0.2972,1.006,1.006,60.1,0.0167,1.0000,1.00,400,0,361.93,1,1
379.45,10,0.1034,0.4927,1.000,1.000,59.9,0.0167,1.0000,1.00,400,0,362.97,1,1
380.53,23,0.0466,0.1378,0.999,0.999,60.6,0.0167,1.0000,1.00,400,0,364.04,1,1
381.60,11,0.0976,0.1232,0.996,0.996,59.4,0.0167,1.0000,1.00,400,0,365.11,1,1
382.62,17,0.0604,0.1594,1.006,1.006,60.8,0.0167,1.0000,1.00,400,0,366.14,1,1
383.64,15,0.0677,0.0848,0.997,0.997,59.8,0.0167,1.0000,1.00,400,0,367.15,1,1
384.69,10,0.1045,0.1193,0.998,0.998,59.3,0.0167,1.0000,1.00,400,0,368.20,1,1
385.87,15,0.0784,0.1827,0.995,0.995,60.0,0.0167,1.0000,1.00,400,0,369.38,1,1
386.95,11,0.0981,0.1770,1.005,1.005,60.5,0.0167,1.0000,1.00,400,0,370.46,1,1
388.01,11,0.0964,0.1272,0.998,0.998,59.3,0.0167,1.0000,1.00,400,0,371.52,1,1
389.09,12,0.0906,0.1805,1.003,1.003,60.9,0.0167,1.0000,1.00,400,0,372.60,1,1
390.14,9,0.1152,0.2430,0.991,0.991,59.2,0.0167,1.0000,1.00,400,0,373.64,1,1
391.32,13,0.0907,0.1826,1.001,1.001,60.3,0.0167,1.0000,1.00,400,0,374.82,1,1
392.47,12,0.0962,0.1942,0.999,0.999,59.7,0.0167,1.0000,1.00,400,0,375.97,1,1
393.59,14,0.0796,0.1711,1.001,1.001,60.2,0.0167,1.0000,1.00,400,0,377.09,1,1
394.77,11,0.1073,0.2334,0.999,0.999,60.1,0.0167,1.0000,1.00,400,0,378.27,1,1
395.82,14,0.0760,0.1248,1.009,1.009,60.7,0.0167,1.0000,1.00,400,0,379.33,1,1
396.87,11,0.0960,0.1341,1.002,1.002,59.8,0.0167,1.0000,1.00,400,0,380.39,1,1
397.91,12,0.0857,0.1121,0.997,0.997,60.1,0.0167,1.0000,1.00,400,0,381.42,1,1
398.96,11,0.0962,0.1269,1.003,1.003,59.7,0.0167,1.0000,1.00,400,0,382.48,1,1
400.09,11,0.1015,0.1582,0.992,0.992,59.5,0.0167,1.0000,1.00,400,0,383.59,1,1
401.12,11,0.0935,0.1711,1.001,1.001,60.3,0.0167,1.0000,1.00,400,0,384.62,1,1
402.14,12,0.0853,0.1316,1.004,1.004,59.8,0.0167,1.0000,1.00,400,0,385.64,1,1
403.22,14,0.0775,0.1821,0.999,0.999,60.8,0.0167,1.0000,1.00,400,0,386.73,1,1
404.26,12,0.0865,0.1355,1.001,1.001,59.8,0.0167,1.0000,1.00,400,0,387.77,1,1
405.37,12,0.0930,0.1761,1.000,1.000,60.0,0.0167,1.0000,1.00,400,0,388.88,1,1
406.40,10,0.1025,0.1791,0.999,0.999,59.4,0.0167,1.0000,1.00,400,0,389.91,1,1
407.51,11,0.1003,0.1369,0.999,0.999,60.6,0.0167,1.0000,1.00,400,0,391.01,1,1
408.63,13,0.0857,0.1693,0.993,0.993,59.7,0.0167,1.0000,1.00,400,0,392.13,1,1
409.65,11,0.0939,0.1808,1.014,1.014,59.9,0.0167,1.0000,1.00,400,0,393.16,1,1
410.66,12,0.0848,0.1741,0.998,0.998,60.8,0.0167,1.0000,1.00,400,0,394.18,1,1
411.68,11,0.0926,0.3135,0.999,0.999,59.8,0.0167,1.0000,1.00,400,0,395.20,1,1
412.98,14,0.0911,0.2769,0.985,0.985,58.7,0.0167,1.0000,1.00,400,0,396.47,1,1
414.08,20,0.0554,0.1839,1.008,1.008,61.0,0.0167,1.0000,1.00,400,0,397.58,1,1
415.11,15,0.0695,0.2292,1.013,1.013,60.2,0.0167,1.0000,1.00,400,0,398.62,1,1
416.12,13,0.0783,0.5026,1.001,1.001,60.1,0.0167,1.0000,1.00,400,0,399.64,1,1
417.16,14,0.0741,0.4457,0.998,0.998,60.6,0.0167,1.0000,1.00,400,0,400.68,1,1
418.17,15,0.0669,0.0710,1.000,1.000,59.8,0.0167,1.0000,1.00,400,0,401.68,1,1
419.18,14,0.0730,0.0830,1.003,1.003,59.9,0.0167,1.0000,1.00,400,0,402.70,1,1
420.20,7,0.1413,0.2504,0.974,0.974,59.1,0.0167,1.0000,1.00,400,0,403.69,1,1
421.26,30,0.0360,0.1184,1.016,1.016,60.2,0.0167,1.0000,1.00,400,0,404.77,1,1
422.37,13,0.0850,0.1323,1.001,1.001,60.7,0.0167,1.0000,1.00,400,0,405.88,1,1
423.49,11,0.1021,0.1797,0.999,0.999,59.7,0.0167,1.0000,1.00,400,0,407.00,1,1
424.60,11,0.1012,0.1870,1.001,1.001,60.3,0.0167,1.0000,1.00,400,0,408.11,1,1
425.70,13,0.0849,0.1214,1.001,1.001,59.9,0.0167,1.0000,1.00,400,0,409.22,1,1
426.73,10,0.1024,0.1801,0.996,0.996,60.3,0.0167,1.0000,1.00,400,0,410.24,1,1
427.77,13,0.0801,0.1355,1.002,1.002,59.6,0.0167,1.0000,1.00,400,0,411.28,1,1
428.81,11,0.0944,0.1361,1.002,1.002,60.8,0.0167,1.0000,1.00,400,0,412.32,1,1
429.89,11,0.0978,0.2372,0.992,0.992,59.0,0.0167,1.0000,1.00,400,0,413.39,1,1
431.04,15,0.0772,0.1913,1.006,1.006,60.8,0.0167,1.0000,1.00,400,0,414.55,1,1
432.08,11,0.0936,0.1796,0.997,0.997,59.1,0.0167,1.0000,1.00,400,0,415.58,1,1
433.16,9,0.1207,0.1884,0.999,0.999,60.7,0.0167,1.0000,1.00,400,0,416.67,1,1
434.24,12,0.0896,0.2219,0.998,0.998,59.4,0.0167,1.0000,1.00,400,0,417.74,1,1
435.39,12,0.0957,0.1852,1.003,1.003,60.2,0.0167,1.0000,1.00,400,0,418.89,1,1
436.46,11,0.0978,0.1847,1.000,1.000,60.4,0.0167,1.0000,1.00,400,0,419.97,1,1
437.56,15,0.0732,0.1851,1.004,1.004,60.3,0.0167,1.0000,1.00,400,0,421.07,1,1
438.56,9,0.1120,0.1795,1.002,1.002,59.6,0.0167,1.0000,1.00,400,0,422.07,1,1
439.58,21,0.0483,0.1268,1.000,1.000,60.2,0.0167,1.0000,1.00,400,0,423.09,1,1
440.61,14,0.0738,0.1073,1.000,1.000,60.0,0.0167,1.0000,1.00,400,0,424.12,1,1
441.63,9,0.1120,0.2736,0.983,0.983,58.5,0.0167,1.0000,1.00,400,0,425.13,1,1
442.65,17,0.0609,0.2713,1.021,1.021,62.1,0.0167,1.0000,1.00,400,0,426.16,1,1
443.70,8,0.1305,0.4016,0.990,0.990,58.8,0.0167,1.0000,1.00,400,0,427.21,1,1
444.73,21,0.0488,0.1441,0.998,0.998,60.3,0.0167,1.0000,1.00,400,0,428.23,1,1
445.74,13,0.0787,0.1289,1.015,1.015,60.5,0.0167,1.0000,1.00,400,0,429.26,1,1
446.75,11,0.0908,0.1705,0.991,0.991,59.6,0.0167,1.0000,1.00,400,0,430.26,1,1
447.77,11,0.0929,0.1334,0.998,0.998,60.5,0.0167,1.0000,1.00,400,0,431.28,1,1
448.77,12,0.0846,0.1629,1.011,1.011,59.8,0.0167,1.0000,1.00,400,0,432.29,1,1
449.79,11,0.0910,0.1831,0.984,0.984,60.0,0.0167,1.0000,1.00,400,0,433.29,1,1
450.79,10,0.1016,0.4557,1.014,1.014,59.9,0.0167,1.0000,1.00,400,0,434.31,1,1
451.85,15,0.0699,0.2811,0.996,0.996,59.9,0.0167,1.0000,1.00,400,0,435.36,1,1
453.07,7,0.1724,0.2680,0.988,0.988,59.8,0.0167,1.0000,1.00,400,0,436.56,1,1
454.08,21,0.0489,0.1071,1.009,1.009,59.9,0.0167,1.0000,1.00,400,0,437.59,1,1
455.09,7,0.1447,0.2391,1.008,1.008,60.7,0.0167,1.0000,1.00,400,0,438.60,1,1
456.29,13,0.0911,0.2386,0.988,0.988,59.2,0.0167,1.0000,1.00,400,0,439.79,1,1
457.48,15,0.0785,0.4205,0.984,0.984,59.4,0.0167,1.0000,1.00,400,0,440.97,1,1
458.72,11,0.1128,0.2616,1.004,1.004,60.7,0.0167,1.0000,1.00,400,0,442.21,1,1
459.82,13,0.0852,0.2890,1.011,1.011,60.3,0.0167,1.0000,1.00,400,0,443.31,1,1
460.88,12,0.0887,0.1812,1.002,1.002,60.2,0.0167,1.0000,1.00,400,0,444.38,1,1
461.89,17,0.0604,0.1232,1.018,1.018,61.5,0.0167,1.0000,1.00,400,0,445.41,1,1
462.94,15,0.0695,0.1013,0.991,0.991,59.0,0.0167,1.0000,1.00,400,0,446.45,1,1
463.94,9,0.1114,0.1721,1.001,1.001,59.9,0.0167,1.0000,1.00,400,0,447.45,1,1
464.94,17,0.0593,0.2462,1.005,1.005,60.8,0.0167,1.0000,1.00,400,0,448.46,1,1
465.96,8,0.1254,0.2366,0.989,0.989,59.1,0.0167,1.0000,1.00,400,0,449.46,1,1
467.05,18,0.0605,0.1057,1.002,1.002,59.8,0.0167,1.0000,1.00,400,0,450.55,1,1
468.15,10,0.1103,0.1357,1.000,1.000,60.7,0.0167,1.0000,1.00,400,0,451.66,1,1
469.47,15,0.0862,0.5084,0.977,0.977,58.2,0.0167,1.0000,1.00,400,0,452.95,1,1
470.49,19,0.0557,0.0715,1.036,1.036,62.6,0.0167,1.0000,1.00,400,0,454.01,1,1
471.52,5,0.2045,0.4862,0.999,0.999,59.6,0.0167,1.0000,1.00,400,0,455.03,1,1
472.58,24,0.0443,0.0793,1.000,1.000,60.2,0.0167,1.0000,1.00,400,0,456.09,1,1
473.60,13,0.0788,0.1255,1.000,1.000,59.6,0.0167,1.0000,1.00,400,0,457.12,1,1
474.71,11,0.0998,0.1199,0.995,0.995,59.8,0.0167,1.0000,1.00,400,0,458.21,1,1
475.71,12,0.0832,0.1850,0.995,0.995,59.8,0.0167,1.0000,1.00,400,0,459.21,1,1
476.78,11,0.0982,0.2303,1.005,1.005,60.5,0.0167,1.0000,1.00,400,0,460.29,1,1
477.79,11,0.0394,0.2154,0.431,1.011,25.9,0.0167,1.0000,0.00,400,0,460.73,1,1
478.80,21,0.0000,0.0000,0.000,1.000,0.0,0.0167,1.0000,0.00,400,0,460.73,1,1
479.89,12,0.0000,0.0000,0.000,0.999,0.0,0.0167,1.0000,0.00,400,0,460.73,1,1
480.90,10,0.0000,0.0000,0.000,0.999,0.0,0.0167,1.0000,0.00,400,0,460.73,1,1
481.92,10,0.0000,0.0000,0.000,1.002,0.0,0.0167,1.0000,0.00,400,0,460.73,1,1
482.98,16,0.0000,0.0000,0.000,1.000,0.0,0.0167,1.0000,0.00,400,0,460.73,1,1
484.00,32,0.0000,0.0000,0.000,1.000,0.0,0.0167,1.0000,0.00,400,0,460.73,0,1
485.01,54,0.0000,0.0000,0.000,0.999,0.0,0.0167,1.0000,0.00,400,0,460.73,0,1
486.02,52,0.0000,0.0000,0.000,1.000,0.0,0.0167,1.0000,0.00,400,0,460.73,0,1
487.03,62,0.0000,0.0000,0.000,1.000,0.0,0.0167,1.0000,0.00,400,0,460.73,1,1
488.04,87,0.0000,0.0000,0.000,0.999,0.0,0.0167,1.0000,0.00,400,0,460.73,1,1
489.05,84,0.0000,0.0000,0.000,1.001,0.0,0.0167,1.0000,0.00,400,0,460.73,1,1
490.05,83,0.0000,0.0000,0.000,1.000,0.0,0.0167,1.0000,0.00,400,0,460.73,0,1
491.06,91,0.0000,0.0000,0.000,1.000,0.0,0.0167,1.0000,0.00,400,0,460.73,0,1
492.06,91,0.0000,0.0000,0.000,1.000,0.0,0.0167,1.0000,0.00,400,0,460.73,0,1
493.07,90,0.0000,0.0000,0.000,1.000,0.0,0.0167,1.0000,0.00,400,0,460.73,0,1
494.08,88,0.0000,0.0000,0.000,1.000,0.0,0.0167,1.0000,0.00,400,0,460.73,0,1
495.08,89,0.0000,0.0000,0.000,1.000,0.0,0.0167,1.0000,0.00,400,0,460.73,0,1
496.09,88,0.0000,0.0000,0.000,1.000,0.0,0.0167,1.0000,0.00,400,0,460.73,0,1
497.10,90,0.0000,0.0000,0.000,1.000,0.0,0.0167,1.0000,0.00,400,0,460.73,0,1
498.10,89,0.0000,0.0000,0.000,1.000,0.0,0.0167,1.0000,0.00,400,0,460.73,0,1
499.11,88,0.0000,0.0000,0.000,1.000,0.0,0.0167,1.0000,0.00,400,0,460.73,0,1
500.14,34,0.0000,0.0000,0.000,1.000,0.0,0.0167,1.0000,0.00,400,0,460.73,0,1
501.14,62,0.0000,0.0000,0.000,1.000,0.0,0.0167,1.0000,0.00,400,0,460.73,0,1
502.15,72,0.0000,0.0000,0.000,1.000,0.0,0.0167,1.0000,0.00,400,0,460.73,0,1
503.16,73,0.0000,0.0000,0.000,1.000,0.0,0.0167,1.0000,0.00,400,0,460.73,0,1
504.16,72,0.0000,0.0000,0.000,1.000,0.0,0.0167,1.0000,0.00,400,0,460.73,0,1
505.17,73,0.0000,0.0000,0.000,1.000,0.0,0.0167,1.0000,0.00,400,0,460.73,0,1
506.18,73,0.0000,0.0000,0.000,1.000,0.0,0.0167,1.0000,0.00,400,0,460.73,0,1
507.20,73,0.0000,0.0000,0.000,1.000,0.0,0.0167,1.0000,0.00,400,0,460.73,0,1
508.20,72,0.0000,0.0000,0.000,1.000,0.0,0.0167,1.0000,0.00,400,0,460.73,0,1
509.20,73,0.0000,0.0000,0.000,1.000,0.0,0.0167,1.0000,0.00,400,0,460.73,0,1
510.21,72,0.0000,0.0000,0.000,1.000,0.0,0.0167,1.0000,0.00,400,0,460.73,0,1
511.22,72,0.0000,0.0000,0.000,1.000,0.0,0.0167,1.0000,0.00,400,0,460.73,0,1
512.22,73,0.0000,0.0000,0.000,1.000,0.0,0.0167,1.0000,0.00,400,0,460.73,0,1
513.23,71,0.0000,0.0000,0.000,1.000,0.0,0.0167,1.0000,0.00,400,0,460.73,0,1
514.23,71,0.0000,0.0000,0.000,1.000,0.0,0.0167,1.0000,0.00,400,0,460.73,0,1
515.24,70,0.0000,0.0000,0.000,1.000,0.0,0.0167,1.0000,0.00,400,0,460.73,0,1
516.24,71,0.0000,0.0000,0.000,1.000,0.0,0.0167,1.0000,0.00,400,0,460.73,0,1
517.25,72,0.0000,0.0000,0.000,1.000,0.0,0.0167,1.0000,0.00,400,0,460.73,0,1
518.25,73,0.0000,0.0000,0.000,1.000,0.0,0.0167,1.0000,0.00,400,0,460.73,0,1
519.26,73,0.0000,0.0000,0.000,1.000,0.0,0.0167,1.0000,0.00,400,0,460.73,0,1
520.26,73,0.0000,0.0000,0.000,1.000,0.0,0.0167,1.0000,0.00,400,0,460.73,0,1
521.27,72,0.0000,0.0000,0.000,1.000,0.0,0.0167,1.0000,0.00,400,0,460.73,0,1
522.27,72,0.0000,0.0000,0.000,1.000,0.0,0.0167,1.0000,0.00,400,0,460.73,0,1
523.27,72,0.0000,0.0000,0.000,1.000,0.0,0.0167,1.0000,0.00,400,0,460.73,0,1
524.27,73,0.0000,0.0000,0.000,1.000,0.0,0.0167,1.0000,0.00,400,0,460.73,0,1
525.28,71,0.0000,0.0000,0.000,1.000,0.0,0.0167,1.0000,0.00,400,0,460.73,0,1
526.28,73,0.0000,0.0000,0.000,1.000,0.0,0.0167,1.0000,0.00,400,0,460.73,0,1
527.29,72,0.0000,0.0000,0.000,1.000,0.0,0.0167,1.0000,0.00,400,0,460.73,0,1
528.30,73,0.0000,0.0000,0.000,1.000,0.0,0.0167,1.0000,0.00,400,0,460.73,0,1
529.30,73,0.0000,0.0000,0.000,1.000,0.0,0.0167,1.0000,0.00,400,0,460.73,0,1
530.30,73,0.0000,0.0000,0.000,1.000,0.0,0.0167,1.0000,0.00,400,0,460.73,0,1
531.32,72,0.0000,0.0000,0.000,1.000,0.0,0.0167,1.0000,0.00,400,0,460.73,0,1
532.33,70,0.0000,0.0000,0.000,1.000,0.0,0.0167,1.0000,0.00,400,0,460.73,0,1
533.34,72,0.0000,0.0000,0.000,1.000,0.0,0.0167,1.0000,0.00,400,0,460.73,0,1
534.35,72,0.0000,0.0000,0.000,1.000,0.0,0.0167,1.0000,0.00,400,0,460.73,0,1
535.36,72,0.0000,0.0000,0.000,1.000,0.0,0.0167,1.0000,0.00,400,0,460.73,0,1
536.36,71,0.0000,0.0000,0.000,1.000,0.0,0.0167,1.0000,0.00,400,0,460.73,0,1
537.38,72,0.0000,0.0000,0.000,1.000,0.0,0.0167,1.0000,0.00,400,0,460.73,0,1
538.38,73,0.0000,0.0000,0.000,1.000,0.0,0.0167,1.0000,0.00,400,0,460.73,0,1
539.40,69,0.0000,0.0000,0.000,1.000,0.0,0.0167,1.0000,0.00,400,0,460.73,0,1
540.41,73,0.0000,0.0000,0.000,1.000,0.0,0.0167,1.0000,0.00,400,0,460.73,0,1
541.42,73,0.0000,0.0000,0.000,1.000,0.0,0.0167,1.0000,0.00,400,0,460.73,0,1
542.43,72,0.0000,0.0000,0.000,1.000,0.0,0.0167,1.0000,0.00,400,0,460.73,0,1
543.44,72,0.0000,0.0000,0.000,1.000,0.0,0.0167,1.0000,0.00,400,0,460.73,0,1
544.45,71,0.0000,0.0000,0.000,1.000,0.0,0.0167,1.0000,0.00,400,0,460.73,0,1
545.46,72,0.0000,0.0000,0.000,1.000,0.0,0.0167,1.0000,0.00,400,0,460.73,0,1
546.46,72,0.0000,0.0000,0.000,1.000,0.0,0.0167,1.0000,0.00,400,0,460.73,0,1
547.46,72,0.0000,0.0000,0.000,1.000,0.0,0.0167,1.0000,0.00,400,0,460.73,0,1
548.48,72,0.0000,0.0000,0.000,1.000,0.0,0.0167,1.0000,0.00,400,0,460.73,0,1
549.49,72,0.0000,0.0000,0.000,1.000,0.0,0.0167,1.0000,0.00,400,0,460.73,0,1
550.50,72,0.0000,0.0000,0.000,1.000,0.0,0.0167,1.0000,0.00,400,0,460.73,0,1
551.52,73,0.0000,0.0000,0.000,1.000,0.0,0.0167,1.0000,0.00,400,0,460.73,0,1
552.52,71,0.0000,0.0000,0.000,1.000,0.0,0.0167,1.0000,0.00,400,0,460.73,0,1
553.53,72,0.0000,0.0000,0.000,1.000,0.0,0.0167,1.0000,0.00,400,0,460.73,0,1
554.54,71,0.0000,0.0000,0.000,1.000,0.0,0.0167,1.0000,0.00,400,0,460.73,0,1
555.54,71,0.0000,0.0000,0.000,1.000,0.0,0.0167,1.0000,0.00,400,0,460.73,0,1
556.55,72,0.0000,0.0000,0.000,1.000,0.0,0.0167,1.0000,0.00,400,0,460.73,0,1
557.55,72,0.0000,0.0000,0.000,1.000,0.0,0.0167,1.0000,0.00,400,0,460.73,0,1
558.56,28,0.0000,0.0000,0.000,0.999,0.0,0.0167,1.0000,0.00,400,0,460.73,0,1
559.59,27,0.0000,0.0000,0.000,1.001,0.0,0.0167,1.0000,0.00,400,0,460.73,0,1
560.62,28,0.0000,0.0000,0.000,1.000,0.0,0.0167,1.0000,0.00,400,0,460.73,0,1
561.65,48,0.0000,0.0000,0.000,1.000,0.0,0.0167,1.0000,0.00,400,0,460.73,0,1
562.68,28,0.0000,0.0000,0.000,1.000,0.0,0.0167,1.0000,0.00,400,0,460.73,0,1
563.71,28,0.0000,0.0000,0.000,1.000,0.0,0.0167,1.0000,0.00,400,0,460.73,0,1
564.74,50,0.0000,0.0000,0.000,1.000,0.0,0.0167,1.0000,0.00,400,0,460.73,0,1
565.75,53,0.0000,0.0000,0.000,1.000,0.0,0.0167,1.0000,0.00,400,0,460.73,0,1
566.76,60,0.0000,0.0000,0.000,1.000,0.0,0.0167,1.0000,0.00,400,0,460.73,0,1
567.77,61,0.0000,0.0000,0.000,1.000,0.0,0.0167,1.0000,0.00,400,0,460.73,0,1
568.77,63,0.0000,0.0000,0.000,1.000,0.0,0.0167,1.0000,0.00,400,0,460.73,0,1
569.77,62,0.0000,0.0000,0.000,1.000,0.0,0.0167,1.0000,0.00,400,0,460.73,0,1
570.78,63,0.0000,0.0000,0.000,1.000,0.0,0.0167,1.0000,0.00,400,0,460.73,0,1
571.78,62,0.0000,0.0000,0.000,1.000,0.0,0.0167,1.0000,0.00,400,0,460.73,0,1
572.79,61,0.0000,0.0000,0.000,1.000,0.0,0.0167,1.0000,0.00,400,0,460.73,0,1
573.79,60,0.0000,0.0000,0.000,1.000,0.0,0.0167,1.0000,0.00,400,0,460.73,0,1
574.81,64,0.0000,0.0000,0.000,1.000,0.0,0.0167,1.0000,0.00,400,0,460.73,0,1
575.81,61,0.0000,0.0000,0.000,1.000,0.0,0.0167,1.0000,0.00,400,0,460.73,0,1
576.82,61,0.0000,0.0000,0.000,1.000,0.0,0.0167,1.0000,0.00,400,0,460.73,0,1
577.83,65,0.0000,0.0000,0.000,1.000,0.0,0.0167,1.0000,0.00,400,0,460.73,0,1
578.83,61,0.0000,0.0000,0.000,1.000,0.0,0.0167,1.0000,0.00,400,0,460.73,0,1
579.83,63,0.0000,0.0000,0.000,1.000,0.0,0.0167,1.0000,0.00,400,0,460.73,0,1
580.84,63,0.0000,0.0000,0.000,1.000,0.0,0.0167,1.0000,0.00,400,0,460.73,0,1
581.85,64,0.0000,0.0000,0.000,1.000,0.0,0.0167,1.0000,0.00,400,0,460.73,0,1
582.86,63,0.0000,0.0000,0.000,1.000,0.0,0.0167,1.0000,0.00,400,0,460.73,0,1
583.87,62,0.0000,0.0000,0.000,1.000,0.0,0.0167,1.0000,0.00,400,0,460.73,0,1
584.89,63,0.0000,0.0000,0.000,1.000,0.0,0.0167,1.0000,0.00,400,0,460.73,0,1
585.91,63,0.0000,0.0000,0.000,1.000,0.0,0.0167,1.0000,0.00,400,0,460.73,0,1
586.93,63,0.0000,0.0000,0.000,1.000,0.0,0.0167,1.0000,0.00,400,0,460.73,0,1
587.94,62,0.0000,0.0000,0.000,1.000,0.0,0.0167,1.0000,0.00,400,0,460.73,0,1
588.94,63,0.0000,0.0000,0.000,1.000,0.0,0.0167,1.0000,0.00,400,0,460.73,0,1
589.94,63,0.0000,0.0000,0.000,1.000,0.0,0.0167,1.0000,0.00,400,0,460.73,0,1
590.96,65,0.0000,0.0000,0.000,1.000,0.0,0.0167,1.0000,0.00,400,0,460.73,0,1
591.96,63,0.0000,0.0000,0.000,1.000,0.0,0.0167,1.0000,0.00,400,0,460.73,0,1
592.97,62,0.0000,0.0000,0.000,1.000,0.0,0.0167,1.0000,0.00,400,0,460.73,0,1
593.97,63,0.0000,0.0000,0.000,1.000,0.0,0.0167,1.0000,0.00,400,0,460.73,0,1
594.99,63,0.0000,0.0000,0.000,0.999,0.0,0.0167,1.0000,0.00,400,0,460.73,0,1
596.01,62,0.0000,0.0000,0.000,1.000,0.0,0.0167,1.0000,0.00,400,0,460.73,0,1
597.02,62,0.0000,0.0000,0.000,1.000,0.0,0.0167,1.0000,0.00,400,0,460.73,0,1
598.02,64,0.0000,0.0000,0.000,1.000,0.0,0.0167,1.0000,0.00,400,0,460.73,0,1
599.02,60,0.0000,0.0000,0.000,1.000,0.0,0.0167,1.0000,0.00,400,0,460.73,0,1
600.03,63,0.0000,0.0000,0.000,1.001,0.0,0.0167,1.0000,0.00,400,0,460.73,0,1
601.05,63,0.0000,0.0000,0.000,1.000,0.0,0.0167,1.0000,0.00,400,0,460.73,0,1
602.05,64,0.0000,0.0000,0.000,1.000,0.0,0.0167,1.0000,0.00,400,0,460.73,0,1
603.05,63,0.0000,0.0000,0.000,1.000,0.0,0.0167,1.0000,0.00,400,0,460.73,0,1
604.06,58,0.0000,0.0000,0.000,1.000,0.0,0.0167,1.0000,0.00,400,0,460.73,0,1
605.08,62,0.0000,0.0000,0.000,1.000,0.0,0.0167,1.0000,0.00,400,0,460.73,0,1
606.08,64,0.0000,0.0000,0.000,1.000,0.0,0.0167,1.0000,0.00,400,0,460.73,0,1
607.10,61,0.0000,0.0000,0.000,1.000,0.0,0.0167,1.0000,0.00,400,0,460.73,0,1
608.11,65,0.0000,0.0000,0.000,1.000,0.0,0.0167,1.0000,0.00,400,0,460.73,0,1
609.13,64,0.0000,0.0000,0.000,1.000,0.0,0.0167,1.0000,0.00,400,0,460.73,0,1
610.13,62,0.0000,0.0000,0.000,1.000,0.0,0.0167,1.0000,0.00,400,0,460.73,0,1
611.14,63,0.0000,0.0000,0.000,1.000,0.0,0.0167,1.0000,0.00,400,0,460.73,0,1
612.15,65,0.0000,0.0000,0.000,1.000,0.0,0.0167,1.0000,0.00,400,0,460.73,0,1
613.17,65,0.0000,0.0000,0.000,0.999,0.0,0.0167,1.0000,0.00,400,0,460.73,0,1
614.18,64,0.0000,0.0000,0.000,1.001,0.0,0.0167,1.0000,0.00,400,0,460.73,0,1
615.19,67,0.0000,0.0000,0.000,1.000,0.0,0.0167,1.0000,0.00,400,0,460.73,0,1
616.20,64,0.0000,0.0000,0.000,1.000,0.0,0.0167,1.0000,0.00,400,0,460.73,0,1
617.22,65,0.0000,0.0000,0.000,0.999,0.0,0.0167,1.0000,0.00,400,0,460.73,0,1
618.22,63,0.0000,0.0000,0.000,1.001,0.0,0.0167,1.0000,0.00,400,0,460.73,0,1
619.23,65,0.0000,0.0000,0.000,1.000,0.0,0.0167,1.0000,0.00,400,0,460.73,0,1
620.23,66,0.0000,0.0000,0.000,1.000,0.0,0.0167,1.0000,0.00,400,0,460.73,0,1
621.24,64,0.0000,0.0000,0.000,1.000,0.0,0.0167,1.0000,0.00,400,0,460.73,0,1
622.25,63,0.0000,0.0000,0.000,1.000,0.0,0.0167,1.0000,0.00,400,0,460.73,0,1
623.25,65,0.0000,0.0000,0.000,1.000,0.0,0.0167,1.0000,0.00,400,0,460.73,0,1
624.26,66,0.0000,0.0000,0.000,1.000,0.0,0.0167,1.0000,0.00,400,0,460.73,0,1
625.28,65,0.0000,0.0000,0.000,1.000,0.0,0.0167,1.0000,0.00,400,0,460.73,0,1
626.29,63,0.0000,0.0000,0.000,1.000,0.0,0.0167,1.0000,0.00,400,0,460.73,0,1
627.29,64,0.0000,0.0000,0.000,1.000,0.0,0.0167,1.0000,0.00,400,0,460.73,0,1
628.29,63,0.0000,0.0000,0.000,1.000,0.0,0.0167,1.0000,0.00,400,0,460.73,0,1
629.30,64,0.0000,0.0000,0.000,1.000,0.0,0.0167,1.0000,0.00,400,0,460.73,0,1
630.31,61,0.0000,0.0000,0.000,1.000,0.0,0.0167,1.0000,0.00,400,0,460.73,0,1
631.31,62,0.0000,0.0000,0.000,1.000,0.0,0.0167,1.0000,0.00,400,0,460.73,0,1
632.32,64,0.0000,0.0000,0.000,0.999,0.0,0.0167,1.0000,0.00,400,0,460.73,0,1
633.35,62,0.0000,0.0000,0.000,1.000,0.0,0.0167,1.0000,0.00,400,0,460.73,0,1
634.35,56,0.0000,0.0000,0.000,1.000,0.0,0.0167,1.0000,0.00,400,0,460.73,0,1
635.37,60,0.0000,0.0000,0.000,1.000,0.0,0.0167,1.0000,0.00,400,0,460.73,0,1
636.40,61,0.0000,0.0000,0.000,1.000,0.0,0.0167,1.0000,0.00,400,0,460.73,0,1
637.42,60,0.0000,0.0000,0.000,1.000,0.0,0.0167,1.0000,0.00,400,0,460.73,0,1
638.42,59,0.0000,0.0000,0.000,1.000,0.0,0.0167,1.0000,0.00,400,0,460.73,0,1
639.42,60,0.0000,0.0000,0.000,1.000,0.0,0.0167,1.0000,0.00,400,0,460.73,0,1
640.43,62,0.0000,0.0000,0.000,1.000,0.0,0.0167,1.0000,0.00,400,0,460.73,0,1
641.44,57,0.0000,0.0000,0.000,1.000,0.0,0.0167,1.0000,0.00,400,0,460.73,0,1
642.45,60,0.0000,0.0000,0.000,1.000,0.0,0.0167,1.0000,0.00,400,0,460.73,0,1
643.46,62,0.0000,0.0000,0.000,0.999,0.0,0.0167,1.0000,0.00,400,0,460.73,0,1
644.46,59,0.0000,0.0000,0.000,1.000,0.0,0.0167,1.0000,0.00,400,0,460.73,0,1
645.47,62,0.0000,0.0000,0.000,1.000,0.0,0.0167,1.0000,0.00,400,0,460.73,0,1
646.47,61,0.0000,0.0000,0.000,1.000,0.0,0.0167,1.0000,0.00,400,0,460.73,0,1
647.47,61,0.0000,0.0000,0.000,1.000,0.0,0.0167,1.0000,0.00,400,0,460.73,0,1
648.47,61,0.0000,0.0000,0.000,0.999,0.0,0.0167,1.0000,0.00,400,0,460.73,0,1
649.48,60,0.0000,0.0000,0.000,1.001,0.0,0.0167,1.0000,0.00,400,0,460.73,0,1
650.50,60,0.0000,0.0000,0.000,1.000,0.0,0.0167,1.0000,0.00,400,0,460.73,0,1
651.51,62,0.0000,0.0000,0.000,1.000,0.0,0.0167,1.0000,0.00,400,0,460.73,0,1
652.52,60,0.0000,0.0000,0.000,1.000,0.0,0.0167,1.0000,0.00,400,0,460.73,0,1
653.54,61,0.0000,0.0000,0.000,1.000,0.0,0.0167,1.0000,0.00,400,0,460.73,0,1
654.55,57,0.0000,0.0000,0.000,1.000,0.0,0.0167,1.0000,0.00,400,0,460.73,0,1
655.56,60,0.0000,0.0000,0.000,1.000,0.0,0.0167,1.0000,0.00,400,0,460.73,0,1
656.56,61,0.0000,0.0000,0.000,1.000,0.0,0.0167,1.0000,0.00,400,0,460.73,0,1
657.56,60,0.0000,0.0000,0.000,1.000,0.0,0.0167,1.0000,0.00,400,0,460.73,0,1
658.56,63,0.0000,0.0000,0.000,1.000,0.0,0.0167,1.0000,0.00,400,0,460.73,0,1
659.58,63,0.0000,0.0000,0.000,1.000,0.0,0.0167,1.0000,0.00,400,0,460.73,0,1
660.59,62,0.0000,0.0000,0.000,1.000,0.0,0.0167,1.0000,0.00,400,0,460.73,0,1
661.59,61,0.0000,0.0000,0.000,1.000,0.0,0.0167,1.0000,0.00,400,0,460.73,0,1
662.60,58,0.0000,0.0000,0.000,1.000,0.0,0.0167,1.0000,0.00,400,0,460.73,0,1
663.61,61,0.0000,0.0000,0.000,1.000,0.0,0.0167,1.0000,0.00,400,0,460.73,0,1
664.61,59,0.0000,0.0000,0.000,1.000,0.0,0.0167,1.0000,0.00,400,0,460.73,0,1
665.62,62,0.0000,0.0000,0.000,1.000,0.0,0.0167,1.0000,0.00,400,0,460.73,0,1
666.63,62,0.0000,0.0000,0.000,1.000,0.0,0.0167,1.0000,0.00,400,0,460.73,0,1
667.64,62,0.0000,0.0000,0.000,1.000,0.0,0.0167,1.0000,0.00,400,0,460.73,0,1
668.66,60,0.0000,0.0000,0.000,1.000,0.0,0.0167,1.0000,0.00,400,0,460.73,0,1
669.67,62,0.0000,0.0000,0.000,1.000,0.0,0.0167,1.0000,0.00,400,0,460.73,0,1
670.67,60,0.0000,0.0000,0.000,1.000,0.0,0.0167,1.0000,0.00,400,0,460.73,0,1
671.67,60,0.0000,0.0000,0.000,1.000,0.0,0.0167,1.0000,0.00,400,0,460.73,0,1
672.68,60,0.0000,0.0000,0.000,1.000,0.0,0.0167,1.0000,0.00,400,0,460.73,0,1
673.70,61,0.0000,0.0000,0.000,1.000,0.0,0.0167,1.0000,0.00,400,0,460.73,0,1
674.72,60,0.0000,0.0000,0.000,1.000,0.0,0.0167,1.0000,0.00,400,0,460.73,0,1
675.73,59,0.0000,0.0000,0.000,1.000,0.0,0.0167,1.0000,0.00,400,0,460.73,0,1
676.73,58,0.0000,0.0000,0.000,1.000,0.0,0.0167,1.0000,0.00,400,0,460.73,0,1
677.73,61,0.0000,0.0000,0.000,1.000,0.0,0.0167,1.0000,0.00,400,0,460.73,0,1
678.74,60,0.0000,0.0000,0.000,1.000,0.0,0.0167,1.0000,0.00,400,0,460.73,0,1
679.76,61,0.0000,0.0000,0.000,1.000,0.0,0.0167,1.0000,0.00,400,0,460.73,0,1
680.76,60,0.0000,0.0000,0.000,1.000,0.0,0.0167,1.0000,0.00,400,0,460.73,0,1
681.78,62,0.0000,0.0000,0.000,1.000,0.0,0.0167,1.0000,0.00,400,0,460.73,0,1
682.80,61,0.0000,0.0000,0.000,1.000,0.0,0.0167,1.0000,0.00,400,0,460.73,0,1
683.82,62,0.0000,0.0000,0.000,1.000,0.0,0.0167,1.0000,0.00,400,0,460.73,0,1
684.82,59,0.0000,0.0000,0.000,1.000,0.0,0.0167,1.0000,0.00,400,0,460.73,0,1
685.83,59,0.0000,0.0000,0.000,1.000,0.0,0.0167,1.0000,0.00,400,0,460.73,0,1
686.85,58,0.0000,0.0000,0.000,1.000,0.0,0.0167,1.0000,0.00,400,0,460.73,0,1
687.87,60,0.0000,0.0000,0.000,1.000,0.0,0.0167,1.0000,0.00,400,0,460.73,0,1
688.88,61,0.0000,0.0000,0.000,1.000,0.0,0.0167,1.0000,0.00,400,0,460.73,0,1
689.89,59,0.0000,0.0000,0.000,1.000,0.0,0.0167,1.0000,0.00,400,0,460.73,0,1
690.92,59,0.0000,0.0000,0.000,1.000,0.0,0.0167,1.0000,0.00,400,0,460.73,0,1
691.92,59,0.0000,0.0000,0.000,1.000,0.0,0.0167,1.0000,0.00,400,0,460.73,0,1
692.92,60,0.0000,0.0000,0.000,1.000,0.0,0.0167,1.0000,0.00,400,0,460.73,0,1
693.95,63,0.0000,0.0000,0.000,1.000,0.0,0.0167,1.0000,0.00,400,0,460.73,0,1
694.97,63,0.0000,0.0000,0.000,1.000,0.0,0.0167,1.0000,0.00,400,0,460.73,0,1
695.99,62,0.0000,0.0000,0.000,0.999,0.0,0.0167,1.0000,0.00,400,0,460.73,0,1
697.01,61,0.0000,0.0000,0.000,1.000,0.0,0.0167,1.0000,0.00,400,0,460.73,0,1
698.01,63,0.0000,0.0000,0.000,0.999,0.0,0.0167,1.0000,0.00,400,0,460.73,0,1
699.01,52,0.0000,0.0000,0.000,1.001,0.0,0.0167,1.0000,0.00,400,0,460.73,0,1
700.03,53,0.0000,0.0000,0.000,1.000,0.0,0.0167,1.0000,0.00,400,0,460.73,0,1
701.05,55,0.0000,0.0000,0.000,1.000,0.0,0.0167,1.0000,0.00,400,0,460.73,0,1
702.05,55,0.0000,0.0000,0.000,1.000,0.0,0.0167,1.0000,0.00,400,0,460.73,0,1
703.06,56,0.0000,0.0000,0.000,1.000,0.0,0.0167,1.0000,0.00,400,0,460.73,0,1
704.07,58,0.0000,0.0000,0.000,1.000,0.0,0.0167,1.0000,0.00,400,0,460.73,0,1
705.08,56,0.0000,0.0000,0.000,1.000,0.0,0.0167,1.0000,0.00,400,0,460.73,0,1
706.09,58,0.0000,0.0000,0.000,1.000,0.0,0.0167,1.0000,0.00,400,0,460.73,0,1
707.11,54,0.0000,0.0000,0.000,1.000,0.0,0.0167,1.0000,0.00,400,0,460.73,0,1
708.14,54,0.0000,0.0000,0.000,1.000,0.0,0.0167,1.0000,0.00,400,0,460.73,0,1
709.15,55,0.0000,0.0000,0.000,1.000,0.0,0.0167,1.0000,0.00,400,0,460.73,0,1
710.16,60,0.0000,0.0000,0.000,1.000,0.0,0.0167,1.0000,0.00,400,0,460.73,0,1
711.18,58,0.0000,0.0000,0.000,0.995,0.0,0.0167,1.0000,0.00,400,0,460.73,0,1
712.19,59,0.0000,0.0000,0.000,1.005,0.0,0.0167,1.0000,0.00,400,0,460.73,0,1
713.20,58,0.0000,0.0000,0.000,1.000,0.0,0.0167,1.0000,0.00,400,0,460.73,0,1
714.20,59,0.0000,0.0000,0.000,1.000,0.0,0.0167,1.0000,0.00,400,0,460.73,0,1
715.22,59,0.0000,0.0000,0.000,1.000,0.0,0.0167,1.0000,0.00,400,0,460.73,0,1
716.22,56,0.0000,0.0000,0.000,1.000,0.0,0.0167,1.0000,0.00,400,0,460.73,0,1
717.23,56,0.0000,0.0000,0.000,1.000,0.0,0.0167,1.0000,0.00,400,0,460.73,0,1
718.24,58,0.0000,0.0000,0.000,1.000,0.0,0.0167,1.0000,0.00,400,0,460.73,0,1
719.24,57,0.0000,0.0000,0.000,1.000,0.0,0.0167,1.0000,0.00,400,0,460.73,0,1
720.27,58,0.0000,0.0000,0.000,0.954,0.0,0.0167,1.0000,0.00,400,0,460.73,1,1
721.28,52,0.0000,0.0000,0.000,1.047,0.0,0.0167,1.0000,0.00,400,0,460.73,0,1
722.28,51,0.0000,0.0000,0.000,1.000,0.0,0.0167,1.0000,0.00,400,0,460.73,0,1
723.28,56,0.0000,0.0000,0.000,1.000,0.0,0.0167,1.0000,0.00,400,0,460.73,0,1
724.30,58,0.0000,0.0000,0.000,0.993,0.0,0.0167,1.0000,0.00,400,0,460.73,0,1
725.30,56,0.0000,0.0000,0.000,1.007,0.0,0.0167,1.0000,0.00,400,0,460.73,0,1
726.32,56,0.0000,0.0000,0.000,1.000,0.0,0.0167,1.0000,0.00,400,0,460.73,0,1
727.34,56,0.0000,0.0000,0.000,1.000,0.0,0.0167,1.0000,0.00,400,0,460.73,0,1
728.35,57,0.0000,0.0000,0.000,1.000,0.0,0.0167,1.0000,0.00,400,0,460.73,0,1
729.35,58,0.0000,0.0000,0.000,1.000,0.0,0.0167,1.0000,0.00,400,0,460.73,0,1
730.35,58,0.0000,0.0000,0.000,1.000,0.0,0.0167,1.0000,0.00,400,0,460.73,0,1
731.36,55,0.0000,0.0000,0.000,1.000,0.0,0.0167,1.0000,0.00,400,0,460.73,0,1
732.37,54,0.0000,0.0000,0.000,1.000,0.0,0.0167,1.0000,0.00,400,0,460.73,0,1
733.37,51,0.0000,0.0000,0.000,1.000,0.0,0.0167,1.0000,0.00,400,0,460.73,0,1
734.38,58,0.0000,0.0000,0.000,1.000,0.0,0.0167,1.0000,0.00,400,0,460.73,0,1
735.38,59,0.0000,0.0000,0.000,1.000,0.0,0.0167,1.0000,0.00,400,0,460.73,0,1
736.38,54,0.0000,0.0000,0.000,1.000,0.0,0.0167,1.0000,0.00,400,0,460.73,0,1
737.39,55,0.0000,0.0000,0.000,1.000,0.0,0.0167,1.0000,0.00,400,0,460.73,0,1
738.40,54,0.0000,0.0000,0.000,0.999,0.0,0.0167,1.0000,0.00,400,0,460.73,1,1
739.40,59,0.0000,0.0000,0.000,1.001,0.0,0.0167,1.0000,0.00,400,0,460.73,1,1
740.40,60,0.0000,0.0000,0.000,1.000,0.0,0.0167,1.0000,0.00,400,0,460.73,1,1
741.40,61,0.0000,0.0000,0.000,1.000,0.0,0.0167,1.0000,0.00,400,0,460.73,1,1
742.41,61,0.0000,0.0000,0.000,1.000,0.0,0.0167,1.0000,0.00,400,0,460.73,1,1
743.42,57,0.0000,0.0000,0.000,1.000,0.0,0.0167,1.0000,0.00,400,0,460.73,1,1
744.42,58,0.0000,0.0000,0.000,1.000,0.0,0.0167,1.0000,0.00,400,0,460.73,1,1
745.45,60,0.0000,0.0000,0.000,1.000,0.0,0.0167,1.0000,0.00,400,0,460.73,1,1
746.46,61,0.0000,0.0000,0.000,1.000,0.0,0.0167,1.0000,0.00,400,0,460.73,1,1
747.46,60,0.0000,0.0000,0.000,1.000,0.0,0.0167,1.0000,0.00,400,0,460.73,1,1
748.47,59,0.0000,0.0000,0.000,1.000,0.0,0.0167,1.0000,0.00,400,0,460.73,1,1
749.47,58,0.0000,0.0000,0.000,1.000,0.0,0.0167,1.0000,0.00,400,0,460.73,1,1
750.47,59,0.0000,0.0000,0.000,1.000,0.0,0.0167,1.0000,0.00,400,0,460.73,1,1
751.49,58,0.0000,0.0000,0.000,1.000,0.0,0.0167,1.0000,0.00,400,0,460.73,1,1
752.50,58,0.0000,0.0000,0.000,1.000,0.0,0.0167,1.0000,0.00,400,0,460.73,1,1
753.51,54,0.0183,0.0342,0.977,0.998,58.4,0.0167,1.0000,1.00,400,0,461.71,1,1
754.52,56,0.0181,0.0296,0.999,0.999,60.1,0.0167,1.0000,1.00,400,0,462.73,1,1
755.54,54,0.0188,0.0408,1.002,1.002,60.3,0.0167,1.0000,1.00,400,0,463.74,1,1
756.54,49,0.0205,0.0464,1.002,1.002,59.7,0.0167,1.0000,1.00,400,0,464.75,1,1
757.56,55,0.0184,0.0320,0.996,0.996,60.0,0.0167,1.0000,1.00,400,0,465.76,1,1
758.56,53,0.0190,0.0327,1.002,1.002,60.7,0.0167,1.0000,1.00,400,0,466.77,1,1
759.58,50,0.0203,0.0358,0.997,0.997,59.9,0.0167,1.0000,1.00,400,0,467.78,1,1
760.59,49,0.0207,0.0427,0.999,0.999,59.2,0.0167,1.0000,1.00,400,0,468.79,1,1
761.60,47,0.0215,0.0401,1.000,1.000,60.3,0.0167,1.0000,1.00,400,0,469.80,1,1
762.63,48,0.0213,0.0388,1.002,1.002,60.7,0.0167,1.0000,1.00,400,0,470.83,1,1
763.65,47,0.0218,0.0477,0.999,0.999,59.5,0.0167,1.0000,1.00,400,0,471.85,1,1
764.66,46,0.0219,0.0447,1.003,1.003,59.7,0.0167,1.0000,1.00,400,0,472.86,1,1
765.70,46,0.0226,0.0436,0.998,0.998,60.4,0.0167,1.0000,1.00,400,0,473.90,1,1
766.70,45,0.0223,0.0406,1.002,1.002,60.0,0.0167,1.0000,1.00,400,0,474.90,1,1
767.71,43,0.0232,0.0442,0.992,0.992,59.6,0.0167,1.0000,1.00,400,0,475.90,1,1
768.73,48,0.0214,0.0417,1.006,1.006,60.7,0.0167,1.0000,1.00,400,0,476.93,1,1
769.74,49,0.0208,0.0403,1.000,1.000,60.0,0.0167,1.0000,1.00,400,0,477.95,1,1
770.75,49,0.0205,0.0413,0.999,0.999,59.7,0.0167,1.0000,1.00,400,0,478.95,1,1
771.76,46,0.0221,0.0400,1.001,1.001,60.2,0.0167,1.0000,1.00,400,0,479.97,1,1
772.79,46,0.0223,0.0448,0.997,0.997,60.2,0.0167,1.0000,1.00,400,0,480.99,1,1
773.82,46,0.0222,0.0410,1.000,1.000,59.7,0.0167,1.0000,1.00,400,0,482.02,1,1
774.84,48,0.0213,0.0405,1.003,1.003,59.8,0.0167,1.0000,1.00,400,0,483.04,1,1
775.84,50,0.0201,0.0411,1.002,1.002,60.7,0.0167,1.0000,1.00,400,0,484.05,1,1
776.86,50,0.0202,0.0338,0.998,0.998,60.1,0.0167,1.0000,1.00,400,0,485.06,1,1
777.86,49,0.0204,0.0430,0.997,0.997,59.8,0.0167,1.0000,1.00,400,0,486.06,1,1
778.89,51,0.0203,0.0356,1.002,1.002,60.1,0.0167,1.0000,1.00,400,0,487.09,1,1
779.90,47,0.0215,0.0342,1.001,1.001,59.4,0.0167,1.0000,1.00,400,0,488.10,1,1
780.92,48,0.0212,0.0458,0.995,0.995,60.5,0.0167,1.0000,1.00,400,0,489.12,1,1
781.93,51,0.0197,0.0417,1.002,1.002,59.8,0.0167,1.0000,1.00,400,0,490.13,1,1
782.93,51,0.0199,0.0430,1.005,1.005,60.5,0.0167,1.0000,1.00,400,0,491.14,1,1
783.96,53,0.0193,0.0369,0.998,0.998,59.5,0.0167,1.0000,1.00,400,0,492.16,1,1
784.97,49,0.0207,0.0414,0.999,0.999,60.1,0.0167,1.0000,1.00,400,0,493.18,1,1
785.98,52,0.0194,0.0321,1.003,1.003,59.7,0.0167,1.0000,1.00,400,0,494.18,1,1
786.98,49,0.0205,0.0464,0.999,0.999,60.7,0.0167,1.0000,1.00,400,0,495.19,1,1
787.99,47,0.0215,0.0400,1.003,1.003,59.5,0.0167,1.0000,1.00,400,0,496.20,1,1
789.00,47,0.0214,0.0916,0.997,0.997,60.4,0.0167,1.0000,1.00,400,0,497.21,1,1
790.02,49,0.0207,0.0402,0.998,0.998,60.1,0.0167,1.0000,1.00,400,0,498.22,1,1
791.04,49,0.0210,0.0433,1.004,1.004,59.6,0.0167,1.0000,1.00,400,0,499.25,1,1
792.05,49,0.0205,0.0419,1.000,1.000,60.8,0.0167,1.0000,1.00,400,0,500.25,1,1
793.06,50,0.0202,0.0431,1.000,1.000,59.4,0.0167,1.0000,1.00,400,0,501.26,1,1
794.08,56,0.0183,0.0357,0.997,0.997,60.4,0.0167,1.0000,1.00,400,0,502.28,1,1
795.09,54,0.0186,0.0424,0.998,0.998,59.6,0.0167,1.0000,1.00,400,0,503.29,1,1
796.12,54,0.0191,0.0423,1.002,1.002,60.3,0.0167,1.0000,1.00,400,0,504.32,1,1
797.15,54,0.0191,0.0357,1.000,1.000,60.2,0.0167,1.0000,1.00,400,0,505.35,1,1
798.15,50,0.0200,0.0415,0.999,0.999,59.9,0.0167,1.0000,1.00,400,0,506.35,1,1
799.16,50,0.0203,0.0369,1.005,1.005,59.5,0.0167,1.0000,1.00,400,0,507.36,1,1
800.17,48,0.0211,0.0467,0.998,0.998,60.2,0.0167,1.0000,1.00,400,0,508.37,1,1
801.17,57,0.0176,0.0426,1.001,1.001,59.9,0.0167,1.0000,1.00,400,0,509.38,1,1
802.17,53,0.0189,0.0476,1.000,1.000,60.0,0.0167,1.0000,1.00,400,0,510.38,1,1
803.18,50,0.0202,0.0329,0.999,0.999,60.3,0.0167,1.0000,1.00,400,0,511.39,1,1
804.19,54,0.0186,0.0378,1.002,1.002,59.8,0.0167,1.0000,1.00,400,0,512.39,1,1
805.20,58,0.0174,0.0302,0.997,0.997,60.2,0.0167,1.0000,1.00,400,0,513.40,1,1
806.20,52,0.0193,0.0318,0.999,0.999,59.8,0.0167,1.0000,1.00,400,0,514.41,1,1
807.24,56,0.0184,0.0326,0.999,0.999,60.0,0.0167,1.0000,1.00,400,0,515.44,1,1
808.24,58,0.0174,0.0331,1.003,1.003,60.5,0.0167,1.0000,1.00,400,0,516.45,1,1
809.25,58,0.0174,0.0415,1.002,1.002,59.5,0.0167,1.0000,1.00,400,0,517.46,1,1
810.26,56,0.0179,0.0315,0.998,0.998,60.8,0.0167,1.0000,1.00,400,0,518.46,1,1
811.26,57,0.0177,0.0307,1.001,1.001,59.6,0.0167,1.0000,1.00,400,0,519.47,1,1
812.27,52,0.0194,0.0397,0.999,0.999,60.4,0.0167,1.0000,1.00,400,0,520.48,1,1
813.29,53,0.0192,0.0459,0.999,0.999,59.8,0.0167,1.0000,1.00,400,0,521.50,1,1
814.31,46,0.0221,0.0392,1.002,1.002,60.2,0.0167,1.0000,1.00,400,0,522.51,1,1
815.32,51,0.0199,0.0338,0.998,0.998,60.0,0.0167,1.0000,1.00,400,0,523.53,1,1
816.33,53,0.0190,0.0325,1.001,1.001,59.8,0.0167,1.0000,1.00,400,0,524.53,1,1
817.33,50,0.0201,0.0467,1.001,1.001,59.9,0.0167,1.0000,1.00,400,0,525.53,1,1
818.35,50,0.0204,0.0364,0.998,0.998,60.5,0.0167,1.0000,1.00,400,0,526.56,1,1
819.36,48,0.0210,0.0371,1.002,1.002,59.8,0.0167,1.0000,1.00,400,0,527.56,1,1
820.37,53,0.0191,0.0338,0.999,0.999,60.1,0.0167,1.0000,1.00,400,0,528.58,1,1
821.38,53,0.0191,0.0447,1.004,1.004,59.6,0.0167,1.0000,1.00,400,0,529.59,1,1
822.39,53,0.0189,0.0451,0.998,0.998,60.7,0.0167,1.0000,1.00,400,0,530.59,1,1
823.39,61,0.0165,0.0308,0.998,0.998,59.5,0.0167,1.0000,1.00,400,0,531.60,1,1
824.40,56,0.0179,0.0313,1.003,1.003,59.9,0.0167,1.0000,1.00,400,0,532.60,1,1
825.40,58,0.0173,0.0294,0.999,0.999,60.6,0.0167,1.0000,1.00,400,0,533.61,1,1
826.41,54,0.0186,0.0369,0.997,0.997,59.7,0.0167,1.0000,1.00,400,0,534.61,1,1
827.42,55,0.0184,0.0390,1.000,1.000,60.1,0.0167,1.0000,1.00,400,0,535.62,1,1
828.42,57,0.0176,0.0355,1.003,1.003,59.9,0.0167,1.0000,1.00,400,0,536.63,1,1
829.43,54,0.0186,0.0426,0.997,0.997,59.7,0.0167,1.0000,1.00,400,0,537.63,1,1
830.44,50,0.0202,0.0413,0.997,0.997,60.1,0.0167,1.0000,1.00,400,0,538.64,1,1
831.47,55,0.0187,0.0350,1.002,1.002,60.3,0.0167,1.0000,1.00,400,0,539.67,1,1
832.48,62,0.0163,0.0286,1.003,1.003,59.6,0.0167,1.0000,1.00,400,0,540.68,1,1
833.49,55,0.0184,0.0393,0.998,0.998,60.2,0.0167,1.0000,1.00,400,0,541.69,1,1
834.50,47,0.0215,0.0842,1.002,1.002,60.5,0.0167,1.0000,1.00,400,0,542.70,1,1
835.53,47,0.0217,0.0440,0.996,0.996,59.5,0.0167,1.0000,1.00,400,0,543.73,1,1
836.54,45,0.0225,0.0484,1.003,1.003,60.4,0.0167,1.0000,1.00,400,0,544.74,1,1
837.54,43,0.0233,0.0432,1.000,1.000,59.9,0.0167,1.0000,1.00,400,0,545.74,1,1
838.57,42,0.0244,0.0450,0.997,0.997,60.4,0.0167,1.0000,1.00,400,0,546.77,1,1
839.57,43,0.0235,0.0465,1.003,1.003,59.7,0.0167,1.0000,1.00,400,0,547.78,1,1
840.58,42,0.0240,0.0464,0.998,0.998,60.5,0.0167,1.0000,1.00,400,0,548.78,1,1
841.59,45,0.0225,0.0453,1.001,1.001,59.4,0.0167,1.0000,1.00,400,0,549.79,1,1
842.61,44,0.0231,0.0432,0.998,0.998,60.0,0.0167,1.0000,1.00,400,0,550.81,1,1
843.61,48,0.0210,0.0434,1.001,1.001,60.6,0.0167,1.0000,1.00,400,0,551.82,1,1
844.62,49,0.0205,0.0329,1.000,1.000,59.6,0.0167,1.0000,1.00,400,0,552.82,1,1
845.64,45,0.0226,0.0498,0.997,0.997,59.7,0.0167,1.0000,1.00,400,0,553.84,1,1
846.64,38,0.0264,0.0488,1.000,1.000,60.8,0.0167,1.0000,1.00,400,0,554.84,1,1
847.68,44,0.0235,0.0458,1.001,1.001,60.0,0.0167,1.0000,1.00,400,0,555.88,1,1
848.68,46,0.0218,0.0433,1.003,1.003,60.0,0.0167,1.0000,1.00,400,0,556.88,1,1
849.70,40,0.0256,0.0444,0.998,0.998,59.4,0.0167,1.0000,1.00,400,0,557.91,1,1
850.72,39,0.0260,0.0483,1.002,1.002,60.2,0.0167,1.0000,1.00,400,0,558.92,1,1
851.73,35,0.0289,0.0488,0.996,0.996,60.0,0.0167,1.0000,1.00,400,0,559.93,1,1
852.76,40,0.0257,0.0436,1.002,1.002,60.3,0.0167,1.0000,1.00,400,0,560.96,1,1
853.78,50,0.0203,0.0420,0.999,0.999,59.9,0.0167,1.0000,1.00,400,0,561.98,1,1
854.79,56,0.0181,0.0326,1.003,1.003,60.4,0.0167,1.0000,1.00,400,0,562.99,1,1
855.80,60,0.0168,0.0315,0.998,0.998,59.5,0.0167,1.0000,1.00,400,0,564.00,1,1
856.80,60,0.0168,0.0338,1.004,1.004,59.9,0.0167,1.0000,1.00,400,0,565.00,1,1
857.82,62,0.0165,0.0313,0.996,0.996,60.5,0.0167,1.0000,1.00,400,0,566.03,1,1
858.84,61,0.0167,0.0311,1.000,1.000,59.9,0.0167,1.0000,1.00,400,0,567.04,1,1
859.84,42,0.0238,0.0515,0.999,0.999,60.0,0.0167,1.0000,1.00,400,0,568.04,1,1
860.86,35,0.0290,0.0515,1.000,1.000,60.1,0.0167,1.0000,1.00,400,0,569.06,1,1
861.86,45,0.0223,0.0463,0.999,0.999,59.7,0.0167,1.0000,1.00,400,0,570.06,1,1
862.87,48,0.0210,0.0441,1.004,1.004,60.7,0.0167,1.0000,1.00,400,0,571.07,1,1
863.90,42,0.0244,0.0501,0.992,0.992,59.1,0.0167,1.0000,1.00,400,0,572.10,1,1
864.91,39,0.0260,0.0472,1.007,1.007,60.5,0.0167,1.0000,1.00,400,0,573.11,1,1
865.92,45,0.0225,0.0404,1.001,1.001,60.3,0.0167,1.0000,1.00,400,0,574.12,1,1
866.96,40,0.0261,0.0499,0.999,0.999,59.4,0.0167,1.0000,1.00,400,0,575.17,1,1
867.97,43,0.0233,0.0445,1.001,1.001,60.9,0.0167,1.0000,1.00,400,0,576.17,1,1
868.98,45,0.0225,0.0410,1.001,1.001,59.4,0.0167,1.0000,1.00,400,0,577.18,1,1
869.99,45,0.0224,0.0427,0.997,0.997,60.3,0.0167,1.0000,1.00,400,0,578.19,1,1
871.00,45,0.0226,0.0476,1.002,1.002,60.2,0.0167,1.0000,1.00,400,0,579.21,1,1
872.01,47,0.0214,0.0430,0.999,0.999,59.5,0.0167,1.0000,1.00,400,0,580.21,1,1
873.01,48,0.0210,0.0434,1.002,1.002,60.7,0.0167,1.0000,1.00,400,0,581.22,1,1
874.06,47,0.0221,0.0440,0.995,0.995,59.5,0.0167,1.0000,1.00,400,0,582.26,1,1
875.08,42,0.0243,0.0383,1.001,1.001,59.8,0.0167,1.0000,1.00,400,0,583.28,1,1
876.09,48,0.0211,0.0409,1.002,1.002,60.3,0.0167,1.0000,1.00,400,0,584.29,1,1
877.11,53,0.0193,0.0379,1.001,1.001,59.5,0.0167,1.0000,1.00,400,0,585.31,1,1
878.13,55,0.0185,0.0387,1.000,1.000,60.0,0.0167,1.0000,1.00,400,0,586.33,1,1
879.14,57,0.0177,0.0360,0.999,0.999,60.3,0.0167,1.0000,1.00,400,0,587.34,1,1
880.15,58,0.0175,0.0290,1.001,1.001,60.3,0.0167,1.0000,1.00,400,0,588.35,1,1
881.15,54,0.0185,0.0389,1.000,1.000,59.9,0.0167,1.0000,1.00,400,0,589.36,1,1
882.16,56,0.0179,0.0357,1.000,1.000,59.7,0.0167,1.0000,1.00,400,0,590.36,1,1
883.18,50,0.0204,0.1121,0.998,0.998,60.7,0.0167,1.0000,1.00,400,0,591.38,1,1
884.19,48,0.0210,0.0336,1.001,1.001,59.4,0.0167,1.0000,1.00,400,0,592.39,1,1
885.20,47,0.0216,0.0324,0.999,0.999,60.0,0.0167,1.0000,1.00,400,0,593.41,1,1
886.21,46,0.0218,0.0392,1.001,1.001,59.9,0.0167,1.0000,1.00,400,0,594.41,1,1
887.21,49,0.0205,0.0374,0.999,0.999,60.6,0.0167,1.0000,1.00,400,0,595.42,1,1
888.21,52,0.0193,0.0349,1.001,1.001,59.9,0.0167,1.0000,1.00,400,0,596.42,1,1
889.22,52,0.0192,0.0444,0.999,0.999,60.0,0.0167,1.0000,1.00,400,0,597.42,1,1
890.25,38,0.0265,0.2965,0.973,0.973,58.0,0.0167,1.0000,1.00,400,0,598.42,1,1
891.25,52,0.0199,0.0418,1.031,1.031,61.8,0.0167,1.0000,1.00,400,0,599.46,1,1
892.25,51,0.0196,0.0439,0.998,0.998,59.9,0.0167,1.0000,1.00,400,0,600.46,1,1
893.26,62,0.0163,0.0367,0.999,0.999,60.5,0.0167,1.0000,1.00,400,0,601.47,1,1
894.28,60,0.0169,0.0306,1.000,1.000,60.1,0.0167,1.0000,1.00,400,0,602.48,1,1
895.29,57,0.0178,0.0360,0.998,0.998,60.1,0.0167,1.0000,1.00,400,0,603.49,1,1
896.30,53,0.0190,0.0385,1.002,1.002,59.7,0.0167,1.0000,1.00,400,0,604.50,1,1
897.31,56,0.0180,0.0369,0.998,0.998,60.5,0.0167,1.0000,1.00,400,0,605.51,1,1
898.31,57,0.0176,0.0358,1.001,1.001,60.0,0.0167,1.0000,1.00,400,0,606.51,1,1
899.31,58,0.0174,0.0386,1.002,1.002,59.7,0.0167,1.0000,1.00,400,0,607.52,1,1
900.32,59,0.0170,0.0325,0.997,0.997,59.7,0.0167,1.0000,1.00,400,0,608.52,1,1
901.33,51,0.0199,0.0418,1.002,1.002,60.2,0.0167,1.0000,1.00,400,0,609.53,1,1
902.34,49,0.0206,0.0377,0.999,0.999,60.3,0.0167,1.0000,1.00,400,0,610.54,1,1
903.36,52,0.0196,0.0353,1.000,1.000,59.9,0.0167,1.0000,1.00,400,0,611.56,1,1
904.37,49,0.0207,0.0405,1.001,1.001,60.3,0.0167,1.0000,1.00,400,0,612.57,1,1
905.37,51,0.0197,0.0467,1.002,1.002,60.0,0.0167,1.0000,1.00,400,0,613.58,1,1
906.40,54,0.0189,0.0331,0.998,0.998,59.6,0.0167,1.0000,1.00,400,0,614.60,1,1
907.42,35,0.0292,0.0597,1.000,1.000,59.7,0.0167,1.0000,1.00,400,0,615.62,1,1
908.43,21,0.0481,0.0557,1.000,1.000,60.4,0.0167,1.0000,1.00,400,0,616.63,1,1
909.47,22,0.0474,0.0554,1.000,1.000,60.4,0.0167,1.0000,1.00,400,0,617.67,1,1
910.48,27,0.0374,0.0528,1.005,1.005,59.8,0.0167,1.0000,1.00,400,0,618.68,1,1
911.51,22,0.0467,0.0536,0.994,0.994,60.0,0.0167,1.0000,1.00,400,0,619.71,1,1
912.52,33,0.0308,0.0662,1.003,1.003,60.2,0.0167,1.0000,1.00,400,0,620.73,1,1
913.53,63,0.0160,0.0347,1.000,1.000,59.5,0.0167,1.0000,1.00,400,0,621.73,1,1
914.54,31,0.0323,0.0519,0.996,0.996,60.6,0.0167,1.0000,1.00,400,0,622.74,1,1
915.54,35,0.0287,0.0523,1.003,1.003,59.9,0.0167,1.0000,1.00,400,0,623.74,1,1
916.57,26,0.0397,0.0584,0.997,0.997,59.8,0.0167,1.0000,1.00,400,0,624.77,1,1
917.58,41,0.0246,0.0604,1.006,1.006,59.8,0.0167,1.0000,1.00,400,0,625.78,1,1
918.58,50,0.0201,0.0441,0.997,0.997,60.6,0.0167,1.0000,1.00,400,0,626.79,1,1
919.59,52,0.0194,0.0392,1.000,1.000,59.4,0.0167,1.0000,1.00,400,0,627.80,1,1
920.61,52,0.0195,0.0419,1.001,1.001,60.3,0.0167,1.0000,1.00,400,0,628.81,1,1
921.64,50,0.0205,0.0706,0.996,0.996,60.2,0.0167,1.0000,1.00,400,0,629.84,1,1
922.64,53,0.0190,0.0411,1.007,1.007,59.8,0.0167,1.0000,1.00,400,0,630.84,1,1
923.64,56,0.0179,0.0391,1.000,1.000,60.0,0.0167,1.0000,1.00,400,0,631.84,1,1
924.64,56,0.0178,0.0355,0.998,0.998,59.9,0.0167,1.0000,1.00,400,0,632.84,1,1
925.65,55,0.0184,0.0375,0.999,0.999,60.2,0.0167,1.0000,1.00,400,0,633.86,1,1
926.66,57,0.0177,0.0397,1.001,1.001,60.5,0.0167,1.0000,1.00,400,0,634.86,1,1
927.68,57,0.0178,0.0385,0.999,0.999,60.0,0.0167,1.0000,1.00,400,0,635.88,1,1
928.69,59,0.0172,0.0297,1.001,1.001,59.3,0.0167,1.0000,1.00,400,0,636.89,1,1
929.70,56,0.0180,0.0358,0.999,0.999,60.3,0.0167,1.0000,1.00,400,0,637.90,1,1
930.70,55,0.0183,0.0835,1.002,1.002,59.9,0.0167,1.0000,1.00,400,0,638.91,1,1
931.70,61,0.0164,0.0309,1.002,1.002,59.9,0.0167,1.0000,1.00,400,0,639.91,1,1
932.71,67,0.0150,0.0270,0.998,0.998,60.5,0.0167,1.0000,1.00,400,0,640.92,1,1
933.73,61,0.0167,0.0317,1.000,1.000,59.9,0.0167,1.0000,1.00,400,0,641.93,1,1
934.73,54,0.0185,0.0335,0.999,0.999,59.9,0.0167,1.0000,1.00,400,0,642.93,1,1
935.76,49,0.0211,0.0419,1.000,1.000,60.1,0.0167,1.0000,1.00,400,0,643.97,1,1
936.76,55,0.0183,0.0396,1.003,1.003,59.9,0.0167,1.0000,1.00,400,0,644.97,1,1
937.78,57,0.0178,0.0362,0.996,0.996,59.9,0.0167,1.0000,1.00,400,0,645.99,1,1
938.79,56,0.0180,0.0393,1.001,1.001,60.4,0.0167,1.0000,1.00,400,0,647.00,1,1
939.80,57,0.0176,0.0350,0.999,0.999,59.7,0.0167,1.0000,1.00,400,0,648.00,1,1
940.83,57,0.0181,0.0386,1.000,1.000,60.2,0.0167,1.0000,1.00,400,0,649.03,1,1
941.84,59,0.0172,0.0311,1.001,1.001,60.0,0.0167,1.0000,1.00,400,0,650.05,1,1
942.87,58,0.0177,0.0376,0.999,0.999,60.2,0.0167,1.0000,1.00,400,0,651.08,1,1
943.90,61,0.0168,0.0325,1.000,1.000,59.5,0.0167,1.0000,1.00,400,0,652.10,1,1
944.91,34,0.0299,0.0387,1.001,1.001,60.1,0.0167,1.0000,1.00,400,0,653.12,1,1
945.93,28,0.0361,0.0475,0.999,0.999,60.3,0.0167,1.0000,1.00,400,0,654.13,1,1
946.94,30,0.0338,0.0378,1.000,1.000,60.1,0.0167,1.0000,1.00,400,0,655.14,1,1
947.95,40,0.0253,0.0375,1.002,1.002,59.5,0.0167,1.0000,1.00,400,0,656.15,1,1
948.95,42,0.0239,0.0418,0.997,0.997,60.7,0.0167,1.0000,1.00,400,0,657.16,1,1
949.97,28,0.0364,0.0413,1.002,1.002,60.0,0.0167,1.0000,1.00,400,0,658.17,1,1
950.98,38,0.0267,0.0400,0.999,0.999,60.1,0.0167,1.0000,1.00,400,0,659.19,1,1
951.99,63,0.0160,0.0386,1.002,1.002,59.8,0.0167,1.0000,1.00,400,0,660.19,1,1
953.00,40,0.0251,0.0481,0.997,0.997,59.5,0.0167,1.0000,1.00,400,0,661.20,1,1
954.01,22,0.0461,0.0494,0.998,0.998,60.0,0.0167,1.0000,1.00,400,0,662.21,1,1
955.04,24,0.0427,0.0482,1.002,1.002,60.6,0.0167,1.0000,1.00,400,0,663.24,1,1
956.06,42,0.0244,0.0455,1.001,1.001,59.5,0.0167,1.0000,1.00,400,0,664.26,1,1
957.08,24,0.0425,0.0476,0.999,0.999,60.7,0.0167,1.0000,1.00,400,0,665.28,1,1
958.09,56,0.0180,0.0417,1.003,1.003,59.8,0.0167,1.0000,1.00,400,0,666.29,1,1
959.09,60,0.0168,0.0300,0.999,0.999,59.5,0.0167,1.0000,1.00,400,0,667.30,1,1
960.10,57,0.0177,0.0395,1.001,1.001,60.4,0.0167,1.0000,1.00,400,0,668.31,1,1
961.11,58,0.0173,0.0401,1.002,1.002,59.7,0.0167,1.0000,1.00,400,0,669.31,1,1
962.12,57,0.0177,0.0302,0.996,0.996,60.2,0.0167,1.0000,1.00,400,0,670.32,1,1
963.13,57,0.0177,0.0405,1.000,1.000,59.6,0.0167,1.0000,1.00,400,0,671.33,1,1
964.13,57,0.0176,0.0351,0.999,0.999,60.8,0.0167,1.0000,1.00,400,0,672.33,1,1
965.13,55,0.0183,0.0412,1.002,1.002,59.8,0.0167,1.0000,1.00,400,0,673.34,1,1
966.15,54,0.0188,0.0821,1.000,1.000,60.1,0.0167,1.0000,1.00,400,0,674.35,0,1
967.15,53,0.0189,0.0423,0.998,0.998,59.8,0.0167,1.0000,1.00,400,0,675.35,0,1
968.17,54,0.0188,0.0459,1.001,1.001,60.1,0.0167,1.0000,1.00,400,0,676.37,0,1
969.18,53,0.0190,0.0366,0.998,0.998,60.3,0.0167,1.0000,1.00,400,0,677.38,0,1
970.19,59,0.0172,0.0368,1.003,1.003,60.2,0.0167,1.0000,1.00,400,0,678.40,0,1
971.20,60,0.0168,0.0365,1.000,1.000,59.5,0.0167,1.0000,1.00,400,0,679.40,0,1
972.20,58,0.0172,0.0313,0.998,0.998,60.0,0.0167,1.0000,1.00,400,0,680.40,0,1
973.21,59,0.0171,0.0320,1.002,1.002,60.4,0.0167,1.0000,1.00,400,0,681.41,0,1
974.22,53,0.0191,0.0841,0.999,0.999,59.2,0.0167,1.0000,1.00,400,0,682.43,0,1
975.23,59,0.0171,0.0366,1.001,1.001,60.4,0.0167,1.0000,1.00,400,0,683.44,0,1
976.26,58,0.0177,0.0360,0.999,0.999,60.4,0.0167,1.0000,1.00,400,0,684.46,0,1
977.27,60,0.0170,0.0321,1.003,1.003,60.1,0.0167,1.0000,1.00,400,0,685.48,0,1
978.30,52,0.0195,0.0343,0.995,0.995,59.8,0.0167,1.0000,1.00,400,0,686.50,0,1
979.31,48,0.0211,0.0418,1.002,1.002,60.2,0.0167,1.0000,1.00,400,0,687.51,0,1
980.34,41,0.0232,0.1005,0.925,0.925,55.4,0.0167,1.0000,1.00,400,0,688.46,0,1
981.37,39,0.0283,0.1367,1.071,1.071,64.0,0.0167,1.0000,1.00,400,0,689.56,0,1
982.38,46,0.0221,0.0464,1.005,1.005,60.3,0.0167,1.0000,1.00,400,0,690.58,0,1
983.38,48,0.0209,0.0382,1.000,1.000,59.9,0.0167,1.0000,1.00,400,0,691.58,0,1
984.39,43,0.0234,0.0370,0.999,0.999,60.5,0.0167,1.0000,1.00,400,0,692.59,0,1
985.40,36,0.0278,0.0520,0.993,0.993,59.4,0.0167,1.0000,1.00,400,0,693.59,0,1
986.41,43,0.0237,0.0360,1.006,1.006,60.2,0.0167,1.0000,1.00,400,0,694.61,0,1
987.42,48,0.0210,0.0310,1.003,1.003,59.7,0.0167,1.0000,1.00,400,0,695.62,0,1
988.43,43,0.0236,0.0421,1.000,1.000,60.0,0.0167,1.0000,1.00,400,0,696.63,0,1
989.45,48,0.0211,0.0371,0.998,0.998,60.0,0.0167,1.0000,1.00,400,0,697.65,0,1
990.45,47,0.0214,0.0378,1.004,1.004,59.9,0.0167,1.0000,1.00,400,0,698.65,0,1
991.45,46,0.0217,0.0426,0.996,0.996,60.7,0.0167,1.0000,1.00,400,0,699.65,0,1
992.46,47,0.0214,0.0439,1.003,1.003,59.8,0.0167,1.0000,1.00,400,0,700.66,0,1
993.60,42,0.0270,0.1770,0.987,0.987,59.2,0.0167,1.0000,1.00,400,0,701.79,0,1
994.63,10,0.1042,0.2009,1.015,1.015,60.4,0.0167,1.0000,1.00,400,0,702.83,0,1
995.63,19,0.0527,0.1250,1.001,1.001,61.0,0.0167,1.0000,1.00,400,0,703.84,0,1
996.68,14,0.0743,0.1341,0.995,0.995,59.3,0.0167,1.0000,1.00,400,0,704.88,0,1
997.70,17,0.0597,0.2384,0.995,0.995,59.8,0.0167,1.0000,1.00,400,0,705.89,0,1
998.78,11,0.0981,0.2264,0.998,0.998,60.1,0.0167,1.0000,1.00,400,0,706.97,0,1
999.80,19,0.0537,0.1516,0.997,0.997,59.6,0.0167,1.0000,1.00,400,0,707.99,0,1
1001.12,37,0.0349,0.3217,0.977,0.977,58.3,0.0167,1.0000,1.00,400,0,709.28,0,1
1002.27,14,0.0834,0.2244,1.015,1.015,61.7,0.0167,1.0000,1.00,400,0,710.45,0,1
1003.33,37,0.0284,0.2527,0.992,0.992,59.4,0.0167,1.0000,1.00,400,0,711.50,0,1
1004.41,14,0.0785,0.2661,1.025,1.025,61.6,0.0167,1.0000,1.00,400,0,712.60,0,1
1005.46,8,0.1320,0.2755,1.005,1.005,60.0,0.0167,1.0000,1.00,400,0,713.66,0,1
1006.47,46,0.0222,0.0645,1.005,1.005,60.1,0.0167,1.0000,1.00,400,0,714.68,0,1
1007.47,51,0.0196,0.0753,0.998,0.998,59.9,0.0167,1.0000,1.00,400,0,715.67,0,1
1008.49,51,0.0200,0.0314,1.002,1.002,60.0,0.0167,1.0000,1.00,400,0,716.69,0,1
1009.50,55,0.0184,0.0295,1.000,1.000,60.4,0.0167,1.0000,1.00,400,0,717.70,0,1
1010.50,59,0.0170,0.0250,1.001,1.001,60.0,0.0167,1.0000,1.00,400,0,718.70,0,1
1011.52,60,0.0169,0.0348,1.000,1.000,60.0,0.0167,1.0000,1.00,400,0,719.72,0,1
1012.52,59,0.0170,0.0329,1.000,1.000,59.6,0.0167,1.0000,1.00,400,0,720.73,0,1
1013.52,60,0.0167,0.0256,1.001,1.001,60.8,0.0167,1.0000,1.00,400,0,721.73,0,1
1014.53,60,0.0168,0.0359,0.999,0.999,59.6,0.0167,1.0000,1.00,400,0,722.73,0,1
1015.54,59,0.0171,0.0288,1.001,1.001,59.5,0.0167,1.0000,1.00,400,0,723.74,0,1
1016.54,60,0.0168,0.0259,1.000,1.000,60.7,0.0167,1.0000,1.00,400,0,724.75,0,1
1017.56,61,0.0166,0.0231,0.995,0.995,59.8,0.0167,1.0000,1.00,400,0,725.76,0,1
1018.57,61,0.0165,0.0283,1.001,1.001,59.6,0.0167,1.0000,1.00,400,0,726.77,0,1
1019.58,60,0.0169,0.0375,1.004,1.004,60.5,0.0167,1.0000,1.00,400,0,727.78,0,1
1020.60,56,0.0182,0.0330,1.000,1.000,59.7,0.0167,1.0000,1.00,400,0,728.81,0,1
1021.61,60,0.0168,0.0305,0.999,0.999,60.4,0.0167,1.0000,1.00,400,0,729.81,0,1
1022.63,60,0.0170,0.0259,1.001,1.001,60.0,0.0167,1.0000,1.00,400,0,730.83,0,1
1023.64,59,0.0172,0.0257,0.999,0.999,60.2,0.0167,1.0000,1.00,400,0,731.85,0,1
1024.75,43,0.0255,0.1532,0.989,0.989,59.6,0.0167,1.0000,1.00,400,0,732.94,0,1
1025.76,26,0.0393,0.1478,1.012,1.012,60.4,0.0167,1.0000,1.00,400,0,733.96,0,1
1026.77,57,0.0177,0.0570,1.000,1.000,59.6,0.0167,1.0000,1.00,400,0,734.97,0,1
1027.78,62,0.0163,0.0256,1.001,1.001,60.3,0.0167,1.0000,1.00,400,0,735.98,0,1
1028.79,62,0.0163,0.0253,1.000,1.000,60.5,0.0167,1.0000,1.00,400,0,736.99,0,1
1029.79,62,0.0161,0.0273,0.999,0.999,59.9,0.0167,1.0000,1.00,400,0,737.99,0,1
1030.79,62,0.0162,0.0250,1.001,1.001,60.0,0.0167,1.0000,1.00,400,0,738.99,0,1
1031.79,59,0.0170,0.0928,1.001,1.001,59.9,0.0167,1.0000,1.00,400,0,739.99,0,1
1032.79,63,0.0159,0.0254,1.000,1.000,59.9,0.0167,1.0000,1.00,400,0,740.99,0,1
1033.87,39,0.0273,0.1549,0.989,0.989,59.5,0.0167,1.0000,1.00,400,0,742.06,0,1
1034.90,31,0.0334,0.1416,1.005,1.005,60.1,0.0167,1.0000,1.00,400,0,743.09,0,1
1035.90,11,0.0916,0.1729,1.007,1.007,60.0,0.0167,1.0000,1.00,400,0,744.10,0,1
1036.90,19,0.0525,0.1437,0.996,0.996,60.0,0.0167,1.0000,1.00,400,0,745.10,0,1
1037.90,30,0.0335,0.1626,1.001,1.001,60.8,0.0167,1.0000,1.00,400,0,746.10,0,1
1038.91,61,0.0166,0.0252,1.002,1.002,59.4,0.0167,1.0000,1.00,400,0,747.12,0,1
1039.93,61,0.0166,0.0264,0.999,0.999,60.1,0.0167,1.0000,1.00,400,0,748.13,0,1
1040.93,60,0.0168,0.0328,1.001,1.001,60.6,0.0167,1.0000,1.00,400,0,749.14,0,1
1041.94,60,0.0169,0.0248,1.001,1.001,59.4,0.0167,1.0000,1.00,400,0,750.15,0,1
1042.96,59,0.0172,0.0320,0.999,0.999,60.2,0.0167,1.0000,1.00,400,0,751.16,0,1
1043.96,61,0.0165,0.0266,1.000,1.000,60.6,0.0167,1.0000,1.00,400,0,752.17,0,1
1045.07,43,0.0254,0.1664,0.992,0.992,58.9,0.0167,1.0000,1.00,400,0,753.26,0,1
1046.21,21,0.0542,0.1392,0.995,0.995,60.3,0.0167,1.0000,1.00,400,0,754.40,0,1
1047.22,31,0.0330,0.1541,1.013,1.013,60.4,0.0167,1.0000,1.00,400,0,755.42,0,1
1048.24,50,0.0203,0.0482,1.001,1.001,60.1,0.0167,1.0000,1.00,400,0,756.44,0,1
1049.27,51,0.0202,0.0392,0.999,0.999,60.2,0.0167,1.0000,1.00,400,0,757.47,0,1
1050.28,48,0.0212,0.0462,0.999,0.999,59.9,0.0167,1.0000,1.00,400,0,758.48,0,1
1051.28,50,0.0201,0.0477,1.001,1.001,59.9,0.0167,1.0000,1.00,400,0,759.49,0,1
1052.33,49,0.0213,0.0461,0.999,0.999,60.3,0.0167,1.0000,1.00,400,0,760.53,0,1
1053.35,51,0.0200,0.0461,1.001,1.001,59.7,0.0167,1.0000,1.00,400,0,761.55,0,1
1054.38,51,0.0201,0.0380,0.999,0.999,60.4,0.0167,1.0000,1.00,400,0,762.58,0,1
1055.38,52,0.0194,0.0406,1.002,1.002,59.7,0.0167,1.0000,1.00,400,0,763.59,0,1
1056.39,48,0.0210,0.0461,1.000,1.000,59.6,0.0167,1.0000,1.00,400,0,764.59,0,1
1057.40,50,0.0201,0.0409,0.998,0.998,60.5,0.0167,1.0000,1.00,400,0,765.60,0,1
1058.40,50,0.0202,0.0399,1.003,1.003,59.6,0.0167,1.0000,1.00,400,0,766.61,0,1
1059.41,50,0.0200,0.0363,0.997,0.997,60.7,0.0167,1.0000,1.00,400,0,767.61,0,1
1060.42,50,0.0202,0.0454,0.999,0.999,59.3,0.0167,1.0000,1.00,400,0,768.62,0,1
1061.42,50,0.0201,0.0348,1.004,1.004,60.9,0.0167,1.0000,1.00,400,0,769.63,0,1
1062.44,50,0.0203,0.0394,0.999,0.999,59.1,0.0167,1.0000,1.00,400,0,770.64,0,1
1063.44,51,0.0198,0.0339,1.000,1.000,60.5,0.0167,1.0000,1.00,400,0,771.65,0,1
1064.46,49,0.0206,0.0421,0.997,0.997,59.4,0.0167,1.0000,1.00,400,0,772.66,0,1
1065.46,51,0.0198,0.0364,1.002,1.002,60.5,0.0167,1.0000,1.00,400,0,773.67,0,1
1066.48,50,0.0203,0.0348,0.998,0.998,60.0,0.0167,1.0000,1.00,400,0,774.68,0,1
1067.48,50,0.0200,0.0412,1.002,1.002,60.0,0.0167,1.0000,1.00,400,0,775.68,0,1
1068.49,50,0.0202,0.0360,1.001,1.001,60.6,0.0167,1.0000,1.00,400,0,776.69,0,1
1069.49,49,0.0205,0.0394,0.998,0.998,59.7,0.0167,1.0000,1.00,400,0,777.70,0,1
1070.50,50,0.0201,0.0365,1.001,1.001,59.9,0.0167,1.0000,1.00,400,0,778.70,0,1
1071.53,51,0.0202,0.0372,0.999,0.999,60.0,0.0167,1.0000,1.00,400,0,779.73,0,1
1072.53,50,0.0201,0.0375,1.002,1.002,59.8,0.0167,1.0000,1.00,400,0,780.74,0,1
1073.55,50,0.0203,0.0386,0.999,0.999,60.1,0.0167,1.0000,1.00,400,0,781.75,0,1
1074.55,47,0.0214,0.0400,1.001,1.001,60.6,0.0167,1.0000,1.00,400,0,782.76,0,1
1075.57,50,0.0203,0.0368,1.000,1.000,60.2,0.0167,1.0000,1.00,400,0,783.77,0,1
1076.59,49,0.0208,0.0439,0.997,0.997,59.6,0.0167,1.0000,1.00,400,0,784.79,0,1
1077.61,52,0.0196,0.0446,1.003,1.003,60.0,0.0167,1.0000,1.00,400,0,785.81,0,1
1078.62,49,0.0206,0.0449,0.998,0.998,59.4,0.0167,1.0000,1.00,400,0,786.82,0,1
1079.65,51,0.0203,0.0353,0.997,0.997,60.7,0.0167,1.0000,1.00,400,0,787.85,0,1
1080.66,51,0.0198,0.0349,1.005,1.005,59.7,0.0167,1.0000,1.00,400,0,788.86,0,1
1081.67,49,0.0206,0.0485,1.000,1.000,60.4,0.0167,1.0000,1.00,400,0,789.87,0,1
1082.69,50,0.0203,0.0367,0.998,0.998,59.9,0.0167,1.0000,1.00,400,0,790.89,0,1
1083.70,49,0.0207,0.0433,1.002,1.002,60.3,0.0167,1.0000,1.00,400,0,791.90,0,1
1084.71,50,0.0202,0.0426,0.998,0.998,59.3,0.0167,1.0000,1.00,400,0,792.91,0,1
1085.73,50,0.0203,0.0354,0.999,0.999,60.2,0.0167,1.0000,1.00,400,0,793.93,0,1
1086.76,51,0.0202,0.0355,1.000,1.000,60.1,0.0167,1.0000,1.00,400,0,794.96,0,1
1087.77,51,0.0198,0.0389,1.000,1.000,60.3,0.0167,1.0000,1.00,400,0,795.97,0,1
1088.79,46,0.0222,0.1044,1.002,1.002,59.8,0.0167,1.0000,1.00,400,0,796.99,0,1
1089.82,50,0.0207,0.0402,0.998,0.998,59.9,0.0167,1.0000,1.00,400,0,798.02,0,1
1090.82,51,0.0197,0.0433,1.005,1.005,60.0,0.0167,1.0000,1.00,400,0,799.03,0,1
1091.83,50,0.0202,0.0434,0.999,0.999,60.4,0.0167,1.0000,1.00,400,0,800.04,0,1
1092.84,49,0.0204,0.0387,0.996,0.996,59.9,0.0167,1.0000,1.00,400,0,801.04,0,1
1093.84,51,0.0197,0.0467,1.004,1.004,60.0,0.0167,1.0000,1.00,400,0,802.04,0,1
1094.84,48,0.0209,0.0430,0.999,0.999,59.8,0.0167,1.0000,1.00,400,0,803.04,0,1
1095.85,50,0.0203,0.0382,1.001,1.001,60.2,0.0167,1.0000,1.00,400,0,804.06,0,1
1096.90,51,0.0204,0.0449,0.997,0.997,60.2,0.0167,1.0000,1.00,400,0,805.10,0,1
1097.90,50,0.0202,0.0501,1.004,1.004,59.7,0.0167,1.0000,1.00,400,0,806.11,0,1
1098.91,51,0.0197,0.0376,1.000,1.000,60.7,0.0167,1.0000,1.00,400,0,807.11,0,1
1099.91,50,0.0200,0.0345,1.000,1.000,60.0,0.0167,1.0000,1.00,400,0,808.11,0,1
1100.93,50,0.0204,0.0435,0.997,0.997,59.8,0.0167,1.0000,1.00,400,0,809.13,0,1
1101.94,49,0.0207,0.0512,1.001,1.001,60.1,0.0167,1.0000,1.00,400,0,810.15,0,1
1102.97,51,0.0201,0.0390,1.001,1.001,59.5,0.0167,1.0000,1.00,400,0,811.17,0,1
1103.98,51,0.0197,0.0387,1.000,1.000,60.6,0.0167,1.0000,1.00,400,0,812.18,0,1
1104.99,49,0.0205,0.0387,0.997,0.997,59.5,0.0167,1.0000,1.00,400,0,813.19,0,1
1106.01,50,0.0206,0.0500,1.000,1.000,60.3,0.0167,1.0000,1.00,400,0,814.22,0,1
1107.02,51,0.0198,0.0383,1.002,1.002,60.5,0.0167,1.0000,1.00,400,0,815.23,0,1
1108.04,50,0.0202,0.0364,0.998,0.998,59.2,0.0167,1.0000,1.00,400,0,816.24,0,1
1109.04,48,0.0209,0.0414,1.000,1.000,60.8,0.0167,1.0000,1.00,400,0,817.24,0,1
1110.07,50,0.0205,0.0490,0.999,0.999,59.4,0.0167,1.0000,1.00,400,0,818.27,0,1
1111.07,49,0.0206,0.0473,1.003,1.003,60.7,0.0167,1.0000,1.00,400,0,819.27,0,1
1112.09,50,0.0204,0.0348,0.998,0.998,59.8,0.0167,1.0000,1.00,400,0,820.29,0,1
1113.10,49,0.0207,0.0467,1.001,1.001,60.2,0.0167,1.0000,1.00,400,0,821.31,0,1
1114.12,50,0.0203,0.0422,0.999,0.999,60.1,0.0167,1.0000,1.00,400,0,822.32,0,1
1115.14,51,0.0201,0.0340,1.002,1.002,59.7,0.0167,1.0000,1.00,400,0,823.34,0,1
1116.16,41,0.0247,0.0579,0.999,0.999,60.1,0.0167,1.0000,1.00,400,0,824.36,0,1
1117.17,49,0.0207,0.0472,1.000,1.000,60.0,0.0167,1.0000,1.00,400,0,825.38,0,1
1118.18,58,0.0174,0.0401,1.004,1.004,59.8,0.0167,1.0000,1.00,400,0,826.38,0,1
1119.20,55,0.0186,0.0488,0.995,0.995,60.3,0.0167,1.0000,1.00,400,0,827.41,0,1
1120.21,58,0.0174,0.0379,1.003,1.003,59.5,0.0167,1.0000,1.00,400,0,828.42,0,1
1121.23,57,0.0178,0.0401,1.000,1.000,60.1,0.0167,1.0000,1.00,400,0,829.43,0,1
1122.23,59,0.0170,0.0392,1.000,1.000,59.9,0.0167,1.0000,1.00,400,0,830.43,0,1
1123.24,58,0.0174,0.0387,1.000,1.000,60.4,0.0167,1.0000,1.00,400,0,831.44,0,1
1124.24,59,0.0170,0.0368,0.998,0.998,59.7,0.0167,1.0000,1.00,400,0,832.45,0,1
1125.25,58,0.0173,0.0395,1.002,1.002,60.9,0.0167,1.0000,1.00,400,0,833.45,0,1
1126.25,57,0.0176,0.0337,1.000,1.000,59.9,0.0167,1.0000,1.00,400,0,834.45,0,1
1127.25,59,0.0170,0.0364,1.000,1.000,59.9,0.0167,1.0000,1.00,400,0,835.45,0,1
1128.26,60,0.0168,0.0317,1.002,1.002,59.6,0.0167,1.0000,1.00,400,0,836.46,0,1
1129.26,61,0.0165,0.0296,0.998,0.998,60.5,0.0167,1.0000,1.00,400,0,837.47,0,1
1130.26,58,0.0172,0.0402,0.999,0.999,60.0,0.0167,1.0000,1.00,400,0,838.47,0,1
1131.26,59,0.0170,0.0391,1.000,1.000,60.0,0.0167,1.0000,1.00,400,0,839.47,0,1
1132.28,59,0.0171,0.0398,1.000,1.000,59.4,0.0167,1.0000,1.00,400,0,840.48,0,1
1133.28,59,0.0170,0.0329,1.000,1.000,60.9,0.0167,1.0000,1.00,400,0,841.48,0,1
1134.29,59,0.0171,0.0394,1.000,1.000,59.5,0.0167,1.0000,1.00,400,0,842.49,0,1
1135.31,60,0.0170,0.0305,0.998,0.998,59.8,0.0167,1.0000,1.00,400,0,843.51,0,1
1136.32,60,0.0169,0.0305,1.002,1.002,60.3,0.0167,1.0000,1.00,400,0,844.52,0,1
1137.33,59,0.0171,0.0301,1.000,1.000,60.4,0.0167,1.0000,1.00,400,0,845.53,0,1
1138.33,56,0.0179,0.0397,0.998,0.998,59.7,0.0167,1.0000,1.00,400,0,846.53,0,1
1139.34,59,0.0171,0.0368,1.004,1.004,59.6,0.0167,1.0000,1.00,400,0,847.54,0,1
1140.35,58,0.0174,0.0296,0.999,0.999,60.4,0.0167,1.0000,1.00,400,0,848.55,0,1
1141.37,55,0.0186,0.0910,1.000,1.000,59.7,0.0167,1.0000,1.00,400,0,849.57,0,1
1142.37,58,0.0173,0.0319,1.001,1.001,59.9,0.0167,1.0000,1.00,400,0,850.58,0,1
1143.37,57,0.0176,0.0379,0.998,0.998,60.8,0.0167,1.0000,1.00,400,0,851.58,0,1
1144.38,59,0.0171,0.0324,1.000,1.000,59.5,0.0167,1.0000,1.00,400,0,852.59,0,1
1145.40,59,0.0173,0.0361,0.999,0.999,59.7,0.0167,1.0000,1.00,400,0,853.61,0,1
1146.42,58,0.0175,0.0337,0.999,0.999,60.2,0.0167,1.0000,1.00,400,0,854.62,0,1
1147.44,59,0.0173,0.0407,1.001,1.001,59.9,0.0167,1.0000,1.00,400,0,855.64,0,1
1148.44,57,0.0176,0.0391,1.001,1.001,60.7,0.0167,1.0000,1.00,400,0,856.64,0,1
1149.44,58,0.0172,0.0326,0.999,0.999,59.9,0.0167,1.0000,1.00,400,0,857.64,0,1
1150.47,60,0.0171,0.0380,1.002,1.002,59.5,0.0167,1.0000,1.00,400,0,858.67,0,1
1151.48,58,0.0174,0.0312,0.999,0.999,60.4,0.0167,1.0000,1.00,400,0,859.68,0,1
1152.50,60,0.0170,0.0296,1.000,1.000,59.8,0.0167,1.0000,1.00,400,0,860.70,0,1
1153.51,57,0.0178,0.0326,1.001,1.001,60.0,0.0167,1.0000,1.00,400,0,861.72,0,1
1154.51,59,0.0170,0.0311,1.002,1.002,59.9,0.0167,1.0000,1.00,400,0,862.72,0,1
1155.52,57,0.0176,0.0324,0.998,0.998,60.5,0.0167,1.0000,1.00,400,0,863.73,0,1
1156.53,58,0.0174,0.0411,1.000,1.000,59.5,0.0167,1.0000,1.00,400,0,864.73,0,1
1157.53,57,0.0176,0.0329,1.001,1.001,60.9,0.0167,1.0000,1.00,400,0,865.74,0,1
1158.55,61,0.0166,0.0305,0.999,0.999,59.2,0.0167,1.0000,1.00,400,0,866.75,0,1
1159.56,60,0.0169,0.0326,1.000,1.000,60.2,0.0167,1.0000,1.00,400,0,867.76,0,1
1160.56,58,0.0173,0.0312,1.001,1.001,59.7,0.0167,1.0000,1.00,400,0,868.77,0,1
1161.57,58,0.0174,0.0316,0.998,0.998,60.3,0.0167,1.0000,1.00,400,0,869.78,0,1
1162.59,59,0.0172,0.0319,0.999,0.999,60.0,0.0167,1.0000,1.00,400,0,870.79,0,1
1163.59,57,0.0176,0.0333,1.004,1.004,60.0,0.0167,1.0000,1.00,400,0,871.80,0,1
1164.62,60,0.0171,0.0307,0.998,0.998,60.3,0.0167,1.0000,1.00,400,0,872.82,0,1
1165.63,59,0.0171,0.0341,1.001,1.001,59.6,0.0167,1.0000,1.00,400,0,873.83,0,1
1166.65,60,0.0170,0.0299,1.000,1.000,59.8,0.0167,1.0000,1.00,400,0,874.85,0,1
1167.68,60,0.0171,0.0307,0.998,0.998,60.2,0.0167,1.0000,1.00,400,0,875.88,0,1
1168.69,58,0.0175,0.0319,1.002,1.002,60.2,0.0167,1.0000,1.00,400,0,876.89,0,1
1169.70,58,0.0174,0.0376,0.998,0.998,60.2,0.0167,1.0000,1.00,400,0,877.90,0,1
1170.72,59,0.0172,0.0312,1.000,1.000,60.2,0.0167,1.0000,1.00,400,0,878.92,0,1
1171.72,60,0.0168,0.0313,1.002,1.002,59.6,0.0167,1.0000,1.00,400,0,879.93,0,1
1172.73,55,0.0183,0.0402,1.000,1.000,60.5,0.0167,1.0000,1.00,400,0,880.93,0,1
1173.75,58,0.0176,0.0302,0.998,0.998,59.6,0.0167,1.0000,1.00,400,0,881.96,0,1
1174.77,59,0.0172,0.0397,1.002,1.002,60.3,0.0167,1.0000,1.00,400,0,882.97,0,1
1175.77,59,0.0170,0.0301,1.000,1.000,59.8,0.0167,1.0000,1.00,400,0,883.97,0,1
1176.78,58,0.0174,0.0306,1.001,1.001,60.4,0.0167,1.0000,1.00,400,0,884.98,0,1
1177.78,59,0.0169,0.0305,0.999,0.999,60.0,0.0167,1.0000,1.00,400,0,885.98,0,1
1178.78,58,0.0173,0.0371,1.001,1.001,60.0,0.0167,1.0000,1.00,400,0,886.98,0,1
1179.79,38,0.0266,0.0447,0.999,0.999,59.3,0.0167,1.0000,1.00,400,0,887.99,0,1
1180.81,24,0.0424,0.0452,0.999,0.999,60.8,0.0167,1.0000,1.00,400,0,889.01,0,1
1181.83,24,0.0426,0.0464,1.001,1.001,59.7,0.0167,1.0000,1.00,400,0,890.03,0,1
1182.85,24,0.0425,0.0458,1.000,1.000,59.8,0.0167,1.0000,1.00,400,0,891.05,0,1
1183.87,44,0.0232,0.0463,1.000,1.000,59.9,0.0167,1.0000,1.00,400,0,892.07,0,1
1184.88,40,0.0252,0.0446,1.001,1.001,60.5,0.0167,1.0000,1.00,400,0,893.08,0,1
1185.90,41,0.0248,0.0437,0.999,0.999,59.9,0.0167,1.0000,1.00,400,0,894.10,0,1
1186.90,44,0.0229,0.0435,1.003,1.003,59.8,0.0167,1.0000,1.00,400,0,895.11,0,1
1187.94,38,0.0272,0.0448,0.996,0.996,60.6,0.0167,1.0000,1.00,400,0,896.14,0,1
1188.94,40,0.0250,0.0423,1.001,1.001,60.0,0.0167,1.0000,1.00,400,0,897.14,0,1
1189.95,38,0.0266,0.0442,1.002,1.002,59.5,0.0167,1.0000,1.00,400,0,898.15,0,1
1190.97,41,0.0247,0.0435,0.998,0.998,60.0,0.0167,1.0000,1.00,400,0,899.17,0,1
1191.97,44,0.0228,0.0428,1.002,1.002,60.0,0.0167,1.0000,1.00,400,0,900.17,0,1
1192.98,38,0.0267,0.0432,0.998,0.998,60.0,0.0167,1.0000,1.00,400,0,901.18,0,1
1194.07,47,0.0230,0.0828,0.997,0.997,60.0,0.0167,1.0000,1.00,400,0,902.26,0,1
1195.08,38,0.0269,0.0443,1.004,1.004,60.0,0.0167,1.0000,1.00,400,0,903.29,0,1
1196.09,72,0.0140,0.0415,1.001,1.001,60.4,0.0167,1.0000,1.00,400,0,904.30,0,1
1197.09,29,0.0345,0.0446,0.999,0.999,60.0,0.0167,1.0000,1.00,400,0,905.30,0,1
1198.11,31,0.0328,0.0449,1.001,1.001,60.0,0.0167,1.0000,1.00,400,0,906.31,0,1
1199.13,24,0.0423,0.0446,1.000,1.000,60.0,0.0167,1.0000,1.00,400,0,907.33,0,1
1200.15,57,0.0179,0.0442,0.999,0.999,59.6,0.0167,1.0000,1.00,400,0,908.35,0,1
1201.16,34,0.0297,0.0438,1.002,1.002,60.6,0.0167,1.0000,1.00,400,0,909.36,0,1
1202.18,41,0.0249,0.0447,0.999,0.999,59.7,0.0167,1.0000,1.00,400,0,910.38,0,1
1203.19,61,0.0166,0.0310,1.000,1.000,60.3,0.0167,1.0000,1.00,400,0,911.39,0,1
1204.21,60,0.0170,0.0302,1.000,1.000,59.9,0.0167,1.0000,1.00,400,0,912.41,0,1
1205.23,60,0.0170,0.0391,1.002,1.002,59.9,0.0167,1.0000,1.00,400,0,913.43,0,1
1206.24,60,0.0168,0.0308,1.000,1.000,60.5,0.0167,1.0000,1.00,400,0,914.44,0,1
1207.25,58,0.0175,0.0314,0.999,0.999,60.2,0.0167,1.0000,1.00,400,0,915.45,0,1
1208.28,59,0.0174,0.0311,1.001,1.001,59.4,0.0167,1.0000,1.00,400,0,916.48,0,1
1209.29,60,0.0169,0.0309,1.000,1.000,60.1,0.0167,1.0000,1.00,400,0,917.50,0,1
1210.30,59,0.0170,0.0397,0.999,0.999,60.7,0.0167,1.0000,1.00,400,0,918.50,0,1
1211.31,61,0.0165,0.0303,1.000,1.000,59.5,0.0167,1.0000,1.00,400,0,919.51,0,1
1212.31,57,0.0176,0.0335,0.999,0.999,59.8,0.0167,1.0000,1.00,400,0,920.51,0,1
1213.32,59,0.0172,0.0311,1.001,1.001,60.2,0.0167,1.0000,1.00,400,0,921.52,0,1
1214.35,61,0.0169,0.0398,1.001,1.001,60.1,0.0167,1.0000,1.00,400,0,922.56,0,1
1215.37,61,0.0166,0.0316,1.001,1.001,60.2,0.0167,1.0000,1.00,400,0,923.57,0,1
1216.39,60,0.0169,0.0304,0.997,0.997,60.0,0.0167,1.0000,1.00,400,0,924.59,0,1
1217.40,57,0.0178,0.0388,1.000,1.000,60.3,0.0167,1.0000,1.00,400,0,925.60,0,1
1218.41,59,0.0172,0.0392,0.999,0.999,60.0,0.0167,1.0000,1.00,400,0,926.61,0,1
1219.42,59,0.0172,0.0315,1.005,1.005,59.5,0.0167,1.0000,1.00,400,0,927.63,0,1
1220.46,60,0.0172,0.0401,0.996,0.996,59.9,0.0167,1.0000,1.00,400,0,928.66,0,1
1221.46,58,0.0173,0.0322,1.003,1.003,60.8,0.0167,1.0000,1.00,400,0,929.66,0,1
1222.48,59,0.0173,0.0394,0.998,0.998,59.8,0.0167,1.0000,1.00,400,0,930.68,0,1
1223.48,58,0.0173,0.0395,1.002,1.002,60.0,0.0167,1.0000,1.00,400,0,931.68,0,1
1224.49,59,0.0171,0.0405,0.999,0.999,59.4,0.0167,1.0000,1.00,400,0,932.69,0,1
1225.50,60,0.0169,0.0306,0.999,0.999,60.1,0.0167,1.0000,1.00,400,0,933.71,0,1
1226.51,60,0.0168,0.0322,1.002,1.002,60.6,0.0167,1.0000,1.00,400,0,934.72,0,1
1227.52,58,0.0173,0.0357,0.999,0.999,59.7,0.0167,1.0000,1.00,400,0,935.72,0,1
1228.52,61,0.0165,0.0316,1.000,1.000,60.5,0.0167,1.0000,1.00,400,0,936.73,0,1
1229.54,59,0.0173,0.0320,0.999,0.999,59.9,0.0167,1.0000,1.00,400,0,937.75,0,1
1230.55,58,0.0173,0.0396,1.000,1.000,59.9,0.0167,1.0000,1.00,400,0,938.75,0,1
1231.56,57,0.0177,0.0398,1.001,1.001,60.4,0.0167,1.0000,1.00,400,0,939.76,0,1
1232.57,58,0.0174,0.0367,0.999,0.999,59.3,0.0167,1.0000,1.00,400,0,940.77,0,1
1233.58,59,0.0172,0.0391,1.001,1.001,60.0,0.0167,1.0000,1.00,400,0,941.79,0,1
1234.59,57,0.0177,0.0390,0.999,0.999,60.4,0.0167,1.0000,1.00,400,0,942.80,0,1
1235.62,59,0.0173,0.0327,0.998,0.998,59.7,0.0167,1.0000,1.00,400,0,943.82,0,1
1236.63,58,0.0175,0.0345,1.002,1.002,60.2,0.0167,1.0000,1.00,400,0,944.83,0,1
1237.64,58,0.0174,0.0401,0.999,0.999,60.4,0.0167,1.0000,1.00,400,0,945.84,0,1
1238.64,57,0.0176,0.0376,1.000,1.000,60.0,0.0167,1.0000,1.00,400,0,946.84,0,1
1239.65,59,0.0171,0.0337,1.000,1.000,59.6,0.0167,1.0000,1.00,400,0,947.85,0,1
1240.65,59,0.0170,0.0304,1.001,1.001,59.9,0.0167,1.0000,1.00,400,0,948.85,0,1
1241.67,60,0.0171,0.0354,0.999,0.999,60.3,0.0167,1.0000,1.00,400,0,949.88,0,1
1242.69,59,0.0172,0.0381,1.000,1.000,60.2,0.0167,1.0000,1.00,400,0,950.89,0,1
1243.69,60,0.0168,0.0396,1.001,1.001,59.7,0.0167,1.0000,1.00,400,0,951.90,0,1
1244.71,56,0.0181,0.0903,0.999,0.999,60.1,0.0167,1.0000,1.00,400,0,952.91,0,1
1245.72,60,0.0168,0.0375,1.001,1.001,60.5,0.0167,1.0000,1.00,400,0,953.92,0,1
1246.73,57,0.0178,0.0349,0.999,0.999,60.0,0.0167,1.0000,1.00,400,0,954.94,0,1
1247.75,59,0.0172,0.0402,1.001,1.001,59.3,0.0167,1.0000,1.00,400,0,955.95,0,1
1248.76,60,0.0169,0.0316,1.000,1.000,60.2,0.0167,1.0000,1.00,400,0,956.96,0,1
1249.78,59,0.0173,0.0337,0.998,0.998,60.6,0.0167,1.0000,1.00,400,0,957.98,0,1
1250.78,59,0.0170,0.0305,1.003,1.003,60.0,0.0167,1.0000,1.00,400,0,958.99,0,1
1251.79,59,0.0171,0.0332,0.999,0.999,59.4,0.0167,1.0000,1.00,400,0,960.00,0,1
1252.80,56,0.0179,0.0390,1.000,1.000,60.8,0.0167,1.0000,1.00,400,0,961.00,0,1
1253.81,60,0.0168,0.0317,1.000,1.000,59.4,0.0167,1.0000,1.00,400,0,962.01,0,1
1254.82,60,0.0169,0.0308,1.000,1.000,60.1,0.0167,1.0000,1.00,400,0,963.03,0,1
1255.83,59,0.0170,0.0300,0.998,0.998,60.6,0.0167,1.0000,1.00,400,0,964.03,0,1
1256.83,59,0.0170,0.0299,1.002,1.002,59.9,0.0167,1.0000,1.00,400,0,965.03,0,1
1257.83,57,0.0176,0.0395,1.000,1.000,60.0,0.0167,1.0000,1.00,400,0,966.04,0,1
1258.84,57,0.0177,0.0414,1.000,1.000,60.3,0.0167,1.0000,1.00,400,0,967.05,0,1
1259.85,58,0.0174,0.0332,0.999,0.999,59.3,0.0167,1.0000,1.00,400,0,968.06,0,1
1260.86,59,0.0171,0.0320,1.000,1.000,60.5,0.0167,1.0000,1.00,400,0,969.06,0,1
1261.87,58,0.0174,0.0307,1.001,1.001,59.6,0.0167,1.0000,1.00,400,0,970.07,0,1
1262.89,60,0.0170,0.0293,1.000,1.000,59.8,0.0167,1.0000,1.00,400,0,971.09,0,1
1263.91,59,0.0172,0.0339,1.000,1.000,60.0,0.0167,1.0000,1.00,400,0,972.11,0,1
1264.91,58,0.0173,0.0387,1.001,1.001,60.9,0.0167,1.0000,1.00,400,0,973.11,0,1
1265.91,59,0.0170,0.0386,1.000,1.000,60.0,0.0167,1.0000,1.00,400,0,974.11,0,1
1266.91,59,0.0170,0.0405,1.000,1.000,59.9,0.0167,1.0000,1.00,400,0,975.11,0,1
1267.94,58,0.0177,0.0417,0.999,0.999,59.5,0.0167,1.0000,1.00,400,0,976.14,0,1
1268.95,59,0.0171,0.0332,1.001,1.001,60.4,0.0167,1.0000,1.00,400,0,977.15,0,1
1269.95,58,0.0172,0.0358,0.998,0.998,59.8,0.0167,1.0000,1.00,400,0,978.15,0,1
1270.96,59,0.0172,0.0311,1.000,1.000,60.2,0.0167,1.0000,1.00,400,0,979.16,0,1
1271.97,58,0.0174,0.0302,1.002,1.002,59.5,0.0167,1.0000,1.00,400,0,980.17,0,1
1272.97,58,0.0172,0.0405,0.999,0.999,60.9,0.0167,1.0000,1.00,400,0,981.17,0,1
1273.98,59,0.0171,0.0305,1.001,1.001,59.4,0.0167,1.0000,1.00,400,0,982.19,0,1
1274.99,58,0.0174,0.0307,0.998,0.998,60.2,0.0167,1.0000,1.00,400,0,983.20,0,1
1276.00,59,0.0171,0.0348,1.001,1.001,60.4,0.0167,1.0000,1.00,400,0,984.21,0,1
1277.01,57,0.0176,0.0412,1.000,1.000,59.8,0.0167,1.0000,1.00,400,0,985.21,0,1
1278.01,58,0.0174,0.0320,0.999,0.999,59.6,0.0167,1.0000,1.00,400,0,986.22,0,1
1279.03,61,0.0167,0.0297,1.001,1.001,60.1,0.0167,1.0000,1.00,400,0,987.23,0,1
1280.03,56,0.0179,0.0379,1.000,1.000,60.0,0.0167,1.0000,1.00,400,0,988.23,0,1
1281.05,61,0.0167,0.0307,0.999,0.999,60.0,0.0167,1.0000,1.00,400,0,989.25,0,1
1282.05,57,0.0176,0.0340,1.000,1.000,59.8,0.0167,1.0000,1.00,400,0,990.25,0,1
1283.06,57,0.0177,0.0408,1.000,1.000,60.5,0.0167,1.0000,1.00,400,0,991.26,0,1
1284.09,59,0.0175,0.0412,0.998,0.998,60.0,0.0167,1.0000,1.00,400,0,992.29,0,1
1285.11,24,0.0426,0.0451,1.002,1.002,59.8,0.0167,1.0000,1.00,400,0,993.31,0,1
1286.13,24,0.0425,0.0461,1.000,1.000,59.7,0.0167,1.0000,1.00,400,0,994.33,0,1
1287.15,24,0.0426,0.0442,0.999,0.999,60.6,0.0167,1.0000,1.00,400,0,995.36,0,1
1288.16,43,0.0234,0.0467,1.001,1.001,59.7,0.0167,1.0000,1.00,400,0,996.36,0,1
1289.16,22,0.0457,0.0614,1.000,1.000,59.7,0.0167,1.0000,1.00,400,0,997.37,0,1
1290.17,36,0.0281,0.0447,1.004,1.004,60.5,0.0167,1.0000,1.00,400,0,998.38,0,1
1291.18,78,0.0129,0.0162,0.997,0.997,60.6,0.0167,1.0000,1.00,400,0,999.38,0,1
1292.19,79,0.0127,0.0154,1.001,1.001,59.7,0.0167,1.0000,1.00,400,0,1000.39,0,1
1293.21,27,0.0379,0.0468,0.999,0.999,59.5,0.0167,1.0000,1.00,400,0,1001.41,0,1
1294.24,24,0.0426,0.0449,0.999,0.999,60.5,0.0167,1.0000,1.00,400,0,1002.44,0,1
1295.25,23,0.0439,0.0824,0.999,0.999,60.3,0.0167,1.0000,1.00,400,0,1003.45,0,1
1296.27,24,0.0426,0.0444,1.000,1.000,59.6,0.0167,1.0000,1.00,400,0,1004.47,0,1
1297.29,24,0.0427,0.0476,1.001,1.001,59.6,0.0167,1.0000,1.00,400,0,1005.50,0,1
1298.32,43,0.0238,0.0458,0.998,0.998,60.6,0.0167,1.0000,1.00,400,0,1006.52,0,1
1299.34,24,0.0426,0.0490,1.001,1.001,59.7,0.0167,1.0000,1.00,400,0,1007.54,0,1
1300.36,24,0.0427,0.0460,0.999,0.999,60.5,0.0167,1.0000,1.00,400,0,1008.57,0,1
1301.38,24,0.0426,0.0472,1.001,1.001,59.7,0.0167,1.0000,1.00,400,0,1009.59,0,1
1302.40,38,0.0266,0.0443,1.001,1.001,60.3,0.0167,1.0000,1.00,400,0,1010.60,0,1
1303.40,58,0.0174,0.0308,1.002,1.002,59.6,0.0167,1.0000,1.00,400,0,1011.61,0,1
1304.40,58,0.0173,0.0303,1.000,1.000,59.9,0.0167,1.0000,1.00,400,0,1012.61,0,1
1305.41,56,0.0179,0.0405,0.997,0.997,60.7,0.0167,1.0000,1.00,400,0,1013.61,0,1
1306.43,57,0.0179,0.0385,1.001,1.001,59.8,0.0167,1.0000,1.00,400,0,1014.63,0,1
1307.43,57,0.0175,0.0310,0.999,0.999,59.9,0.0167,1.0000,1.00,400,0,1015.63,0,1
1308.44,58,0.0174,0.0317,1.004,1.004,59.6,0.0167,1.0000,1.00,400,0,1016.64,0,1
1309.45,57,0.0177,0.0323,0.997,0.997,60.3,0.0167,1.0000,1.00,400,0,1017.65,0,1
1310.46,58,0.0174,0.0335,1.001,1.001,60.4,0.0167,1.0000,1.00,400,0,1018.66,0,1
1311.46,56,0.0179,0.0333,0.999,0.999,59.6,0.0167,1.0000,1.00,400,0,1019.67,0,1
1312.48,60,0.0170,0.0333,1.001,1.001,59.9,0.0167,1.0000,1.00,400,0,1020.69,0,1
1313.49,57,0.0178,0.0323,1.000,1.000,60.3,0.0167,1.0000,1.00,400,0,1021.70,0,1
1314.50,57,0.0176,0.0310,1.000,1.000,60.0,0.0167,1.0000,1.00,400,0,1022.70,0,1
1315.50,56,0.0179,0.0331,0.999,0.999,59.8,0.0167,1.0000,1.00,400,0,1023.70,0,1
1316.51,58,0.0175,0.0299,1.000,1.000,60.1,0.0167,1.0000,1.00,400,0,1024.72,0,1
1317.53,59,0.0173,0.0324,1.000,1.000,59.8,0.0167,1.0000,1.00,400,0,1025.74,0,1
1318.54,59,0.0170,0.0375,1.001,1.001,60.8,0.0167,1.0000,1.00,400,0,1026.74,0,1
1319.54,58,0.0173,0.0383,0.998,0.998,59.8,0.0167,1.0000,1.00,400,0,1027.74,0,1
1320.55,57,0.0177,0.0331,1.000,1.000,59.5,0.0167,1.0000,1.00,400,0,1028.75,0,1
1321.56,59,0.0172,0.0364,1.001,1.001,60.2,0.0167,1.0000,1.00,400,0,1029.76,0,1
1322.56,58,0.0173,0.0294,1.001,1.001,60.0,0.0167,1.0000,1.00,400,0,1030.76,0,1
1323.57,58,0.0174,0.0329,1.000,1.000,60.3,0.0167,1.0000,1.00,400,0,1031.78,0,1
1324.57,57,0.0176,0.0303,1.000,1.000,59.9,0.0167,1.0000,1.00,400,0,1032.78,0,1
1325.58,56,0.0179,0.0337,0.998,0.998,59.8,0.0167,1.0000,1.00,400,0,1033.78,0,1
1326.58,58,0.0174,0.0372,1.003,1.003,59.7,0.0167,1.0000,1.00,400,0,1034.79,0,1
1327.59,59,0.0171,0.0346,0.999,0.999,60.3,0.0167,1.0000,1.00,400,0,1035.80,0,1
1328.61,58,0.0175,0.0320,0.999,0.999,60.1,0.0167,1.0000,1.00,400,0,1036.81,0,1
1329.61,56,0.0180,0.0331,1.002,1.002,60.5,0.0167,1.0000,1.00,400,0,1037.82,0,1
1330.62,58,0.0172,0.0309,0.999,0.999,59.9,0.0167,1.0000,1.00,400,0,1038.82,0,1
1331.62,59,0.0170,0.0323,1.000,1.000,60.0,0.0167,1.0000,1.00,400,0,1039.82,0,1
1332.63,56,0.0181,0.0343,1.000,1.000,59.2,0.0167,1.0000,1.00,400,0,1040.83,0,1
1333.63,57,0.0176,0.0325,1.001,1.001,60.7,0.0167,1.0000,1.00,400,0,1041.84,0,1
1334.64,57,0.0177,0.0312,1.002,1.002,59.6,0.0167,1.0000,1.00,400,0,1042.85,0,1
1335.65,57,0.0177,0.0377,0.998,0.998,60.4,0.0167,1.0000,1.00,400,0,1043.85,0,1
1336.65,57,0.0176,0.0322,1.000,1.000,59.8,0.0167,1.0000,1.00,400,0,1044.86,0,1
1337.66,59,0.0171,0.0301,0.999,0.999,60.3,0.0167,1.0000,1.00,400,0,1045.87,0,1
1338.67,58,0.0174,0.0306,1.000,1.000,59.6,0.0167,1.0000,1.00,400,0,1046.88,0,1
1339.68,58,0.0174,0.0338,0.999,0.999,60.5,0.0167,1.0000,1.00,400,0,1047.88,0,1
1340.69,57,0.0177,0.0323,1.002,1.002,59.6,0.0167,1.0000,1.00,400,0,1048.89,0,1
1341.70,58,0.0174,0.0361,0.998,0.998,60.3,0.0167,1.0000,1.00,400,0,1049.90,0,1
1342.70,57,0.0176,0.0332,1.000,1.000,59.8,0.0167,1.0000,1.00,400,0,1050.90,0,1
1343.70,58,0.0173,0.0292,0.999,0.999,59.8,0.0167,1.0000,1.00,400,0,1051.91,0,1
1344.70,57,0.0176,0.0407,1.000,1.000,59.9,0.0167,1.0000,1.00,400,0,1052.91,0,1
1345.72,58,0.0175,0.0407,1.000,1.000,60.1,0.0167,1.0000,1.00,400,0,1053.92,0,1
1346.74,52,0.0196,0.1176,1.000,1.000,59.8,0.0167,1.0000,1.00,400,0,1054.94,0,1
1347.75,60,0.0168,0.0299,1.000,1.000,60.5,0.0167,1.0000,1.00,400,0,1055.95,0,1
1348.75,57,0.0176,0.0315,0.999,0.999,59.8,0.0167,1.0000,1.00,400,0,1056.96,0,1
1349.78,58,0.0177,0.0394,0.998,0.998,60.3,0.0167,1.0000,1.00,400,0,1057.98,0,1
1350.79,59,0.0172,0.0300,1.001,1.001,60.3,0.0167,1.0000,1.00,400,0,1059.00,0,1
1351.79,56,0.0179,0.0363,1.000,1.000,60.0,0.0167,1.0000,1.00,400,0,1060.00,0,1
1352.80,58,0.0174,0.0308,1.001,1.001,59.5,0.0167,1.0000,1.00,400,0,1061.01,0,1
1353.81,59,0.0171,0.0323,1.000,1.000,60.4,0.0167,1.0000,1.00,400,0,1062.02,0,1
1354.82,59,0.0171,0.0405,1.000,1.000,60.4,0.0167,1.0000,1.00,400,0,1063.03,0,1
1355.82,58,0.0173,0.0396,0.999,0.999,59.9,0.0167,1.0000,1.00,400,0,1064.03,0,1
1356.84,58,0.0175,0.0315,0.999,0.999,60.1,0.0167,1.0000,1.00,400,0,1065.04,0,1
1357.85,56,0.0180,0.0301,1.001,1.001,59.7,0.0167,1.0000,1.00,400,0,1066.05,0,1
1358.86,59,0.0172,0.0300,1.001,1.001,60.4,0.0167,1.0000,1.00,400,0,1067.06,0,1
1359.87,57,0.0177,0.0364,1.002,1.002,59.5,0.0167,1.0000,1.00,400,0,1068.07,0,1
1360.87,56,0.0179,0.0385,0.997,0.997,60.7,0.0167,1.0000,1.00,400,0,1069.07,0,1
1361.87,57,0.0176,0.0416,1.001,1.001,59.9,0.0167,1.0000,1.00,400,0,1070.08,0,1
1362.88,55,0.0182,0.0330,0.998,0.998,59.8,0.0167,1.0000,1.00,400,0,1071.08,0,1
1363.89,58,0.0175,0.0325,1.001,1.001,60.2,0.0167,1.0000,1.00,400,0,1072.09,0,1
1364.90,57,0.0177,0.0329,1.000,1.000,59.5,0.0167,1.0000,1.00,400,0,1073.10,0,1
1365.90,58,0.0173,0.0320,1.003,1.003,59.9,0.0167,1.0000,1.00,400,0,1074.10,0,1
1366.91,57,0.0177,0.0320,0.997,0.997,60.3,0.0167,1.0000,1.00,400,0,1075.11,0,1
1367.91,58,0.0174,0.0384,1.001,1.001,59.7,0.0167,1.0000,1.00,400,0,1076.12,0,1
1368.92,58,0.0174,0.0366,0.998,0.998,60.3,0.0167,1.0000,1.00,400,0,1077.13,0,1
1369.95,58,0.0176,0.0385,1.002,1.002,59.7,0.0167,1.0000,1.00,400,0,1078.15,0,1
1370.96,58,0.0174,0.0319,0.997,0.997,60.2,0.0167,1.0000,1.00,400,0,1079.16,0,1
1371.97,58,0.0175,0.0330,1.002,1.002,60.2,0.0167,1.0000,1.00,400,0,1080.18,0,1
1372.98,56,0.0180,0.0407,1.000,1.000,60.4,0.0167,1.0000,1.00,400,0,1081.19,0,1
1373.99,58,0.0173,0.0312,1.000,1.000,59.7,0.0167,1.0000,1.00,400,0,1082.19,0,1
1374.99,30,0.0335,0.0452,0.999,0.999,59.6,0.0167,1.0000,1.00,400,0,1083.20,0,1
1376.02,24,0.0426,0.0473,0.999,0.999,60.5,0.0167,1.0000,1.00,400,0,1084.22,0,1
1377.04,24,0.0425,0.0472,1.001,1.001,59.8,0.0167,1.0000,1.00,400,0,1085.24,0,1
1378.06,24,0.0427,0.0459,0.998,0.998,60.3,0.0167,1.0000,1.00,400,0,1086.27,0,1
1379.07,43,0.0233,0.0473,1.001,1.001,59.9,0.0167,1.0000,1.00,400,0,1087.27,0,1
1380.09,24,0.0426,0.0469,1.001,1.001,59.7,0.0167,1.0000,1.00,400,0,1088.29,0,1
1381.11,24,0.0427,0.0459,0.999,0.999,60.5,0.0167,1.0000,1.00,400,0,1089.32,0,1
1382.13,24,0.0426,0.0447,1.002,1.002,59.7,0.0167,1.0000,1.00,400,0,1090.34,0,1
1383.14,41,0.0244,0.0443,1.001,1.001,59.9,0.0167,1.0000,1.00,400,0,1091.34,0,1
1384.14,57,0.0176,0.0397,1.000,1.000,59.7,0.0167,1.0000,1.00,400,0,1092.35,0,1
1385.15,56,0.0180,0.0321,0.998,0.998,60.4,0.0167,1.0000,1.00,400,0,1093.35,0,1
1386.16,58,0.0174,0.0318,1.002,1.002,60.4,0.0167,1.0000,1.00,400,0,1094.36,0,1
1387.16,57,0.0176,0.0404,1.001,1.001,59.9,0.0167,1.0000,1.00,400,0,1095.37,0,1
1388.19,58,0.0176,0.0311,0.997,0.997,59.5,0.0167,1.0000,1.00,400,0,1096.39,0,1
1389.20,58,0.0174,0.0310,1.003,1.003,60.4,0.0167,1.0000,1.00,400,0,1097.40,0,1
1390.20,59,0.0171,0.0298,1.001,1.001,59.5,0.0167,1.0000,1.00,400,0,1098.41,0,1
1391.21,59,0.0170,0.0302,0.998,0.998,60.7,0.0167,1.0000,1.00,400,0,1099.41,0,1
1392.22,58,0.0175,0.0321,0.999,0.999,59.2,0.0167,1.0000,1.00,400,0,1100.43,0,1
1393.23,56,0.0181,0.0347,1.001,1.001,60.4,0.0167,1.0000,1.00,400,0,1101.44,0,1
1394.25,58,0.0174,0.0405,0.998,0.998,60.2,0.0167,1.0000,1.00,400,0,1102.45,0,1
1395.25,57,0.0177,0.0401,1.004,1.004,59.8,0.0167,1.0000,1.00,400,0,1103.46,0,1
1396.26,57,0.0177,0.0309,0.999,0.999,60.3,0.0167,1.0000,1.00,400,0,1104.47,0,1
1397.26,57,0.0176,0.0308,1.000,1.000,59.8,0.0167,1.0000,1.00,400,0,1105.47,0,1
1398.28,55,0.0184,0.0847,0.999,0.999,60.2,0.0167,1.0000,1.00,400,0,1106.48,0,1
1399.28,56,0.0179,0.0319,1.001,1.001,59.8,0.0167,1.0000,1.00,400,0,1107.48,0,1
1400.29,59,0.0170,0.0295,0.998,0.998,60.5,0.0167,1.0000,1.00,400,0,1108.49,0,1
1401.29,57,0.0177,0.0304,1.001,1.001,59.6,0.0167,1.0000,1.00,400,0,1109.50,0,1
1402.29,54,0.0185,0.0317,0.998,0.998,60.0,0.0167,1.0000,1.00,400,0,1110.50,0,1
1403.31,58,0.0175,0.0320,1.002,1.002,60.2,0.0167,1.0000,1.00,400,0,1111.51,0,1
1404.31,55,0.0182,0.0299,1.000,1.000,60.0,0.0167,1.0000,1.00,400,0,1112.51,0,1
1405.32,59,0.0171,0.0291,1.002,1.002,59.6,0.0167,1.0000,1.00,400,0,1113.52,0,1
1406.32,57,0.0177,0.0313,0.999,0.999,60.5,0.0167,1.0000,1.00,400,0,1114.53,0,1
1407.34,60,0.0170,0.0295,0.997,0.997,59.8,0.0167,1.0000,1.00,400,0,1115.55,0,1
1408.35,57,0.0177,0.0332,1.001,1.001,60.4,0.0167,1.0000,1.00,400,0,1116.56,0,1
1409.36,56,0.0179,0.0315,1.002,1.002,59.8,0.0167,1.0000,1.00,400,0,1117.56,0,1
1410.36,57,0.0175,0.0305,0.997,0.997,59.9,0.0167,1.0000,1.00,400,0,1118.56,0,1
1411.37,60,0.0169,0.0300,1.003,1.003,60.4,0.0167,1.0000,1.00,400,0,1119.57,0,1
1412.37,57,0.0176,0.0318,1.000,1.000,59.8,0.0167,1.0000,1.00,400,0,1120.58,0,1
1413.38,58,0.0173,0.0301,0.999,0.999,59.7,0.0167,1.0000,1.00,400,0,1121.58,0,1
1414.39,57,0.0178,0.0318,1.000,1.000,60.1,0.0167,1.0000,1.00,400,0,1122.59,0,1
1415.40,58,0.0175,0.0304,1.001,1.001,60.2,0.0167,1.0000,1.00,400,0,1123.61,0,1
1416.42,58,0.0175,0.0365,1.000,1.000,60.2,0.0167,1.0000,1.00,400,0,1124.62,0,1
1417.43,59,0.0171,0.0293,1.002,1.002,59.4,0.0167,1.0000,1.00,400,0,1125.63,0,1
1418.44,58,0.0175,0.0358,0.998,0.998,60.0,0.0167,1.0000,1.00,400,0,1126.65,0,1
1419.46,58,0.0175,0.0300,1.001,1.001,60.2,0.0167,1.0000,1.00,400,0,1127.66,0,1
1420.48,58,0.0175,0.0317,0.999,0.999,59.9,0.0167,1.0000,1.00,400,0,1128.68,0,1
1421.48,56,0.0180,0.0304,1.001,1.001,60.5,0.0167,1.0000,1.00,400,0,1129.69,0,1
1422.49,57,0.0176,0.0312,1.001,1.001,59.8,0.0167,1.0000,1.00,400,0,1130.69,0,1
1423.49,55,0.0182,0.0320,0.997,0.997,59.8,0.0167,1.0000,1.00,400,0,1131.69,0,1
1424.52,58,0.0177,0.0395,0.999,0.999,60.5,0.0167,1.0000,1.00,400,0,1132.72,0,1
1425.53,56,0.0181,0.0408,1.001,1.001,60.2,0.0167,1.0000,1.00,400,0,1133.73,0,1
1426.54,59,0.0171,0.0302,1.001,1.001,59.4,0.0167,1.0000,1.00,400,0,1134.74,0,1
1427.55,56,0.0180,0.0322,0.997,0.997,60.4,0.0167,1.0000,1.00,400,0,1135.75,0,1
1428.56,58,0.0175,0.0299,1.001,1.001,60.2,0.0167,1.0000,1.00,400,0,1136.77,0,1
1429.60,57,0.0181,0.0330,1.000,1.000,60.0,0.0167,1.0000,1.00,400,0,1137.80,0,1
1430.60,57,0.0177,0.0304,1.004,1.004,59.6,0.0167,1.0000,1.00,400,0,1138.81,0,1
1431.61,59,0.0170,0.0304,0.998,0.998,60.7,0.0167,1.0000,1.00,400,0,1139.81,0,1
1432.61,56,0.0179,0.0311,1.001,1.001,60.0,0.0167,1.0000,1.00,400,0,1140.81,0,1
1433.63,58,0.0176,0.0369,0.998,0.998,59.7,0.0167,1.0000,1.00,400,0,1141.83,0,1
1434.64,58,0.0174,0.0314,1.002,1.002,59.6,0.0167,1.0000,1.00,400,0,1142.84,0,1
1435.64,57,0.0176,0.0299,1.000,1.000,60.7,0.0167,1.0000,1.00,400,0,1143.85,0,1
1436.64,57,0.0176,0.0318,1.000,1.000,59.9,0.0167,1.0000,1.00,400,0,1144.85,0,1
1437.65,55,0.0182,0.0305,1.000,1.000,59.8,0.0167,1.0000,1.00,400,0,1145.85,0,1
1438.66,58,0.0174,0.0310,1.000,1.000,60.4,0.0167,1.0000,1.00,400,0,1146.86,0,1
1439.67,57,0.0177,0.0301,1.000,1.000,59.4,0.0167,1.0000,1.00,400,0,1147.87,0,1
1440.67,58,0.0173,0.0316,0.999,0.999,60.6,0.0167,1.0000,1.00,400,0,1148.88,0,1
1441.69,58,0.0175,0.0327,0.998,0.998,59.9,0.0167,1.0000,1.00,400,0,1149.90,0,1
1442.70,58,0.0174,0.0388,1.004,1.004,59.8,0.0167,1.0000,1.00,400,0,1150.90,0,1
1443.73,54,0.0191,0.0444,0.997,0.997,59.9,0.0167,1.0000,1.00,400,0,1151.93,0,1
1444.75,24,0.0425,0.0472,1.001,1.001,59.8,0.0167,1.0000,1.00,400,0,1152.95,0,1
1445.77,24,0.0425,0.0454,0.998,0.998,60.7,0.0167,1.0000,1.00,400,0,1153.97,0,1
1446.79,24,0.0424,0.0441,1.000,1.000,60.0,0.0167,1.0000,1.00,400,0,1154.99,0,1
1447.81,24,0.0424,0.0454,0.999,0.999,59.9,0.0167,1.0000,1.00,400,0,1156.01,0,1
1448.82,24,0.0424,0.0471,1.001,1.001,60.0,0.0167,1.0000,1.00,400,0,1157.03,0,1
1449.84,25,0.0405,0.0442,1.000,1.000,60.2,0.0167,1.0000,1.00,400,0,1158.04,0,1
1450.85,29,0.0351,0.0842,1.000,1.000,59.9,0.0167,1.0000,1.00,400,0,1159.06,0,1
1451.87,24,0.0424,0.0457,1.000,1.000,59.9,0.0167,1.0000,1.00,400,0,1160.07,0,1
1452.89,24,0.0425,0.0447,1.001,1.001,59.9,0.0167,1.0000,1.00,400,0,1161.09,0,1
1453.91,24,0.0423,0.0443,0.998,0.998,60.1,0.0167,1.0000,1.00,400,0,1162.11,0,1
1454.92,24,0.0424,0.0462,1.001,1.001,59.9,0.0167,1.0000,1.00,400,0,1163.13,0,1
1455.94,46,0.0221,0.0437,1.002,1.002,60.2,0.0167,1.0000,1.00,400,0,1164.14,0,1
1456.95,63,0.0160,0.0308,1.000,1.000,60.4,0.0167,1.0000,1.00,400,0,1165.15,0,1
1457.96,61,0.0166,0.0349,1.000,1.000,60.1,0.0167,1.0000,1.00,400,0,1166.17,0,1
1458.97,61,0.0165,0.0323,1.000,1.000,59.6,0.0167,1.0000,1.00,400,0,1167.17,0,1
1459.98,62,0.0163,0.0312,1.000,1.000,60.4,0.0167,1.0000,1.00,400,0,1168.18,0,1
1461.00,63,0.0161,0.0287,0.998,0.998,59.9,0.0167,1.0000,1.00,400,0,1169.20,0,1
1462.01,62,0.0163,0.0306,1.003,1.003,59.4,0.0167,1.0000,1.00,400,0,1170.21,0,1
1463.02,61,0.0165,0.0316,0.998,0.998,60.4,0.0167,1.0000,1.00,400,0,1171.22,0,1
1464.03,63,0.0161,0.0304,1.000,1.000,60.2,0.0167,1.0000,1.00,400,0,1172.24,0,1
1465.04,62,0.0162,0.0319,1.000,1.000,59.7,0.0167,1.0000,1.00,400,0,1173.24,0,1
1466.04,61,0.0165,0.0320,1.001,1.001,60.5,0.0167,1.0000,1.00,400,0,1174.25,0,1
1467.05,63,0.0160,0.0299,1.000,1.000,59.4,0.0167,1.0000,1.00,400,0,1175.26,0,1
1468.06,61,0.0165,0.0352,1.000,1.000,60.5,0.0167,1.0000,1.00,400,0,1176.27,0,1
1469.07,61,0.0164,0.0322,0.999,0.999,59.8,0.0167,1.0000,1.00,400,0,1177.27,0,1
1470.08,63,0.0161,0.0327,1.000,1.000,60.3,0.0167,1.0000,1.00,400,0,1178.28,0,1
1471.09,60,0.0169,0.0315,1.001,1.001,60.1,0.0167,1.0000,1.00,400,0,1179.30,0,1
1472.10,63,0.0160,0.0309,1.001,1.001,59.5,0.0167,1.0000,1.00,400,0,1180.31,0,1
1473.12,62,0.0163,0.0319,0.999,0.999,60.2,0.0167,1.0000,1.00,400,0,1181.32,0,1
1474.13,63,0.0160,0.0306,1.000,1.000,60.4,0.0167,1.0000,1.00,400,0,1182.33,0,1
1475.13,61,0.0165,0.0316,0.999,0.999,59.6,0.0167,1.0000,1.00,400,0,1183.33,0,1
1476.14,60,0.0167,0.0333,1.001,1.001,59.7,0.0167,1.0000,1.00,400,0,1184.34,0,1
1477.14,60,0.0168,0.0333,0.998,0.998,60.5,0.0167,1.0000,1.00,400,0,1185.35,0,1
1478.17,61,0.0169,0.0330,1.003,1.003,59.5,0.0167,1.0000,1.00,400,0,1186.37,0,1
1479.18,62,0.0162,0.0312,0.999,0.999,60.5,0.0167,1.0000,1.00,400,0,1187.38,0,1
1480.18,62,0.0163,0.0305,1.003,1.003,59.7,0.0167,1.0000,1.00,400,0,1188.39,0,1
1481.19,61,0.0164,0.0300,0.999,0.999,60.8,0.0167,1.0000,1.00,400,0,1189.39,0,1
1482.20,61,0.0165,0.0316,0.999,0.999,59.4,0.0167,1.0000,1.00,400,0,1190.40,0,1
1483.21,27,0.0373,0.0458,0.999,0.999,60.5,0.0167,1.0000,1.00,400,0,1191.41,0,1
1484.22,24,0.0423,0.0458,1.000,1.000,60.0,0.0167,1.0000,1.00,400,0,1192.42,0,1
1485.24,25,0.0408,0.0440,1.000,1.000,59.8,0.0167,1.0000,1.00,400,0,1193.45,0,1
1486.28,43,0.0241,0.0453,1.000,1.000,59.8,0.0167,1.0000,1.00,400,0,1194.48,0,1
1487.30,48,0.0212,0.0441,1.000,1.000,60.0,0.0167,1.0000,1.00,400,0,1195.50,0,1
1488.30,65,0.0155,0.0322,1.004,1.004,59.9,0.0167,1.0000,1.00,400,0,1196.50,0,1
1489.30,62,0.0161,0.0312,0.996,0.996,60.8,0.0167,1.0000,1.00,400,0,1197.51,0,1
1490.31,65,0.0156,0.0310,1.002,1.002,59.4,0.0167,1.0000,1.00,400,0,1198.52,0,1
1491.35,58,0.0178,0.0436,0.998,0.998,59.9,0.0167,1.0000,1.00,400,0,1199.55,0,1
1492.36,24,0.0421,0.0463,0.999,0.999,60.2,0.0167,1.0000,1.00,400,0,1200.56,0,1
1493.38,24,0.0425,0.0462,1.002,1.002,60.0,0.0167,1.0000,1.00,400,0,1201.58,0,1
1494.39,24,0.0421,0.0466,0.998,0.998,60.3,0.0167,1.0000,1.00,400,0,1202.59,0,1
1495.41,43,0.0238,0.0438,1.001,1.001,59.6,0.0167,1.0000,1.00,400,0,1203.62,0,1
1496.42,24,0.0421,0.0447,1.001,1.001,60.4,0.0167,1.0000,1.00,400,0,1204.63,0,1
1497.44,30,0.0337,0.0472,0.997,0.997,60.1,0.0167,1.0000,1.00,400,0,1205.64,0,1
1498.44,66,0.0153,0.0440,1.006,1.006,59.8,0.0167,1.0000,1.00,400,0,1206.65,0,1
1499.45,39,0.0258,0.0447,0.996,0.996,60.4,0.0167,1.0000,1.00,400,0,1207.65,0,1
1500.46,31,0.0326,0.0442,1.001,1.001,59.5,0.0167,1.0000,1.00,400,0,1208.66,0,1
1501.47,24,0.0422,0.0441,0.999,0.999,60.2,0.0167,1.0000,1.00,400,0,1209.68,0,1
1502.50,57,0.0181,0.0432,1.000,1.000,60.3,0.0167,1.0000,1.00,400,0,1210.70,0,1
1503.51,24,0.0421,0.0447,1.001,1.001,59.5,0.0167,1.0000,1.00,400,0,1211.71,0,1
1504.54,45,0.0228,0.0436,0.998,0.998,60.3,0.0167,1.0000,1.00,400,0,1212.74,0,1
1505.55,25,0.0406,0.0593,1.003,1.003,60.3,0.0167,1.0000,1.00,400,0,1213.75,0,1
1506.55,35,0.0286,0.0840,0.999,0.999,59.9,0.0167,1.0000,1.00,400,0,1214.76,0,1
1507.56,54,0.0187,0.0348,1.001,1.001,60.4,0.0167,1.0000,1.00,400,0,1215.77,0,1
1508.57,55,0.0183,0.0315,1.000,1.000,59.8,0.0167,1.0000,1.00,400,0,1216.77,0,1
1509.58,56,0.0180,0.0342,1.000,1.000,60.4,0.0167,1.0000,1.00,400,0,1217.78,0,1
1510.59,57,0.0177,0.0306,0.997,0.997,59.4,0.0167,1.0000,1.00,400,0,1218.79,0,1
1511.60,56,0.0181,0.0307,1.001,1.001,60.3,0.0167,1.0000,1.00,400,0,1219.80,0,1
1512.60,57,0.0177,0.0412,1.001,1.001,59.7,0.0167,1.0000,1.00,400,0,1220.81,0,1
1513.63,57,0.0179,0.0316,0.998,0.998,60.6,0.0167,1.0000,1.00,400,0,1221.83,0,1
1514.64,57,0.0177,0.0379,1.002,1.002,59.4,0.0167,1.0000,1.00,400,0,1222.84,0,1
1515.65,57,0.0178,0.0316,0.999,0.999,60.0,0.0167,1.0000,1.00,400,0,1223.86,0,1
1516.66,55,0.0184,0.0418,0.999,0.999,60.3,0.0167,1.0000,1.00,400,0,1224.87,0,1
1517.69,55,0.0186,0.0427,1.001,1.001,59.7,0.0167,1.0000,1.00,400,0,1225.89,0,1
1518.69,54,0.0186,0.0429,1.002,1.002,59.9,0.0167,1.0000,1.00,400,0,1226.89,0,1
1519.70,54,0.0187,0.0399,0.998,0.998,60.4,0.0167,1.0000,1.00,400,0,1227.90,0,1
1520.74,57,0.0182,0.0423,0.999,0.999,59.7,0.0167,1.0000,1.00,400,0,1228.94,0,1
1521.74,57,0.0177,0.0434,1.001,1.001,60.6,0.0167,1.0000,1.00,400,0,1229.95,0,1
1522.77,82,0.0125,0.0448,0.996,0.996,59.5,0.0167,1.0000,1.00,400,0,1230.97,0,1
1523.79,33,0.0311,0.0431,1.001,1.001,60.5,0.0167,1.0000,1.00,400,0,1231.99,0,1
1524.81,37,0.0275,0.0431,1.002,1.002,60.1,0.0167,1.0000,1.00,400,0,1233.01,0,1
1525.84,44,0.0233,0.0433,0.999,0.999,59.4,0.0167,1.0000,1.00,400,0,1234.04,0,1
1526.87,41,0.0253,0.0426,0.999,0.999,60.6,0.0167,1.0000,1.00,400,0,1235.08,0,1
1527.90,39,0.0263,0.0444,1.002,1.002,59.5,0.0167,1.0000,1.00,400,0,1236.10,0,1
1528.93,44,0.0233,0.0398,0.999,0.999,60.3,0.0167,1.0000,1.00,400,0,1237.13,0,1
1529.95,42,0.0244,0.0403,0.999,0.999,60.3,0.0167,1.0000,1.00,400,0,1238.16,0,1
1530.96,48,0.0211,0.0417,1.001,1.001,59.4,0.0167,1.0000,1.00,400,0,1239.17,0,1
1531.96,49,0.0205,0.0393,1.002,1.002,60.0,0.0167,1.0000,1.00,400,0,1240.17,0,1
1532.99,46,0.0222,0.0406,0.999,0.999,60.6,0.0167,1.0000,1.00,400,0,1241.19,0,1
1534.00,42,0.0241,0.0421,0.999,0.999,60.2,0.0167,1.0000,1.00,400,0,1242.20,0,1
1535.00,40,0.0251,0.0436,1.002,1.002,59.9,0.0167,1.0000,1.00,400,0,1243.21,0,1
1536.01,49,0.0205,0.0407,1.001,1.001,59.7,0.0167,1.0000,1.00,400,0,1244.21,0,1
1537.02,47,0.0215,0.0376,1.000,1.000,60.3,0.0167,1.0000,1.00,400,0,1245.23,0,1
1538.03,47,0.0213,0.0405,0.998,0.998,59.7,0.0167,1.0000,1.00,400,0,1246.23,0,1
1539.03,47,0.0215,0.0441,1.000,1.000,60.5,0.0167,1.0000,1.00,400,0,1247.24,0,1
1540.06,44,0.0234,0.0431,1.002,1.002,59.5,0.0167,1.0000,1.00,400,0,1248.26,0,1
1541.06,46,0.0218,0.0397,1.001,1.001,60.8,0.0167,1.0000,1.00,400,0,1249.27,0,1
1542.07,45,0.0224,0.0420,1.000,1.000,59.4,0.0167,1.0000,1.00,400,0,1250.28,0,1
1543.08,48,0.0210,0.0448,0.999,0.999,60.3,0.0167,1.0000,1.00,400,0,1251.29,0,1
1544.09,82,0.0123,0.0160,1.003,1.003,59.6,0.0167,1.0000,1.00,400,0,1252.30,0,1
1545.10,83,0.0121,0.0153,0.998,0.998,60.4,0.0167,1.0000,1.00,400,0,1253.31,0,1
1546.10,82,0.0122,0.0150,1.000,1.000,59.9,0.0167,1.0000,1.00,400,0,1254.31,0,1
1547.11,77,0.0131,0.0413,0.998,0.998,59.6,0.0167,1.0000,1.00,400,0,1255.31,0,1
1548.12,25,0.0406,0.0462,1.001,1.001,60.2,0.0167,1.0000,1.00,400,0,1256.33,0,1
1549.15,38,0.0271,0.0451,0.999,0.999,60.2,0.0167,1.0000,1.00,400,0,1257.36,0,1
1550.17,48,0.0212,0.0441,1.003,1.003,60.1,0.0167,1.0000,1.00,400,0,1258.37,0,1
1551.18,68,0.0149,0.0435,0.997,0.997,60.1,0.0167,1.0000,1.00,400,0,1259.39,0,1
1552.19,35,0.0289,0.0440,1.005,1.005,59.7,0.0167,1.0000,1.00,400,0,1260.40,0,1
1553.20,42,0.0241,0.0453,0.998,0.998,60.2,0.0167,1.0000,1.00,400,0,1261.41,0,1
1554.24,68,0.0152,0.0432,0.999,0.999,59.8,0.0167,1.0000,1.00,400,0,1262.44,0,1
1555.25,34,0.0297,0.0448,1.001,1.001,60.4,0.0167,1.0000,1.00,400,0,1263.45,0,1
1556.26,35,0.0289,0.0444,0.999,0.999,60.2,0.0167,1.0000,1.00,400,0,1264.46,0,1
1557.26,68,0.0147,0.0380,1.003,1.003,60.0,0.0167,1.0000,1.00,400,0,1265.47,0,1
1558.27,71,0.0142,0.0181,0.999,0.999,59.6,0.0167,1.0000,1.00,400,0,1266.47,0,1
1559.27,72,0.0140,0.0185,1.000,1.000,60.7,0.0167,1.0000,1.00,400,0,1267.48,0,1
1560.28,67,0.0150,0.0852,1.001,1.001,59.7,0.0167,1.0000,1.00,400,0,1268.48,0,1
1561.29,72,0.0140,0.0180,1.000,1.000,60.4,0.0167,1.0000,1.00,400,0,1269.49,0,1
1562.30,72,0.0141,0.0191,1.002,1.002,59.3,0.0167,1.0000,1.00,400,0,1270.51,0,1
1563.31,72,0.0140,0.0181,0.998,0.998,60.5,0.0167,1.0000,1.00,400,0,1271.51,0,1
1564.31,71,0.0141,0.0186,0.999,0.999,59.9,0.0167,1.0000,1.00,400,0,1272.52,0,1
1565.31,72,0.0140,0.0178,1.002,1.002,59.8,0.0167,1.0000,1.00,400,0,1273.52,0,1
1566.32,71,0.0142,0.0177,0.998,0.998,60.5,0.0167,1.0000,1.00,400,0,1274.53,0,1
1567.33,71,0.0141,0.0189,1.000,1.000,59.8,0.0167,1.0000,1.00,400,0,1275.53,0,1
1568.33,73,0.0138,0.0175,1.002,1.002,59.8,0.0167,1.0000,1.00,400,0,1276.54,0,1
1569.33,71,0.0141,0.0176,0.998,0.998,59.9,0.0167,1.0000,1.00,400,0,1277.53,0,1
1570.34,73,0.0139,0.0174,1.001,1.001,60.3,0.0167,1.0000,1.00,400,0,1278.55,0,1
1571.36,72,0.0141,0.0196,1.000,1.000,60.2,0.0167,1.0000,1.00,400,0,1279.56,0,1
1572.36,73,0.0138,0.0178,1.001,1.001,59.6,0.0167,1.0000,1.00,400,0,1280.57,0,1
1573.36,71,0.0141,0.0181,1.000,1.000,60.0,0.0167,1.0000,1.00,400,0,1281.57,0,1
1574.38,28,0.0361,0.0444,0.996,0.996,60.1,0.0167,1.0000,1.00,400,0,1282.58,0,1
1575.39,25,0.0405,0.0462,1.000,1.000,60.3,0.0167,1.0000,1.00,400,0,1283.59,0,1
1576.42,42,0.0246,0.0442,1.000,1.000,60.0,0.0167,1.0000,1.00,400,0,1284.63,0,1
1577.43,49,0.0205,0.0420,1.002,1.002,59.9,0.0167,1.0000,1.00,400,0,1285.63,0,1
1578.43,55,0.0182,0.0297,0.999,0.999,59.8,0.0167,1.0000,1.00,400,0,1286.63,0,1
1579.43,56,0.0179,0.0292,1.001,1.001,60.8,0.0167,1.0000,1.00,400,0,1287.64,0,1
1580.44,57,0.0176,0.0302,0.999,0.999,59.7,0.0167,1.0000,1.00,400,0,1288.64,0,1
1581.44,55,0.0182,0.0395,0.999,0.999,59.9,0.0167,1.0000,1.00,400,0,1289.64,0,1
1582.44,55,0.0183,0.0337,1.002,1.002,59.8,0.0167,1.0000,1.00,400,0,1290.65,0,1
1583.47,57,0.0181,0.0420,0.998,0.998,60.1,0.0167,1.0000,1.00,400,0,1291.68,0,1
1584.48,58,0.0174,0.0300,1.001,1.001,60.6,0.0167,1.0000,1.00,400,0,1292.69,0,1
1585.49,58,0.0173,0.0288,0.997,0.997,59.8,0.0167,1.0000,1.00,400,0,1293.69,0,1
1586.50,58,0.0175,0.0399,1.000,1.000,60.2,0.0167,1.0000,1.00,400,0,1294.70,0,1
1587.52,59,0.0173,0.0314,1.000,1.000,59.8,0.0167,1.0000,1.00,400,0,1295.72,0,1
1588.53,59,0.0172,0.0302,1.003,1.003,60.4,0.0167,1.0000,1.00,400,0,1296.73,0,1
1589.54,56,0.0180,0.0335,1.001,1.001,59.4,0.0167,1.0000,1.00,400,0,1297.74,0,1
1590.54,55,0.0183,0.0381,0.999,0.999,60.6,0.0167,1.0000,1.00,400,0,1298.75,0,1
1591.55,55,0.0183,0.0382,1.000,1.000,59.7,0.0167,1.0000,1.00,400,0,1299.75,0,1
1592.55,55,0.0182,0.0427,1.000,1.000,60.0,0.0167,1.0000,1.00,400,0,1300.75,0,1
1593.58,58,0.0177,0.0338,0.998,0.998,60.3,0.0167,1.0000,1.00,400,0,1301.78,0,1
1594.58,56,0.0179,0.0339,1.001,1.001,59.9,0.0167,1.0000,1.00,400,0,1302.78,0,1
1595.59,56,0.0180,0.0307,1.001,1.001,59.6,0.0167,1.0000,1.00,400,0,1303.79,0,1
1596.60,52,0.0194,0.0426,0.999,0.999,60.4,0.0167,1.0000,1.00,400,0,1304.80,0,1
1597.61,54,0.0187,0.0410,1.000,1.000,59.4,0.0167,1.0000,1.00,400,0,1305.81,0,1
1598.64,57,0.0180,0.0292,0.998,0.998,60.2,0.0167,1.0000,1.00,400,0,1306.84,0,1
1599.64,55,0.0183,0.0411,1.003,1.003,59.9,0.0167,1.0000,1.00,400,0,1307.84,0,1
1600.67,56,0.0183,0.0417,0.999,0.999,60.3,0.0167,1.0000,1.00,400,0,1308.87,0,1
1601.68,56,0.0181,0.0420,1.000,1.000,60.3,0.0167,1.0000,1.00,400,0,1309.88,0,1
1602.69,57,0.0177,0.0397,1.001,1.001,60.4,0.0167,1.0000,1.00,400,0,1310.89,0,1
1603.69,57,0.0176,0.0325,1.000,1.000,59.8,0.0167,1.0000,1.00,400,0,1311.90,0,1
1604.70,58,0.0175,0.0298,1.000,1.000,60.2,0.0167,1.0000,1.00,400,0,1312.91,0,1
1605.71,60,0.0168,0.0309,1.000,1.000,59.6,0.0167,1.0000,1.00,400,0,1313.92,0,1
1606.73,57,0.0179,0.0390,1.000,1.000,60.0,0.0167,1.0000,1.00,400,0,1314.93,0,1
1607.74,55,0.0183,0.0419,0.999,0.999,59.6,0.0167,1.0000,1.00,400,0,1315.94,0,1
1608.76,55,0.0186,0.0404,0.999,0.999,60.5,0.0167,1.0000,1.00,400,0,1316.96,0,1
1609.76,51,0.0198,0.0873,1.003,1.003,59.7,0.0167,1.0000,1.00,400,0,1317.97,0,1
1610.77,55,0.0183,0.0405,0.997,0.997,60.6,0.0167,1.0000,1.00,400,0,1318.97,0,1
1611.78,54,0.0187,0.0415,1.000,1.000,59.5,0.0167,1.0000,1.00,400,0,1319.98,0,1
1612.79,55,0.0183,0.0412,1.000,1.000,60.6,0.0167,1.0000,1.00,400,0,1320.99,0,1
1613.81,58,0.0177,0.0398,0.999,0.999,59.5,0.0167,1.0000,1.00,400,0,1322.01,0,1
1614.83,58,0.0175,0.0310,1.002,1.002,60.1,0.0167,1.0000,1.00,400,0,1323.03,0,1
1615.83,55,0.0182,0.0398,1.000,1.000,60.0,0.0167,1.0000,1.00,400,0,1324.03,0,1
1616.83,56,0.0179,0.0421,1.000,1.000,59.7,0.0167,1.0000,1.00,400,0,1325.03,0,1
1617.85,58,0.0176,0.0397,0.999,0.999,60.7,0.0167,1.0000,1.00,400,0,1326.05,0,1
1618.86,55,0.0183,0.0407,1.001,1.001,59.6,0.0167,1.0000,1.00,400,0,1327.06,0,1
1619.86,53,0.0189,0.0331,1.001,1.001,60.0,0.0167,1.0000,1.00,400,0,1328.06,0,1
1620.86,55,0.0183,0.0302,1.002,1.002,59.8,0.0167,1.0000,1.00,400,0,1329.07,0,1
1621.88,56,0.0181,0.0301,0.998,0.998,60.0,0.0167,1.0000,1.00,400,0,1330.08,0,1
1622.89,56,0.0181,0.0300,1.000,1.000,60.2,0.0167,1.0000,1.00,400,0,1331.10,0,1
1623.91,55,0.0184,0.0328,0.999,0.999,60.1,0.0167,1.0000,1.00,400,0,1332.11,0,1
1624.91,55,0.0183,0.0316,0.999,0.999,60.6,0.0167,1.0000,1.00,400,0,1333.12,0,1
1625.93,55,0.0185,0.0310,0.999,0.999,59.9,0.0167,1.0000,1.00,400,0,1334.14,0,1
1626.93,55,0.0182,0.0306,1.002,1.002,60.0,0.0167,1.0000,1.00,400,0,1335.14,0,1
1627.93,54,0.0185,0.0314,1.001,1.001,60.0,0.0167,1.0000,1.00,400,0,1336.14,0,1
1628.96,58,0.0177,0.0296,0.999,0.999,59.5,0.0167,1.0000,1.00,400,0,1337.16,0,1
1629.97,53,0.0191,0.0380,1.000,1.000,60.3,0.0167,1.0000,1.00,400,0,1338.18,0,1
1630.99,53,0.0191,0.0409,0.999,0.999,60.1,0.0167,1.0000,1.00,400,0,1339.19,0,1
1632.01,55,0.0186,0.0312,1.001,1.001,59.8,0.0167,1.0000,1.00,400,0,1340.21,0,1
1633.01,55,0.0183,0.0429,1.001,1.001,60.6,0.0167,1.0000,1.00,400,0,1341.22,0,1
1634.01,55,0.0182,0.0405,1.000,1.000,60.0,0.0167,1.0000,1.00,400,0,1342.22,0,1
1635.02,53,0.0190,0.0424,0.998,0.998,59.5,0.0167,1.0000,1.00,400,0,1343.22,0,1
1636.04,56,0.0181,0.0298,1.000,1.000,60.1,0.0167,1.0000,1.00,400,0,1344.24,0,1
1637.05,52,0.0194,0.0420,1.002,1.002,60.6,0.0167,1.0000,1.00,400,0,1345.25,0,1
1638.05,53,0.0189,0.0411,1.000,1.000,60.0,0.0167,1.0000,1.00,400,0,1346.25,0,1
1639.06,56,0.0181,0.0302,0.999,0.999,60.1,0.0167,1.0000,1.00,400,0,1347.26,0,1
1640.07,57,0.0177,0.0414,1.001,1.001,59.6,0.0167,1.0000,1.00,400,0,1348.27,0,1
1641.09,57,0.0179,0.0397,1.000,1.000,59.8,0.0167,1.0000,1.00,400,0,1349.29,0,1
1642.11,54,0.0190,0.0416,0.999,0.999,60.4,0.0167,1.0000,1.00,400,0,1350.32,0,1
1643.13,55,0.0184,0.0396,1.002,1.002,60.4,0.0167,1.0000,1.00,400,0,1351.33,0,1
1644.13,55,0.0183,0.0352,1.002,1.002,59.6,0.0167,1.0000,1.00,400,0,1352.34,0,1
1645.14,56,0.0180,0.0413,0.998,0.998,60.4,0.0167,1.0000,1.00,400,0,1353.34,0,1
1646.15,55,0.0183,0.0422,1.000,1.000,59.7,0.0167,1.0000,1.00,400,0,1354.35,0,1
1647.15,54,0.0185,0.0359,0.999,0.999,59.9,0.0167,1.0000,1.00,400,0,1355.35,0,1
1648.17,56,0.0183,0.0313,1.001,1.001,59.7,0.0167,1.0000,1.00,400,0,1356.37,0,1
1649.18,56,0.0180,0.0304,0.999,0.999,60.5,0.0167,1.0000,1.00,400,0,1357.38,0,1
1650.19,55,0.0184,0.0418,0.999,0.999,60.2,0.0167,1.0000,1.00,400,0,1358.39,0,1
1651.21,54,0.0188,0.0416,1.000,1.000,60.0,0.0167,1.0000,1.00,400,0,1359.41,0,1
1652.22,54,0.0187,0.0430,1.001,1.001,59.4,0.0167,1.0000,1.00,400,0,1360.42,0,1
1653.22,53,0.0190,0.0401,1.001,1.001,60.5,0.0167,1.0000,1.00,400,0,1361.43,0,1
1654.23,53,0.0189,0.0427,1.000,1.000,59.8,0.0167,1.0000,1.00,400,0,1362.43,0,1
1655.24,54,0.0187,0.0413,1.001,1.001,60.4,0.0167,1.0000,1.00,400,0,1363.44,0,1
1656.25,53,0.0190,0.0416,0.998,0.998,59.4,0.0167,1.0000,1.00,400,0,1364.45,0,1
1657.25,55,0.0183,0.0317,1.001,1.001,60.6,0.0167,1.0000,1.00,400,0,1365.46,0,1
1658.27,53,0.0191,0.0406,0.998,0.998,60.0,0.0167,1.0000,1.00,400,0,1366.47,0,1
1659.29,55,0.0185,0.0399,1.002,1.002,60.0,0.0167,1.0000,1.00,400,0,1367.49,0,1
1660.30,56,0.0180,0.0302,0.999,0.999,59.3,0.0167,1.0000,1.00,400,0,1368.50,0,1
1661.30,54,0.0185,0.0315,1.001,1.001,61.0,0.0167,1.0000,1.00,400,0,1369.50,0,1
1662.31,51,0.0198,0.0812,1.000,1.000,59.5,0.0167,1.0000,1.00,400,0,1370.51,0,1
1663.33,54,0.0190,0.0405,0.998,0.998,60.4,0.0167,1.0000,1.00,400,0,1371.54,0,1
1664.34,53,0.0189,0.0331,1.002,1.002,59.9,0.0167,1.0000,1.00,400,0,1372.54,0,1
1665.34,50,0.0201,0.0420,0.999,0.999,59.8,0.0167,1.0000,1.00,400,0,1373.54,0,1
1666.35,54,0.0188,0.0420,1.001,1.001,60.2,0.0167,1.0000,1.00,400,0,1374.56,0,1
1667.36,54,0.0187,0.0406,1.000,1.000,59.5,0.0167,1.0000,1.00,400,0,1375.56,0,1
1668.37,55,0.0183,0.0416,1.000,1.000,60.7,0.0167,1.0000,1.00,400,0,1376.57,0,1
1669.38,54,0.0187,0.0416,1.001,1.001,59.4,0.0167,1.0000,1.00,400,0,1377.58,0,1
1670.39,53,0.0191,0.0415,0.999,0.999,60.2,0.0167,1.0000,1.00,400,0,1378.59,0,1
1671.40,54,0.0187,0.0416,1.000,1.000,60.5,0.0167,1.0000,1.00,400,0,1379.60,0,1
1672.40,54,0.0185,0.0424,1.000,1.000,59.9,0.0167,1.0000,1.00,400,0,1380.60,0,1
1673.41,53,0.0190,0.0417,0.998,0.998,59.6,0.0167,1.0000,1.00,400,0,1381.61,0,1
1674.42,54,0.0188,0.0401,1.000,1.000,60.1,0.0167,1.0000,1.00,400,0,1382.62,0,1
1675.43,56,0.0181,0.0407,1.000,1.000,60.3,0.0167,1.0000,1.00,400,0,1383.63,0,1
1676.45,56,0.0182,0.0296,1.002,1.002,60.1,0.0167,1.0000,1.00,400,0,1384.65,0,1
1677.46,53,0.0191,0.0397,1.000,1.000,59.4,0.0167,1.0000,1.00,400,0,1385.66,0,1
1678.47,55,0.0184,0.0384,0.998,0.998,60.1,0.0167,1.0000,1.00,400,0,1386.67,0,1
1679.49,53,0.0192,0.0384,1.002,1.002,60.1,0.0167,1.0000,1.00,400,0,1387.69,0,1
1680.50,54,0.0187,0.0395,1.001,1.001,60.4,0.0167,1.0000,1.00,400,0,1388.70,0,1
1681.50,52,0.0193,0.0412,0.999,0.999,59.9,0.0167,1.0000,1.00,400,0,1389.70,0,1
1682.52,55,0.0186,0.0327,1.001,1.001,59.5,0.0167,1.0000,1.00,400,0,1390.73,0,1
1683.54,55,0.0184,0.0389,0.999,0.999,60.1,0.0167,1.0000,1.00,400,0,1391.74,0,1
1684.55,56,0.0180,0.0289,1.001,1.001,60.5,0.0167,1.0000,1.00,400,0,1392.75,0,1
1685.56,53,0.0192,0.0365,0.998,0.998,60.0,0.0167,1.0000,1.00,400,0,1393.77,0,1
1686.58,52,0.0196,0.0414,1.001,1.001,60.0,0.0167,1.0000,1.00,400,0,1394.78,0,1
1687.58,53,0.0189,0.0416,1.000,1.000,60.0,0.0167,1.0000,1.00,400,0,1395.78,0,1
1688.61,53,0.0193,0.0414,0.998,0.998,59.5,0.0167,1.0000,1.00,400,0,1396.81,0,1
1689.61,53,0.0189,0.0423,1.002,1.002,60.9,0.0167,1.0000,1.00,400,0,1397.81,0,1
1690.62,54,0.0187,0.0374,1.000,1.000,59.5,0.0167,1.0000,1.00,400,0,1398.82,0,1
1691.62,54,0.0186,0.0426,1.000,1.000,59.9,0.0167,1.0000,1.00,400,0,1399.82,0,1
1692.63,54,0.0188,0.0303,1.000,1.000,60.2,0.0167,1.0000,1.00,400,0,1400.84,0,1
1693.63,52,0.0193,0.0384,1.001,1.001,59.9,0.0167,1.0000,1.00,400,0,1401.84,0,1
1694.64,52,0.0193,0.0399,1.000,1.000,60.9,0.0167,1.0000,1.00,400,0,1402.84,0,1
1695.64,55,0.0184,0.0415,1.000,1.000,59.4,0.0167,1.0000,1.00,400,0,1403.85,0,1
1696.66,52,0.0194,0.0421,0.999,0.999,60.3,0.0167,1.0000,1.00,400,0,1404.86,0,1
1697.66,55,0.0183,0.0306,1.001,1.001,59.8,0.0167,1.0000,1.00,400,0,1405.86,0,1
1698.66,54,0.0185,0.0303,0.998,0.998,59.8,0.0167,1.0000,1.00,400,0,1406.87,0,1
1699.69,54,0.0191,0.0418,0.999,0.999,60.2,0.0167,1.0000,1.00,400,0,1407.89,0,1
1700.71,53,0.0192,0.0418,1.003,1.003,60.2,0.0167,1.0000,1.00,400,0,1408.91,0,1
1701.71,54,0.0185,0.0296,0.999,0.999,59.9,0.0167,1.0000,1.00,400,0,1409.91,0,1
1702.72,54,0.0187,0.0335,1.001,1.001,60.3,0.0167,1.0000,1.00,400,0,1410.92,0,1
1703.73,56,0.0180,0.0413,0.999,0.999,59.5,0.0167,1.0000,1.00,400,0,1411.93,0,1
1704.74,53,0.0190,0.0413,0.997,0.997,60.4,0.0167,1.0000,1.00,400,0,1412.94,0,1
1705.76,54,0.0189,0.0411,1.002,1.002,59.9,0.0167,1.0000,1.00,400,0,1413.96,0,1
1706.76,56,0.0179,0.0299,1.001,1.001,60.0,0.0167,1.0000,1.00,400,0,1414.96,0,1
1707.76,52,0.0192,0.0317,0.998,0.998,59.9,0.0167,1.0000,1.00,400,0,1415.96,0,1
1708.77,54,0.0188,0.0406,1.002,1.002,60.1,0.0167,1.0000,1.00,400,0,1416.98,0,1
1709.77,53,0.0189,0.0393,1.000,1.000,60.0,0.0167,1.0000,1.00,400,0,1417.98,0,1
1710.80,54,0.0189,0.0422,0.998,0.998,60.5,0.0167,1.0000,1.00,400,0,1419.00,0,1
1711.82,54,0.0191,0.0409,1.002,1.002,59.4,0.0167,1.0000,1.00,400,0,1420.03,0,1
1712.84,54,0.0188,0.0415,0.998,0.998,60.1,0.0167,1.0000,1.00,400,0,1421.04,0,1
1713.86,54,0.0190,0.0403,1.000,1.000,60.5,0.0167,1.0000,1.00,400,0,1422.07,0,1
1714.87,51,0.0198,0.0852,1.002,1.002,59.7,0.0167,1.0000,1.00,400,0,1423.07,0,1
1715.87,54,0.0186,0.0371,1.000,1.000,59.9,0.0167,1.0000,1.00,400,0,1424.08,0,1
1716.91,54,0.0192,0.0429,0.998,0.998,60.5,0.0167,1.0000,1.00,400,0,1425.12,0,1
1717.92,54,0.0187,0.0405,1.002,1.002,59.5,0.0167,1.0000,1.00,400,0,1426.13,0,1
1718.94,54,0.0189,0.0405,1.000,1.000,60.7,0.0167,1.0000,1.00,400,0,1427.15,0,1
1719.95,54,0.0187,0.0413,1.001,1.001,59.5,0.0167,1.0000,1.00,400,0,1428.16,0,1
1720.95,53,0.0190,0.0402,1.002,1.002,59.8,0.0167,1.0000,1.00,400,0,1429.16,0,1
1721.96,54,0.0185,0.0394,0.998,0.998,60.8,0.0167,1.0000,1.00,400,0,1430.16,0,1
1722.96,52,0.0192,0.0401,0.998,0.998,59.8,0.0167,1.0000,1.00,400,0,1431.16,0,1
1723.98,52,0.0195,0.0429,1.000,1.000,60.0,0.0167,1.0000,1.00,400,0,1432.18,0,1
1724.99,52,0.0195,0.0426,1.002,1.002,59.4,0.0167,1.0000,1.00,400,0,1433.19,0,1
1725.99,55,0.0183,0.0427,0.998,0.998,60.6,0.0167,1.0000,1.00,400,0,1434.20,0,1
1727.00,56,0.0180,0.0421,1.002,1.002,59.8,0.0167,1.0000,1.00,400,0,1435.20,0,1
1728.00,56,0.0179,0.0304,0.999,0.999,59.9,0.0167,1.0000,1.00,400,0,1436.20,0,1
1729.02,56,0.0182,0.0292,1.000,1.000,59.8,0.0167,1.0000,1.00,400,0,1437.22,0,1
1730.03,56,0.0180,0.0297,0.999,0.999,60.5,0.0167,1.0000,1.00,400,0,1438.23,0,1
1731.06,55,0.0188,0.0419,0.999,0.999,59.8,0.0167,1.0000,1.00,400,0,1439.26,0,1
1732.07,54,0.0188,0.0418,1.003,1.003,60.4,0.0167,1.0000,1.00,400,0,1440.28,0,1
1733.09,56,0.0182,0.0296,0.999,0.999,59.9,0.0167,1.0000,1.00,400,0,1441.29,0,1
1734.10,55,0.0183,0.0308,1.002,1.002,59.6,0.0167,1.0000,1.00,400,0,1442.30,0,1
1735.11,57,0.0178,0.0388,1.000,1.000,60.2,0.0167,1.0000,1.00,400,0,1443.32,0,1
1736.12,57,0.0177,0.0296,1.000,1.000,60.5,0.0167,1.0000,1.00,400,0,1444.32,0,1
1737.13,55,0.0183,0.0429,0.999,0.999,59.7,0.0167,1.0000,1.00,400,0,1445.33,0,1
1738.13,57,0.0176,0.0291,1.001,1.001,59.7,0.0167,1.0000,1.00,400,0,1446.33,0,1
1739.14,56,0.0180,0.0428,1.000,1.000,60.5,0.0167,1.0000,1.00,400,0,1447.34,0,1
1740.14,57,0.0176,0.0300,1.000,1.000,59.7,0.0167,1.0000,1.00,400,0,1448.35,0,1
1741.15,57,0.0177,0.0308,1.001,1.001,60.4,0.0167,1.0000,1.00,400,0,1449.36,0,1
1742.16,58,0.0174,0.0305,0.999,0.999,59.5,0.0167,1.0000,1.00,400,0,1450.36,0,1
1743.17,58,0.0174,0.0297,1.001,1.001,60.6,0.0167,1.0000,1.00,400,0,1451.37,0,1
1744.17,55,0.0183,0.0375,1.000,1.000,59.6,0.0167,1.0000,1.00,400,0,1452.38,0,1
1745.18,56,0.0180,0.0307,0.999,0.999,60.5,0.0167,1.0000,1.00,400,0,1453.39,0,1
1746.19,55,0.0184,0.0420,1.001,1.001,59.3,0.0167,1.0000,1.00,400,0,1454.40,0,1
1747.20,58,0.0174,0.0289,1.000,1.000,60.6,0.0167,1.0000,1.00,400,0,1455.41,0,1
1748.20,58,0.0173,0.0293,1.001,1.001,60.0,0.0167,1.0000,1.00,400,0,1456.41,0,1
1749.22,59,0.0172,0.0308,0.998,0.998,60.0,0.0167,1.0000,1.00,400,0,1457.42,0,1
1750.24,59,0.0173,0.0300,1.000,1.000,59.8,0.0167,1.0000,1.00,400,0,1458.44,0,1
1751.24,57,0.0176,0.0301,1.002,1.002,59.9,0.0167,1.0000,1.00,400,0,1459.44,0,1
1752.25,58,0.0174,0.0337,0.999,0.999,60.5,0.0167,1.0000,1.00,400,0,1460.45,0,1
1753.25,57,0.0176,0.0408,1.000,1.000,59.9,0.0167,1.0000,1.00,400,0,1461.45,0,1
1754.25,56,0.0179,0.0306,1.001,1.001,59.9,0.0167,1.0000,1.00,400,0,1462.45,0,1
1755.25,59,0.0170,0.0281,1.001,1.001,59.9,0.0167,1.0000,1.00,400,0,1463.46,0,1
1756.27,59,0.0173,0.0305,1.000,1.000,59.7,0.0167,1.0000,1.00,400,0,1464.48,0,1
1757.29,56,0.0181,0.0417,0.999,0.999,60.2,0.0167,1.0000,1.00,400,0,1465.49,0,1
1758.30,58,0.0175,0.0297,1.000,1.000,60.2,0.0167,1.0000,1.00,400,0,1466.50,0,1
1759.31,57,0.0178,0.0300,1.000,1.000,60.3,0.0167,1.0000,1.00,400,0,1467.52,0,1
1760.33,56,0.0181,0.0417,0.998,0.998,60.0,0.0167,1.0000,1.00,400,0,1468.53,0,1
1761.34,55,0.0183,0.0425,1.001,1.001,59.6,0.0167,1.0000,1.00,400,0,1469.54,0,1
1762.34,53,0.0189,0.0423,1.001,1.001,60.0,0.0167,1.0000,1.00,400,0,1470.54,0,1
1763.36,54,0.0189,0.0401,0.998,0.998,60.5,0.0167,1.0000,1.00,400,0,1471.56,0,1
1764.37,58,0.0174,0.0304,1.002,1.002,59.7,0.0167,1.0000,1.00,400,0,1472.57,0,1
1765.39,57,0.0179,0.0418,0.999,0.999,59.6,0.0167,1.0000,1.00,400,0,1473.59,0,1
1766.39,51,0.0197,0.0858,1.001,1.001,60.9,0.0167,1.0000,1.00,400,0,1474.59,0,1
1767.39,55,0.0182,0.0310,1.000,1.000,59.9,0.0167,1.0000,1.00,400,0,1475.60,0,1
1768.40,58,0.0174,0.0306,1.002,1.002,59.5,0.0167,1.0000,1.00,400,0,1476.61,0,1
1769.41,58,0.0174,0.0380,0.998,0.998,60.2,0.0167,1.0000,1.00,400,0,1477.62,0,1
1770.42,57,0.0176,0.0289,0.999,0.999,59.9,0.0167,1.0000,1.00,400,0,1478.62,0,1
1771.43,59,0.0171,0.0291,0.999,0.999,60.4,0.0167,1.0000,1.00,400,0,1479.63,0,1
1772.44,58,0.0175,0.0304,1.004,1.004,59.4,0.0167,1.0000,1.00,400,0,1480.64,0,1
1773.44,57,0.0176,0.0304,0.998,0.998,60.8,0.0167,1.0000,1.00,400,0,1481.64,0,1
1774.46,58,0.0177,0.0392,0.998,0.998,59.5,0.0167,1.0000,1.00,400,0,1482.67,0,1
1775.48,57,0.0179,0.0313,1.002,1.002,60.1,0.0167,1.0000,1.00,400,0,1483.68,0,1
1776.49,58,0.0174,0.0293,0.999,0.999,60.3,0.0167,1.0000,1.00,400,0,1484.69,0,1
1777.51,57,0.0178,0.0309,0.998,0.998,60.0,0.0167,1.0000,1.00,400,0,1485.71,0,1
1778.52,57,0.0178,0.0431,1.000,1.000,60.0,0.0167,1.0000,1.00,400,0,1486.73,0,1
1779.53,56,0.0179,0.0297,1.002,1.002,59.9,0.0167,1.0000,1.00,400,0,1487.73,0,1
1780.54,57,0.0179,0.0304,0.999,0.999,59.9,0.0167,1.0000,1.00,400,0,1488.75,0,1
1781.58,59,0.0175,0.0299,0.999,0.999,60.0,0.0167,1.0000,1.00,400,0,1489.78,0,1
1782.58,58,0.0174,0.0308,1.003,1.003,60.5,0.0167,1.0000,1.00,400,0,1490.79,0,1
1783.59,59,0.0171,0.0284,1.001,1.001,59.4,0.0167,1.0000,1.00,400,0,1491.80,0,1
1784.60,56,0.0179,0.0395,0.997,0.997,60.7,0.0167,1.0000,1.00,400,0,1492.80,0,1
1785.61,57,0.0177,0.0304,1.001,1.001,59.7,0.0167,1.0000,1.00,400,0,1493.81,0,1
1786.62,57,0.0178,0.0330,1.000,1.000,60.3,0.0167,1.0000,1.00,400,0,1494.82,0,1
1787.62,55,0.0183,0.0374,1.000,1.000,59.6,0.0167,1.0000,1.00,400,0,1495.83,0,1
1788.65,56,0.0183,0.0303,1.000,1.000,59.7,0.0167,1.0000,1.00,400,0,1496.85,0,1
1789.66,54,0.0187,0.0429,1.000,1.000,60.5,0.0167,1.0000,1.00,400,0,1497.86,0,1
1790.66,56,0.0179,0.0303,0.998,0.998,59.8,0.0167,1.0000,1.00,400,0,1498.86,0,1
1791.67,55,0.0184,0.0382,1.002,1.002,60.5,0.0167,1.0000,1.00,400,0,1499.87,0,1
1792.67,55,0.0183,0.0413,1.002,1.002,59.7,0.0167,1.0000,1.00,400,0,1500.88,0,1
1793.68,59,0.0170,0.0293,0.998,0.998,59.8,0.0167,1.0000,1.00,400,0,1501.88,0,1
1794.70,58,0.0176,0.0385,0.999,0.999,59.8,0.0167,1.0000,1.00,400,0,1502.90,0,1
1795.70,59,0.0172,0.0303,1.003,1.003,60.4,0.0167,1.0000,1.00,400,0,1503.91,0,1
1796.71,54,0.0186,0.0308,0.998,0.998,60.5,0.0167,1.0000,1.00,400,0,1504.92,0,1
1797.73,56,0.0182,0.0318,1.000,1.000,60.0,0.0167,1.0000,1.00,400,0,1505.93,0,1
1798.74,56,0.0181,0.0300,1.000,1.000,59.2,0.0167,1.0000,1.00,400,0,1506.95,0,1
1799.75,57,0.0177,0.0389,1.001,1.001,60.6,0.0167,1.0000,1.00,400,0,1507.95,0,1
1800.76,56,0.0180,0.0416,0.999,0.999,60.4,0.0167,1.0000,1.00,400,0,1508.96,0,1
1801.76,56,0.0179,0.0375,1.001,1.001,59.9,0.0167,1.0000,1.00,400,0,1509.97,0,1
1802.77,56,0.0181,0.0340,1.000,1.000,59.3,0.0167,1.0000,1.00,400,0,1510.98,0,1
1803.78,58,0.0173,0.0384,1.000,1.000,60.8,0.0167,1.0000,1.00,400,0,1511.98,0,1
1804.78,57,0.0177,0.0319,0.999,0.999,59.6,0.0167,1.0000,1.00,400,0,1512.99,0,1
1805.79,57,0.0176,0.0312,1.002,1.002,59.8,0.0167,1.0000,1.00,400,0,1513.99,0,1
1806.79,56,0.0179,0.0311,0.997,0.997,60.7,0.0167,1.0000,1.00,400,0,1515.00,0,1
1807.81,56,0.0181,0.0415,0.999,0.999,60.0,0.0167,1.0000,1.00,400,0,1516.01,0,1
1808.83,58,0.0176,0.0311,0.999,0.999,59.6,0.0167,1.0000,1.00,400,0,1517.04,0,1
1809.84,57,0.0177,0.0300,1.003,1.003,60.7,0.0167,1.0000,1.00,400,0,1518.04,0,1
1810.84,60,0.0167,0.0290,1.000,1.000,59.7,0.0167,1.0000,1.00,400,0,1519.05,0,1
1811.85,56,0.0180,0.0317,0.999,0.999,59.5,0.0167,1.0000,1.00,400,0,1520.06,0,1
1812.87,57,0.0178,0.0427,1.000,1.000,60.2,0.0167,1.0000,1.00,400,0,1521.07,0,1
1813.87,56,0.0179,0.0303,1.000,1.000,60.0,0.0167,1.0000,1.00,400,0,1522.07,0,1
1814.89,58,0.0177,0.0317,0.998,0.998,60.3,0.0167,1.0000,1.00,400,0,1523.10,0,1
1815.91,55,0.0184,0.0337,1.003,1.003,60.3,0.0167,1.0000,1.00,400,0,1524.11,0,1
1816.91,57,0.0176,0.0403,1.000,1.000,59.8,0.0167,1.0000,1.00,400,0,1525.11,0,1
1817.91,51,0.0197,0.0976,1.000,1.000,59.7,0.0167,1.0000,1.00,400,0,1526.12,0,1
1818.93,58,0.0175,0.0426,0.999,0.999,60.1,0.0167,1.0000,1.00,400,0,1527.13,0,1
1819.94,58,0.0174,0.0311,0.999,0.999,60.6,0.0167,1.0000,1.00,400,0,1528.14,0,1
1820.94,57,0.0176,0.0303,1.000,1.000,60.0,0.0167,1.0000,1.00,400,0,1529.14,0,1
1821.94,57,0.0177,0.0303,1.001,1.001,59.5,0.0167,1.0000,1.00,400,0,1530.15,0,1
1822.95,57,0.0177,0.0377,1.000,1.000,60.4,0.0167,1.0000,1.00,400,0,1531.16,0,1
1823.96,56,0.0180,0.0408,0.999,0.999,59.4,0.0167,1.0000,1.00,400,0,1532.17,0,1
1824.97,56,0.0179,0.0311,1.001,1.001,60.8,0.0167,1.0000,1.00,400,0,1533.17,0,1
1825.98,58,0.0174,0.0313,1.002,1.002,59.6,0.0167,1.0000,1.00,400,0,1534.18,0,1
1826.99,55,0.0185,0.0426,0.998,0.998,60.0,0.0167,1.0000,1.00,400,0,1535.20,0,1
1828.00,56,0.0180,0.0426,0.998,0.998,60.3,0.0167,1.0000,1.00,400,0,1536.21,0,1
1829.01,56,0.0180,0.0320,1.004,1.004,59.7,0.0167,1.0000,1.00,400,0,1537.22,0,1
1830.03,59,0.0172,0.0306,0.997,0.997,59.9,0.0167,1.0000,1.00,400,0,1538.23,0,1
1831.03,54,0.0186,0.0426,1.001,1.001,60.0,0.0167,1.0000,1.00,400,0,1539.23,0,1
1832.06,57,0.0180,0.0297,0.998,0.998,60.2,0.0167,1.0000,1.00,400,0,1540.26,0,1
1833.09,57,0.0181,0.0412,0.999,0.999,60.2,0.0167,1.0000,1.00,400,0,1541.29,0,1
1834.09,56,0.0179,0.0300,1.002,1.002,60.0,0.0167,1.0000,1.00,400,0,1542.29,0,1
1835.10,58,0.0174,0.0298,1.000,1.000,59.5,0.0167,1.0000,1.00,400,0,1543.30,0,1
1836.12,57,0.0181,0.0297,1.001,1.001,60.3,0.0167,1.0000,1.00,400,0,1544.33,0,1
1837.13,54,0.0186,0.0420,1.000,1.000,60.6,0.0167,1.0000,1.00,400,0,1545.33,0,1
1838.14,56,0.0179,0.0314,1.000,1.000,59.8,0.0167,1.0000,1.00,400,0,1546.34,0,1
1839.15,56,0.0181,0.0409,0.999,0.999,60.2,0.0167,1.0000,1.00,400,0,1547.35,0,1
1840.16,54,0.0188,0.0399,1.002,1.002,59.4,0.0167,1.0000,1.00,400,0,1548.36,0,1
1841.17,55,0.0185,0.0427,1.000,1.000,60.0,0.0167,1.0000,1.00,400,0,1549.38,0,1
1842.18,58,0.0174,0.0304,1.000,1.000,60.5,0.0167,1.0000,1.00,400,0,1550.39,0,1
1843.21,56,0.0183,0.0429,0.998,0.998,60.2,0.0167,1.0000,1.00,400,0,1551.41,0,1
1844.22,54,0.0186,0.0419,1.002,1.002,59.8,0.0167,1.0000,1.00,400,0,1552.42,0,1
1845.23,55,0.0184,0.0432,1.001,1.001,60.2,0.0167,1.0000,1.00,400,0,1553.43,0,1
1846.24,56,0.0180,0.0296,1.000,1.000,59.4,0.0167,1.0000,1.00,400,0,1554.44,0,1
1847.25,56,0.0181,0.0289,0.999,0.999,60.1,0.0167,1.0000,1.00,400,0,1555.46,0,1
1848.26,56,0.0180,0.0424,1.000,1.000,60.4,0.0167,1.0000,1.00,400,0,1556.46,0,1
1849.27,55,0.0184,0.0412,1.003,1.003,59.5,0.0167,1.0000,1.00,400,0,1557.48,0,1
1850.27,54,0.0185,0.0406,0.998,0.998,59.9,0.0167,1.0000,1.00,400,0,1558.47,0,1
1851.28,55,0.0182,0.0423,0.997,0.997,60.6,0.0167,1.0000,1.00,400,0,1559.48,0,1
1852.29,57,0.0178,0.0313,1.000,1.000,60.1,0.0167,1.0000,1.00,400,0,1560.49,0,1
1853.30,56,0.0180,0.0431,0.999,0.999,59.6,0.0167,1.0000,1.00,400,0,1561.50,0,1
1854.31,56,0.0181,0.0432,1.003,1.003,60.5,0.0167,1.0000,1.00,400,0,1562.51,0,1
1855.31,56,0.0179,0.0301,1.000,1.000,59.7,0.0167,1.0000,1.00,400,0,1563.51,0,1
1856.31,57,0.0176,0.0330,0.999,0.999,59.9,0.0167,1.0000,1.00,400,0,1564.52,0,1
1857.34,58,0.0177,0.0308,0.999,0.999,60.4,0.0167,1.0000,1.00,400,0,1565.54,0,1
1858.36,56,0.0182,0.0428,0.999,0.999,59.9,0.0167,1.0000,1.00,400,0,1566.56,0,1
1859.38,58,0.0176,0.0310,1.002,1.002,59.9,0.0167,1.0000,1.00,400,0,1567.58,0,1
1860.40,56,0.0182,0.0435,1.000,1.000,59.8,0.0167,1.0000,1.00,400,0,1568.60,0,1
1861.41,58,0.0174,0.0408,1.000,1.000,60.4,0.0167,1.0000,1.00,400,0,1569.61,0,1
1862.41,57,0.0177,0.0433,1.001,1.001,59.7,0.0167,1.0000,1.00,400,0,1570.62,0,1
1863.44,59,0.0174,0.0315,0.998,0.998,60.4,0.0167,1.0000,1.00,400,0,1571.64,0,1
1864.44,56,0.0180,0.0418,1.002,1.002,59.7,0.0167,1.0000,1.00,400,0,1572.65,0,1
1865.46,56,0.0182,0.0404,1.000,1.000,59.9,0.0167,1.0000,1.00,400,0,1573.67,0,1
1866.47,57,0.0177,0.0399,0.998,0.998,60.2,0.0167,1.0000,1.00,400,0,1574.68,0,1
1867.48,58,0.0174,0.0292,1.002,1.002,60.4,0.0167,1.0000,1.00,400,0,1575.69,0,1
1868.49,56,0.0180,0.0312,1.000,1.000,59.7,0.0167,1.0000,1.00,400,0,1576.69,0,1
1869.49,52,0.0193,0.0834,1.000,1.000,59.9,0.0167,1.0000,1.00,400,0,1577.69,0,1
1870.50,56,0.0180,0.0302,0.999,0.999,60.4,0.0167,1.0000,1.00,400,0,1578.70,0,1
1871.51,57,0.0177,0.0414,1.000,1.000,59.4,0.0167,1.0000,1.00,400,0,1579.71,0,1
1872.52,54,0.0186,0.0379,0.995,0.995,59.6,0.0167,1.0000,1.00,400,0,1580.72,0,1
1873.52,53,0.0190,0.0409,1.006,1.006,61.0,0.0167,1.0000,1.00,400,0,1581.72,0,1
1874.52,57,0.0175,0.0313,0.999,0.999,60.0,0.0167,1.0000,1.00,400,0,1582.72,0,1
1875.52,55,0.0183,0.0428,1.000,1.000,59.7,0.0167,1.0000,1.00,400,0,1583.73,0,1
1876.53,58,0.0174,0.0297,1.001,1.001,60.3,0.0167,1.0000,1.00,400,0,1584.74,0,1
1877.56,54,0.0189,0.0308,0.997,0.997,59.6,0.0167,1.0000,1.00,400,0,1585.76,0,1
1878.58,54,0.0190,0.0342,1.001,1.001,60.6,0.0167,1.0000,1.00,400,0,1586.78,0,1
1879.60,59,0.0173,0.0300,1.000,1.000,59.7,0.0167,1.0000,1.00,400,0,1587.81,0,1
1880.61,62,0.0162,0.0283,1.001,1.001,59.7,0.0167,1.0000,1.00,400,0,1588.81,0,1
1881.62,62,0.0164,0.0330,1.000,1.000,60.2,0.0167,1.0000,1.00,400,0,1589.83,0,1
1882.63,57,0.0176,0.0311,1.000,1.000,59.7,0.0167,1.0000,1.00,400,0,1590.83,0,1
1883.64,55,0.0184,0.0325,1.000,1.000,60.3,0.0167,1.0000,1.00,400,0,1591.84,0,1
1884.65,50,0.0202,0.0341,1.000,1.000,60.4,0.0167,1.0000,1.00,400,0,1592.85,0,1
1885.65,48,0.0210,0.0346,1.000,1.000,59.7,0.0167,1.0000,1.00,400,0,1593.86,0,1
1886.65,49,0.0204,0.0333,0.999,0.999,59.9,0.0167,1.0000,1.00,400,0,1594.86,0,1
1887.66,49,0.0205,0.0339,1.000,1.000,59.8,0.0167,1.0000,1.00,400,0,1595.86,0,1
1888.68,49,0.0209,0.0338,1.000,1.000,60.6,0.0167,1.0000,1.00,400,0,1596.88,0,1
1889.68,49,0.0205,0.0347,1.002,1.002,59.8,0.0167,1.0000,1.00,400,0,1597.89,0,1
1890.70,50,0.0204,0.0430,0.999,0.999,59.9,0.0167,1.0000,1.00,400,0,1598.91,0,1
1891.72,55,0.0185,0.0305,1.000,1.000,59.9,0.0167,1.0000,1.00,400,0,1599.92,0,1
1892.73,53,0.0190,0.0339,1.001,1.001,60.5,0.0167,1.0000,1.00,400,0,1600.93,0,1
1893.80,53,0.0188,0.0400,0.925,0.925,55.8,0.0167,1.0000,1.00,400,0,1601.93,0,1
1894.81,54,0.0202,0.0987,1.080,1.080,64.3,0.0167,1.0000,1.00,400,0,1603.02,0,1
1895.82,51,0.0197,0.0389,1.000,1.000,59.7,0.0167,1.0000,1.00,400,0,1604.02,0,1
1896.84,54,0.0188,0.0381,1.000,1.000,60.1,0.0167,1.0000,1.00,400,0,1605.04,0,1
1897.86,57,0.0179,0.0393,0.998,0.998,60.7,0.0167,1.0000,1.00,400,0,1606.06,0,1
1898.86,54,0.0187,0.0324,1.003,1.003,59.5,0.0167,1.0000,1.00,400,0,1607.07,0,1
1899.87,59,0.0170,0.0297,1.000,1.000,59.8,0.0167,1.0000,1.00,400,0,1608.07,0,1
1900.88,59,0.0171,0.0406,0.998,0.998,60.3,0.0167,1.0000,1.00,400,0,1609.08,0,1
1901.89,61,0.0165,0.0293,1.000,1.000,60.5,0.0167,1.0000,1.00,400,0,1610.09,0,1
1902.91,60,0.0169,0.0305,0.998,0.998,59.9,0.0167,1.0000,1.00,400,0,1611.11,0,1
1903.92,63,0.0161,0.0315,1.001,1.001,59.4,0.0167,1.0000,1.00,400,0,1612.12,0,1
1904.93,60,0.0169,0.0328,0.999,0.999,60.2,0.0167,1.0000,1.00,400,0,1613.13,0,1
1905.94,60,0.0169,0.0328,1.002,1.002,60.4,0.0167,1.0000,1.00,400,0,1614.14,0,1
1906.94,60,0.0167,0.0361,1.000,1.000,60.0,0.0167,1.0000,1.00,400,0,1615.14,0,1
1907.97,60,0.0171,0.0341,0.998,0.998,60.2,0.0167,1.0000,1.00,400,0,1616.17,0,1
1908.98,61,0.0166,0.0304,1.004,1.004,59.5,0.0167,1.0000,1.00,400,0,1617.18,0,1
1909.98,57,0.0176,0.0833,0.999,0.999,60.7,0.0167,1.0000,1.00,400,0,1618.19,0,1
1910.99,62,0.0162,0.0308,0.999,0.999,59.5,0.0167,1.0000,1.00,400,0,1619.19,0,1
1912.00,64,0.0157,0.0349,1.002,1.002,59.7,0.0167,1.0000,1.00,400,0,1620.20,0,1
1913.00,60,0.0168,0.0342,0.998,0.998,60.4,0.0167,1.0000,1.00,400,0,1621.21,0,1
1914.01,60,0.0168,0.0371,1.000,1.000,59.6,0.0167,1.0000,1.00,400,0,1622.22,0,1
1915.02,60,0.0168,0.0290,0.997,0.997,60.4,0.0167,1.0000,1.00,400,0,1623.22,0,1
1916.03,59,0.0171,0.0350,1.004,1.004,59.6,0.0167,1.0000,1.00,400,0,1624.23,0,1
1917.03,58,0.0173,0.0307,0.999,0.999,60.7,0.0167,1.0000,1.00,400,0,1625.24,0,1
1918.03,58,0.0172,0.0331,0.999,0.999,60.0,0.0167,1.0000,1.00,400,0,1626.24,0,1
1919.05,57,0.0178,0.0372,0.998,0.998,60.0,0.0167,1.0000,1.00,400,0,1627.25,0,1
1920.06,59,0.0171,0.0395,1.004,1.004,59.6,0.0167,1.0000,1.00,400,0,1628.26,0,1
1921.08,59,0.0174,0.0316,0.998,0.998,60.3,0.0167,1.0000,1.00,400,0,1629.29,0,1
1922.10,60,0.0169,0.0300,0.999,0.999,60.2,0.0167,1.0000,1.00,400,0,1630.30,0,1
1923.11,62,0.0163,0.0366,1.004,1.004,59.5,0.0167,1.0000,1.00,400,0,1631.31,0,1
1924.11,58,0.0173,0.0349,1.000,1.000,59.9,0.0167,1.0000,1.00,400,0,1632.31,0,1
1925.11,60,0.0167,0.0309,0.999,0.999,60.9,0.0167,1.0000,1.00,400,0,1633.31,0,1
1926.12,59,0.0171,0.0305,1.000,1.000,59.4,0.0167,1.0000,1.00,400,0,1634.32,0,1
1927.13,59,0.0171,0.0290,0.999,0.999,60.5,0.0167,1.0000,1.00,400,0,1635.33,0,1
1928.13,59,0.0170,0.0385,1.001,1.001,59.9,0.0167,1.0000,1.00,400,0,1636.33,0,1
1929.15,57,0.0178,0.0382,0.998,0.998,59.9,0.0167,1.0000,1.00,400,0,1637.35,0,1
1930.16,57,0.0177,0.0305,1.001,1.001,60.4,0.0167,1.0000,1.00,400,0,1638.36,0,1
1931.18,49,0.0208,0.0402,1.000,1.000,59.9,0.0167,1.0000,1.00,400,0,1639.38,0,1
1932.18,77,0.0131,0.0375,1.001,1.001,59.6,0.0167,1.0000,1.00,400,0,1640.39,0,1
1933.19,86,0.0117,0.0159,1.000,1.000,60.5,0.0167,1.0000,1.00,400,0,1641.40,0,1
1934.20,87,0.0116,0.0145,1.002,1.002,59.5,0.0167,1.0000,1.00,400,0,1642.41,0,1
1935.21,87,0.0116,0.0154,0.998,0.998,60.3,0.0167,1.0000,1.00,400,0,1643.42,0,1
1936.22,87,0.0116,0.0150,1.002,1.002,59.6,0.0167,1.0000,1.00,400,0,1644.43,0,1
1937.22,85,0.0118,0.0153,0.998,0.998,60.8,0.0167,1.0000,1.00,400,0,1645.43,0,1
1938.23,86,0.0117,0.0147,1.000,1.000,59.8,0.0167,1.0000,1.00,400,0,1646.43,0,1
1939.23,85,0.0118,0.0151,1.000,1.000,59.7,0.0167,1.0000,1.00,400,0,1647.44,0,1
1940.23,86,0.0117,0.0149,1.001,1.001,59.9,0.0167,1.0000,1.00,400,0,1648.44,0,1
1941.23,85,0.0118,0.0150,1.000,1.000,60.0,0.0167,1.0000,1.00,400,0,1649.44,0,1
1942.25,87,0.0117,0.0154,0.999,0.999,60.1,0.0167,1.0000,1.00,400,0,1650.45,0,1
1943.27,42,0.0242,0.0404,0.998,0.998,59.9,0.0167,1.0000,1.00,400,0,1651.47,0,1
1944.27,35,0.0286,0.0395,0.999,0.999,59.8,0.0167,1.0000,1.00,400,0,1652.47,0,1
1945.27,65,0.0154,0.0391,1.002,1.002,60.9,0.0167,1.0000,1.00,400,0,1653.47,0,1
1946.28,74,0.0137,0.0193,1.002,1.002,59.5,0.0167,1.0000,1.00,400,0,1654.49,0,1
1947.29,73,0.0138,0.0185,0.997,0.997,60.4,0.0167,1.0000,1.00,400,0,1655.49,0,1
1948.29,72,0.0140,0.0194,1.001,1.001,59.6,0.0167,1.0000,1.00,400,0,1656.50,0,1
1949.30,73,0.0138,0.0192,0.999,0.999,60.6,0.0167,1.0000,1.00,400,0,1657.50,0,1
1950.30,71,0.0141,0.0195,1.000,1.000,59.9,0.0167,1.0000,1.00,400,0,1658.51,0,1
1951.31,69,0.0145,0.0266,1.000,1.000,59.8,0.0167,1.0000,1.00,400,0,1659.51,0,1
1952.32,64,0.0158,0.1095,0.999,0.999,60.3,0.0167,1.0000,1.00,400,0,1660.52,0,1
1953.33,71,0.0142,0.0276,1.001,1.001,59.4,0.0167,1.0000,1.00,400,0,1661.53,0,1
1954.34,72,0.0140,0.0290,1.000,1.000,60.4,0.0167,1.0000,1.00,400,0,1662.54,0,1
1955.34,71,0.0141,0.0297,1.000,1.000,59.9,0.0167,1.0000,1.00,400,0,1663.54,0,1
1956.35,73,0.0139,0.0184,1.000,1.000,60.1,0.0167,1.0000,1.00,400,0,1664.56,0,1
1957.36,72,0.0140,0.0233,1.000,1.000,60.4,0.0167,1.0000,1.00,400,0,1665.57,0,1
1958.37,71,0.0142,0.0194,1.000,1.000,59.6,0.0167,1.0000,1.00,400,0,1666.58,0,1
1959.38,71,0.0142,0.0187,1.001,1.001,59.7,0.0167,1.0000,1.00,400,0,1667.58,0,1
1960.38,72,0.0140,0.0208,0.999,0.999,60.6,0.0167,1.0000,1.00,400,0,1668.59,0,1
1961.39,73,0.0138,0.0196,0.999,0.999,59.7,0.0167,1.0000,1.00,400,0,1669.59,0,1
1962.39,73,0.0138,0.0192,1.001,1.001,60.5,0.0167,1.0000,1.00,400,0,1670.60,0,1
1963.40,71,0.0142,0.0197,1.000,1.000,59.5,0.0167,1.0000,1.00,400,0,1671.61,0,1
1964.41,71,0.0142,0.0200,1.000,1.000,60.5,0.0167,1.0000,1.00,400,0,1672.61,0,1
1965.42,72,0.0141,0.0197,1.000,1.000,59.2,0.0167,1.0000,1.00,400,0,1673.63,0,1
1966.44,72,0.0141,0.0194,1.000,1.000,60.0,0.0167,1.0000,1.00,400,0,1674.64,0,1
1967.45,71,0.0143,0.0220,1.000,1.000,60.1,0.0167,1.0000,1.00,400,0,1675.66,0,1
1968.47,71,0.0142,0.0201,0.999,0.999,60.3,0.0167,1.0000,1.00,400,0,1676.67,0,1
1969.47,71,0.0141,0.0210,1.000,1.000,59.9,0.0167,1.0000,1.00,400,0,1677.67,0,1
1970.47,72,0.0139,0.0192,1.001,1.001,59.9,0.0167,1.0000,1.00,400,0,1678.67,0,1
1971.48,70,0.0144,0.0285,1.000,1.000,60.5,0.0167,1.0000,1.00,400,0,1679.68,0,1
1972.48,70,0.0143,0.0195,1.001,1.001,59.9,0.0167,1.0000,1.00,400,0,1680.68,0,1
1973.49,70,0.0144,0.0227,1.002,1.002,59.5,0.0167,1.0000,1.00,400,0,1681.69,0,1
1974.50,73,0.0138,0.0186,0.998,0.998,60.4,0.0167,1.0000,1.00,400,0,1682.70,0,1
1975.50,73,0.0138,0.0186,1.003,1.003,59.6,0.0167,1.0000,1.00,400,0,1683.71,0,1
1976.50,72,0.0139,0.0184,1.000,1.000,60.0,0.0167,1.0000,1.00,400,0,1684.71,0,1
1977.51,72,0.0140,0.0196,0.998,0.998,60.4,0.0167,1.0000,1.00,400,0,1685.72,0,1
1978.52,71,0.0142,0.0194,1.003,1.003,59.7,0.0167,1.0000,1.00,400,0,1686.72,0,1
1979.53,71,0.0142,0.0190,0.997,0.997,60.4,0.0167,1.0000,1.00,400,0,1687.73,0,1
1980.54,72,0.0140,0.0192,1.000,1.000,60.4,0.0167,1.0000,1.00,400,0,1688.74,0,1
1981.55,71,0.0142,0.0191,1.000,1.000,59.4,0.0167,1.0000,1.00,400,0,1689.75,0,1
1982.56,70,0.0144,0.0230,1.000,1.000,60.5,0.0167,1.0000,1.00,400,0,1690.76,0,1
1983.56,57,0.0176,0.0467,0.999,0.999,59.8,0.0167,1.0000,1.00,400,0,1691.76,0,1
1984.56,56,0.0179,0.0390,1.002,1.002,60.0,0.0167,1.0000,1.00,400,0,1692.76,0,1
1985.58,68,0.0150,0.0235,0.999,0.999,59.7,0.0167,1.0000,1.00,400,0,1693.79,0,1
1986.60,56,0.0180,0.0384,0.988,0.988,59.6,0.0167,1.0000,1.00,400,0,1694.80,0,1
1987.61,51,0.0200,0.0755,1.012,1.012,60.5,0.0167,1.0000,1.00,400,0,1695.82,0,1
1988.62,60,0.0169,0.0250,1.002,1.002,60.3,0.0167,1.0000,1.00,400,0,1696.83,0,1
1989.63,69,0.0145,0.0309,0.999,0.999,60.0,0.0167,1.0000,1.00,400,0,1697.83,0,1
1990.64,72,0.0140,0.0190,0.999,0.999,60.3,0.0167,1.0000,1.00,400,0,1698.84,0,1
1991.65,71,0.0143,0.0243,1.003,1.003,59.5,0.0167,1.0000,1.00,400,0,1699.85,0,1
1992.66,64,0.0158,0.1003,0.998,0.998,60.2,0.0167,1.0000,1.00,400,0,1700.86,0,1
1993.67,71,0.0143,0.0184,0.999,0.999,60.2,0.0167,1.0000,1.00,400,0,1701.88,0,1
1994.68,72,0.0140,0.0186,1.003,1.003,59.6,0.0167,1.0000,1.00,400,0,1702.89,0,1
1995.69,71,0.0142,0.0199,0.998,0.998,60.2,0.0167,1.0000,1.00,400,0,1703.90,0,1
1996.69,70,0.0143,0.0195,1.000,1.000,59.9,0.0167,1.0000,1.00,400,0,1704.90,0,1
1997.71,72,0.0141,0.0180,0.999,0.999,60.2,0.0167,1.0000,1.00,400,0,1705.91,0,1
1998.72,70,0.0145,0.0261,1.000,1.000,60.3,0.0167,1.0000,1.00,400,0,1706.92,0,1
1999.73,71,0.0143,0.0187,1.000,1.000,60.1,0.0167,1.0000,1.00,400,0,1707.94,0,1
2000.74,68,0.0148,0.0399,0.998,0.998,59.4,0.0167,1.0000,1.00,400,0,1708.95,0,1
2001.77,26,0.0393,0.0424,0.999,0.999,60.6,0.0167,1.0000,1.00,400,0,1709.97,0,1
2002.79,26,0.0392,0.0405,1.001,1.001,59.8,0.0167,1.0000,1.00,400,0,1710.99,0,1
2003.81,26,0.0395,0.0424,1.000,1.000,60.4,0.0167,1.0000,1.00,400,0,1712.02,0,1
2004.82,33,0.0305,0.0402,1.002,1.002,59.8,0.0167,1.0000,1.00,400,0,1713.02,0,1
2005.84,36,0.0283,0.0425,0.999,0.999,59.8,0.0167,1.0000,1.00,400,0,1714.04,0,1
2006.85,32,0.0317,0.0409,1.000,1.000,60.2,0.0167,1.0000,1.00,400,0,1715.05,0,1
2007.85,33,0.0304,0.0415,1.001,1.001,59.7,0.0167,1.0000,1.00,400,0,1716.06,0,1
2008.86,41,0.0246,0.0413,0.999,0.999,60.5,0.0167,1.0000,1.00,400,0,1717.06,0,1
2009.87,55,0.0183,0.0312,1.002,1.002,59.6,0.0167,1.0000,1.00,400,0,1718.07,0,1
2010.87,56,0.0179,0.0298,1.002,1.002,59.9,0.0167,1.0000,1.00,400,0,1719.08,0,1
2011.89,54,0.0188,0.0326,0.997,0.997,60.0,0.0167,1.0000,1.00,400,0,1720.09,0,1
2012.90,57,0.0178,0.0294,1.001,1.001,60.3,0.0167,1.0000,1.00,400,0,1721.10,0,1
2013.91,56,0.0181,0.0306,0.999,0.999,60.1,0.0167,1.0000,1.00,400,0,1722.12,0,1
2014.93,58,0.0174,0.0284,1.001,1.001,60.3,0.0167,1.0000,1.00,400,0,1723.13,0,1
2015.93,55,0.0183,0.0387,1.000,1.000,59.5,0.0167,1.0000,1.00,400,0,1724.14,0,1
2016.94,58,0.0174,0.0292,1.001,1.001,60.6,0.0167,1.0000,1.00,400,0,1725.15,0,1
2017.95,58,0.0174,0.0290,1.000,1.000,59.6,0.0167,1.0000,1.00,400,0,1726.15,0,1
2018.95,59,0.0170,0.0288,1.002,1.002,59.9,0.0167,1.0000,1.00,400,0,1727.16,0,1
2019.97,59,0.0171,0.0299,0.996,0.996,60.1,0.0167,1.0000,1.00,400,0,1728.17,0,1
2020.99,57,0.0180,0.0329,1.000,1.000,60.5,0.0167,1.0000,1.00,400,0,1729.19,0,1
2021.99,55,0.0182,0.0303,1.001,1.001,59.9,0.0167,1.0000,1.00,400,0,1730.20,0,1
2022.99,56,0.0179,0.0291,1.002,1.002,59.9,0.0167,1.0000,1.00,400,0,1731.20,0,1
2023.99,58,0.0172,0.0297,0.999,0.999,59.9,0.0167,1.0000,1.00,400,0,1732.20,0,1
2025.00,56,0.0179,0.0308,1.001,1.001,59.9,0.0167,1.0000,1.00,400,0,1733.20,0,1
2026.00,58,0.0173,0.0302,0.999,0.999,60.6,0.0167,1.0000,1.00,400,0,1734.21,0,1
2027.01,54,0.0186,0.0408,1.000,1.000,59.7,0.0167,1.0000,1.00,400,0,1735.21,0,1
2028.01,56,0.0180,0.0288,1.002,1.002,59.7,0.0167,1.0000,1.00,400,0,1736.22,0,1
2029.02,56,0.0179,0.0299,0.999,0.999,60.7,0.0167,1.0000,1.00,400,0,1737.22,0,1
2030.03,56,0.0181,0.0292,0.999,0.999,59.2,0.0167,1.0000,1.00,400,0,1738.23,0,1
2031.05,59,0.0173,0.0296,0.999,0.999,60.5,0.0167,1.0000,1.00,400,0,1739.26,0,1
2032.06,56,0.0180,0.0297,1.000,1.000,59.6,0.0167,1.0000,1.00,400,0,1740.26,0,1
2033.07,58,0.0175,0.0301,1.002,1.002,60.3,0.0167,1.0000,1.00,400,0,1741.28,0,1
2034.11,58,0.0178,0.0372,0.998,0.998,59.9,0.0167,1.0000,1.00,400,0,1742.31,0,1
2035.13,55,0.0185,0.0304,0.998,0.998,59.8,0.0167,1.0000,1.00,400,0,1743.33,0,1
2036.15,53,0.0192,0.0403,1.003,1.003,60.0,0.0167,1.0000,1.00,400,0,1744.35,0,1
2037.16,56,0.0180,0.0299,1.000,1.000,60.4,0.0167,1.0000,1.00,400,0,1745.36,0,1
2038.16,53,0.0190,0.0861,1.003,1.003,59.8,0.0167,1.0000,1.00,400,0,1746.37,0,1
2039.18,57,0.0179,0.0402,0.997,0.997,59.8,0.0167,1.0000,1.00,400,0,1747.38,0,1
2040.19,58,0.0174,0.0396,1.001,1.001,60.6,0.0167,1.0000,1.00,400,0,1748.39,0,1
2041.19,58,0.0173,0.0292,1.000,1.000,59.9,0.0167,1.0000,1.00,400,0,1749.39,0,1
2042.20,55,0.0184,0.0298,1.001,1.001,60.3,0.0167,1.0000,1.00,400,0,1750.41,0,1
2043.21,56,0.0180,0.0302,0.999,0.999,59.3,0.0167,1.0000,1.00,400,0,1751.42,0,1
2044.22,55,0.0183,0.0293,1.001,1.001,60.7,0.0167,1.0000,1.00,400,0,1752.42,0,1
2045.24,57,0.0180,0.0384,1.000,1.000,59.6,0.0167,1.0000,1.00,400,0,1753.44,0,1
2046.26,56,0.0182,0.0404,0.998,0.998,59.9,0.0167,1.0000,1.00,400,0,1754.46,0,1
2047.28,50,0.0204,0.0366,0.996,0.996,60.6,0.0167,1.0000,1.00,400,0,1755.48,0,1
2048.30,51,0.0199,0.0471,1.004,1.004,60.2,0.0167,1.0000,1.00,400,0,1756.50,0,1
2049.31,53,0.0192,0.0386,0.999,0.999,60.0,0.0167,1.0000,1.00,400,0,1757.51,0,1
2050.33,56,0.0181,0.0400,1.000,1.000,60.1,0.0167,1.0000,1.00,400,0,1758.53,0,1
2051.34,55,0.0185,0.0412,1.002,1.002,59.3,0.0167,1.0000,1.00,400,0,1759.55,0,1
2052.37,56,0.0183,0.0395,0.998,0.998,60.5,0.0167,1.0000,1.00,400,0,1760.57,0,1
2053.38,58,0.0175,0.0289,1.002,1.002,60.4,0.0167,1.0000,1.00,400,0,1761.58,0,1
2054.38,56,0.0179,0.0411,0.999,0.999,59.7,0.0167,1.0000,1.00,400,0,1762.58,0,1
2055.38,57,0.0176,0.0308,1.000,1.000,59.8,0.0167,1.0000,1.00,400,0,1763.59,0,1
2056.39,57,0.0176,0.0283,1.000,1.000,59.8,0.0167,1.0000,1.00,400,0,1764.59,0,1
2057.39,56,0.0179,0.0398,1.001,1.001,60.0,0.0167,1.0000,1.00,400,0,1765.59,0,1
2058.40,59,0.0171,0.0405,1.000,1.000,60.4,0.0167,1.0000,1.00,400,0,1766.60,0,1
2059.42,58,0.0177,0.0288,0.999,0.999,59.5,0.0167,1.0000,1.00,400,0,1767.63,0,1
2060.44,58,0.0175,0.0395,1.001,1.001,60.1,0.0167,1.0000,1.00,400,0,1768.64,0,1
2061.46,58,0.0175,0.0302,0.999,0.999,60.9,0.0167,1.0000,1.00,400,0,1769.66,0,1
2062.46,58,0.0174,0.0303,1.001,1.001,59.5,0.0167,1.0000,1.00,400,0,1770.67,0,1
2063.47,56,0.0180,0.0403,1.001,1.001,60.6,0.0167,1.0000,1.00,400,0,1771.68,0,1
2064.48,55,0.0184,0.0403,1.000,1.000,59.4,0.0167,1.0000,1.00,400,0,1772.69,0,1
2065.50,56,0.0181,0.0304,1.000,1.000,60.1,0.0167,1.0000,1.00,400,0,1773.70,0,1
2066.51,58,0.0175,0.0287,0.999,0.999,60.0,0.0167,1.0000,1.00,400,0,1774.72,0,1
2067.53,54,0.0188,0.0376,1.000,1.000,60.0,0.0167,1.0000,1.00,400,0,1775.73,0,1
2068.54,57,0.0177,0.0396,0.999,0.999,60.3,0.0167,1.0000,1.00,400,0,1776.75,0,1
2069.56,58,0.0175,0.0377,1.000,1.000,60.0,0.0167,1.0000,1.00,400,0,1777.76,0,1
2070.56,57,0.0176,0.0402,1.001,1.001,59.8,0.0167,1.0000,1.00,400,0,1778.77,0,1
2071.57,59,0.0171,0.0307,0.999,0.999,60.3,0.0167,1.0000,1.00,400,0,1779.78,0,1
2072.58,60,0.0168,0.0312,1.003,1.003,59.5,0.0167,1.0000,1.00,400,0,1780.79,0,1
2073.59,60,0.0168,0.0286,0.999,0.999,60.4,0.0167,1.0000,1.00,400,0,1781.79,0,1
2074.60,58,0.0174,0.0404,1.000,1.000,60.4,0.0167,1.0000,1.00,400,0,1782.80,0,1
2075.60,59,0.0170,0.0294,1.001,1.001,59.8,0.0167,1.0000,1.00,400,0,1783.81,0,1
2076.62,59,0.0173,0.0305,0.998,0.998,59.8,0.0167,1.0000,1.00,400,0,1784.83,0,1
2077.64,61,0.0166,0.0288,1.001,1.001,60.1,0.0167,1.0000,1.00,400,0,1785.84,0,1
2078.64,59,0.0170,0.0288,1.001,1.001,60.0,0.0167,1.0000,1.00,400,0,1786.84,0,1
2079.65,58,0.0174,0.0300,1.001,1.001,60.4,0.0167,1.0000,1.00,400,0,1787.85,0,1
2080.65,56,0.0179,0.0318,0.999,0.999,59.7,0.0167,1.0000,1.00,400,0,1788.86,0,1
2081.67,60,0.0170,0.0277,1.000,1.000,59.8,0.0167,1.0000,1.00,400,0,1789.88,0,1
2082.69,55,0.0185,0.0979,1.000,1.000,59.8,0.0167,1.0000,1.00,400,0,1790.90,0,1
2083.70,57,0.0176,0.0408,1.000,1.000,60.7,0.0167,1.0000,1.00,400,0,1791.90,0,1
2084.71,58,0.0174,0.0334,1.000,1.000,59.5,0.0167,1.0000,1.00,400,0,1792.91,0,1
2085.73,59,0.0173,0.0403,0.999,0.999,59.8,0.0167,1.0000,1.00,400,0,1793.93,0,1
2086.74,58,0.0175,0.0303,1.001,1.001,60.1,0.0167,1.0000,1.00,400,0,1794.95,0,1
2087.74,59,0.0170,0.0300,1.002,1.002,59.9,0.0167,1.0000,1.00,400,0,1795.95,0,1
2088.75,58,0.0174,0.0310,0.998,0.998,60.4,0.0167,1.0000,1.00,400,0,1796.96,0,1
2089.77,55,0.0185,0.0310,1.001,1.001,60.1,0.0167,1.0000,1.00,400,0,1797.97,0,1
2090.78,59,0.0171,0.0291,0.998,0.998,60.2,0.0167,1.0000,1.00,400,0,1798.98,0,1
2091.79,58,0.0174,0.0397,0.999,0.999,59.5,0.0167,1.0000,1.00,400,0,1799.99,0,1
2092.80,58,0.0175,0.0293,1.002,1.002,60.1,0.0167,1.0000,1.00,400,0,1801.01,0,1
2093.82,60,0.0170,0.0399,1.000,1.000,59.9,0.0167,1.0000,1.00,400,0,1802.02,0,1
2094.83,59,0.0172,0.0409,1.000,1.000,60.1,0.0167,1.0000,1.00,400,0,1803.04,0,1
2095.84,59,0.0171,0.0294,1.001,1.001,59.7,0.0167,1.0000,1.00,400,0,1804.04,0,1
2096.85,61,0.0166,0.0285,1.000,1.000,60.2,0.0167,1.0000,1.00,400,0,1805.06,0,1
2097.88,58,0.0176,0.0299,0.998,0.998,60.5,0.0167,1.0000,1.00,400,0,1806.08,0,1
2098.90,59,0.0173,0.0308,0.999,0.999,59.6,0.0167,1.0000,1.00,400,0,1807.10,0,1
2099.92,60,0.0170,0.0306,1.003,1.003,60.0,0.0167,1.0000,1.00,400,0,1808.12,0,1
2100.92,58,0.0173,0.0301,0.999,0.999,60.6,0.0167,1.0000,1.00,400,0,1809.13,0,1
2101.95,58,0.0177,0.0386,0.999,0.999,59.2,0.0167,1.0000,1.00,400,0,1810.16,0,1
2102.96,58,0.0173,0.0285,1.002,1.002,60.8,0.0167,1.0000,1.00,400,0,1811.16,0,1
2103.96,56,0.0179,0.0410,0.999,0.999,59.9,0.0167,1.0000,1.00,400,0,1812.16,0,1
2104.97,58,0.0174,0.0287,1.002,1.002,59.5,0.0167,1.0000,1.00,400,0,1813.17,0,1
2105.98,59,0.0171,0.0288,0.998,0.998,60.3,0.0167,1.0000,1.00,400,0,1814.18,0,1
2106.99,54,0.0186,0.0415,1.000,1.000,60.6,0.0167,1.0000,1.00,400,0,1815.19,0,1
2108.00,51,0.0199,0.0416,0.998,0.998,59.0,0.0167,1.0000,1.00,400,0,1816.21,0,1
2109.01,40,0.0251,0.0428,1.002,1.002,60.8,0.0167,1.0000,1.00,400,0,1817.21,0,1
2110.01,76,0.0132,0.0176,1.000,1.000,59.7,0.0167,1.0000,1.00,400,0,1818.22,0,1
2111.01,75,0.0133,0.0169,0.999,0.999,59.9,0.0167,1.0000,1.00,400,0,1819.22,0,1
2112.02,76,0.0132,0.0172,1.002,1.002,59.9,0.0167,1.0000,1.00,400,0,1820.22,0,1
2113.03,75,0.0134,0.0175,0.998,0.998,60.4,0.0167,1.0000,1.00,400,0,1821.23,0,1
2114.03,75,0.0134,0.0169,1.002,1.002,59.8,0.0167,1.0000,1.00,400,0,1822.24,0,1
2115.04,75,0.0134,0.0171,0.997,0.997,60.5,0.0167,1.0000,1.00,400,0,1823.24,0,1
2116.05,76,0.0133,0.0170,1.003,1.003,59.5,0.0167,1.0000,1.00,400,0,1824.25,0,1
2117.06,76,0.0133,0.0174,0.998,0.998,60.1,0.0167,1.0000,1.00,400,0,1825.27,0,1
2118.08,76,0.0133,0.0179,1.000,1.000,60.2,0.0167,1.0000,1.00,400,0,1826.28,0,1
2119.08,75,0.0134,0.0178,1.002,1.002,59.9,0.0167,1.0000,1.00,400,0,1827.28,0,1
2120.09,77,0.0131,0.0175,0.998,0.998,60.3,0.0167,1.0000,1.00,400,0,1828.29,0,1
2121.10,76,0.0133,0.0170,1.000,1.000,60.4,0.0167,1.0000,1.00,400,0,1829.30,0,1
2122.10,75,0.0134,0.0172,0.999,0.999,59.7,0.0167,1.0000,1.00,400,0,1830.31,0,1
2123.11,76,0.0132,0.0171,1.001,1.001,59.7,0.0167,1.0000,1.00,400,0,1831.31,0,1
2124.12,75,0.0134,0.0172,1.000,1.000,60.5,0.0167,1.0000,1.00,400,0,1832.32,0,1
2125.12,70,0.0144,0.0855,1.002,1.002,59.7,0.0167,1.0000,1.00,400,0,1833.33,0,1
2126.13,76,0.0132,0.0172,0.998,0.998,60.7,0.0167,1.0000,1.00,400,0,1834.33,0,1
2127.14,76,0.0133,0.0171,1.000,1.000,59.5,0.0167,1.0000,1.00,400,0,1835.34,0,1
2128.15,76,0.0133,0.0186,1.000,1.000,60.5,0.0167,1.0000,1.00,400,0,1836.35,0,1
2129.15,76,0.0132,0.0174,0.999,0.999,59.5,0.0167,1.0000,1.00,400,0,1837.36,0,1
2130.16,75,0.0134,0.0167,0.999,0.999,60.5,0.0167,1.0000,1.00,400,0,1838.37,0,1
2131.17,76,0.0133,0.0174,1.002,1.002,59.7,0.0167,1.0000,1.00,400,0,1839.37,0,1
2132.17,75,0.0134,0.0184,1.000,1.000,59.7,0.0167,1.0000,1.00,400,0,1840.38,0,1
2133.18,76,0.0132,0.0172,0.999,0.999,60.6,0.0167,1.0000,1.00,400,0,1841.39,0,1
2134.19,76,0.0133,0.0182,1.000,1.000,60.3,0.0167,1.0000,1.00,400,0,1842.40,0,1
2135.20,76,0.0133,0.0171,1.001,1.001,59.4,0.0167,1.0000,1.00,400,0,1843.41,0,1
2136.20,76,0.0132,0.0175,1.001,1.001,59.9,0.0167,1.0000,1.00,400,0,1844.41,0,1
2137.21,76,0.0132,0.0169,1.000,1.000,60.0,0.0167,1.0000,1.00,400,0,1845.41,0,1
2138.21,75,0.0134,0.0177,0.998,0.998,60.7,0.0167,1.0000,1.00,400,0,1846.41,0,1
2139.22,75,0.0135,0.0174,1.001,1.001,59.5,0.0167,1.0000,1.00,400,0,1847.42,0,1
2140.23,76,0.0132,0.0169,1.000,1.000,60.6,0.0167,1.0000,1.00,400,0,1848.43,0,1
2141.24,74,0.0137,0.0178,1.000,1.000,60.1,0.0167,1.0000,1.00,400,0,1849.45,0,1
2142.25,74,0.0136,0.0171,0.999,0.999,59.6,0.0167,1.0000,1.00,400,0,1850.45,0,1
2143.26,75,0.0135,0.0178,1.001,1.001,60.5,0.0167,1.0000,1.00,400,0,1851.46,0,1
2144.26,75,0.0134,0.0164,0.999,0.999,59.8,0.0167,1.0000,1.00,400,0,1852.46,0,1
2145.27,74,0.0136,0.0175,1.003,1.003,59.6,0.0167,1.0000,1.00,400,0,1853.47,0,1
2146.28,76,0.0133,0.0180,0.997,0.997,60.2,0.0167,1.0000,1.00,400,0,1854.48,0,1
2147.28,74,0.0135,0.0172,1.001,1.001,59.9,0.0167,1.0000,1.00,400,0,1855.48,0,1
2148.30,77,0.0132,0.0170,1.000,1.000,60.1,0.0167,1.0000,1.00,400,0,1856.50,0,1
2149.31,75,0.0135,0.0172,1.000,1.000,60.4,0.0167,1.0000,1.00,400,0,1857.51,0,1
2150.32,76,0.0133,0.0180,1.002,1.002,59.4,0.0167,1.0000,1.00,400,0,1858.52,0,1
2151.33,75,0.0135,0.0177,0.998,0.998,60.2,0.0167,1.0000,1.00,400,0,1859.53,0,1
2152.34,75,0.0135,0.0177,1.001,1.001,60.3,0.0167,1.0000,1.00,400,0,1860.55,0,1
2153.35,74,0.0137,0.0175,0.999,0.999,60.3,0.0167,1.0000,1.00,400,0,1861.56,0,1
2154.35,74,0.0135,0.0173,1.000,1.000,60.0,0.0167,1.0000,1.00,400,0,1862.56,0,1
2155.35,74,0.0135,0.0177,1.000,1.000,59.9,0.0167,1.0000,1.00,400,0,1863.56,0,1
2156.36,75,0.0133,0.0164,1.000,1.000,59.9,0.0167,1.0000,1.00,400,0,1864.56,0,1
2157.36,76,0.0133,0.0174,1.001,1.001,59.4,0.0167,1.0000,1.00,400,0,1865.57,0,1
2158.37,75,0.0134,0.0174,0.998,0.998,60.4,0.0167,1.0000,1.00,400,0,1866.58,0,1
2159.39,76,0.0133,0.0157,1.001,1.001,60.3,0.0167,1.0000,1.00,400,0,1867.59,0,1
2160.39,76,0.0132,0.0183,1.000,1.000,59.9,0.0167,1.0000,1.00,400,0,1868.59,0,1
2161.40,76,0.0132,0.0168,0.999,0.999,59.6,0.0167,1.0000,1.00,400,0,1869.60,0,1
2162.41,76,0.0134,0.0170,1.002,1.002,60.1,0.0167,1.0000,1.00,400,0,1870.61,0,1
2163.42,70,0.0144,0.0883,0.999,0.999,60.6,0.0167,1.0000,1.00,400,0,1871.62,0,1
2164.43,76,0.0134,0.0174,1.001,1.001,60.1,0.0167,1.0000,1.00,400,0,1872.64,0,1
2165.43,75,0.0134,0.0174,1.000,1.000,59.7,0.0167,1.0000,1.00,400,0,1873.64,0,1
2166.44,74,0.0135,0.0171,1.000,1.000,60.0,0.0167,1.0000,1.00,400,0,1874.64,0,1
2167.44,75,0.0134,0.0172,1.000,1.000,59.9,0.0167,1.0000,1.00,400,0,1875.64,0,1
2168.44,75,0.0134,0.0167,1.000,1.000,59.7,0.0167,1.0000,1.00,400,0,1876.65,0,1
2169.45,75,0.0135,0.0199,1.000,1.000,60.2,0.0167,1.0000,1.00,400,0,1877.66,0,1
2170.47,76,0.0133,0.0165,0.999,0.999,60.2,0.0167,1.0000,1.00,400,0,1878.67,0,1
2171.47,75,0.0134,0.0175,1.001,1.001,59.8,0.0167,1.0000,1.00,400,0,1879.67,0,1
2172.47,75,0.0134,0.0167,1.000,1.000,59.9,0.0167,1.0000,1.00,400,0,1880.68,0,1
2173.49,76,0.0133,0.0184,0.999,0.999,60.1,0.0167,1.0000,1.00,400,0,1881.69,0,1
2174.49,75,0.0134,0.0166,1.001,1.001,59.7,0.0167,1.0000,1.00,400,0,1882.69,0,1
2175.50,74,0.0137,0.0175,0.999,0.999,60.2,0.0167,1.0000,1.00,400,0,1883.71,0,1
2176.51,75,0.0134,0.0176,1.001,1.001,60.6,0.0167,1.0000,1.00,400,0,1884.71,0,1
2177.52,75,0.0134,0.0179,1.001,1.001,59.6,0.0167,1.0000,1.00,400,0,1885.72,0,1
2178.52,75,0.0134,0.0165,1.000,1.000,59.8,0.0167,1.0000,1.00,400,0,1886.72,0,1
2179.53,75,0.0134,0.0170,0.999,0.999,60.5,0.0167,1.0000,1.00,400,0,1887.73,0,1
2180.53,74,0.0136,0.0174,1.001,1.001,59.7,0.0167,1.0000,1.00,400,0,1888.74,0,1
2181.54,76,0.0132,0.0174,1.002,1.002,59.8,0.0167,1.0000,1.00,400,0,1889.74,0,1
2182.55,76,0.0132,0.0163,0.998,0.998,60.5,0.0167,1.0000,1.00,400,0,1890.75,0,1
2183.56,75,0.0135,0.0174,0.999,0.999,60.3,0.0167,1.0000,1.00,400,0,1891.76,0,1
2184.56,75,0.0134,0.0174,1.000,1.000,59.5,0.0167,1.0000,1.00,400,0,1892.77,0,1
2185.58,75,0.0135,0.0186,1.000,1.000,60.3,0.0167,1.0000,1.00,400,0,1893.78,0,1
2186.58,75,0.0135,0.0174,1.002,1.002,59.5,0.0167,1.0000,1.00,400,0,1894.79,0,1
2187.60,75,0.0135,0.0174,0.997,0.997,60.2,0.0167,1.0000,1.00,400,0,1895.80,0,1
2188.60,75,0.0134,0.0167,1.003,1.003,59.8,0.0167,1.0000,1.00,400,0,1896.81,0,1
2189.61,75,0.0134,0.0179,0.997,0.997,60.5,0.0167,1.0000,1.00,400,0,1897.81,0,1
2190.62,75,0.0135,0.0170,1.003,1.003,59.6,0.0167,1.0000,1.00,400,0,1898.82,0,1
2191.62,74,0.0135,0.0174,0.998,0.998,60.8,0.0167,1.0000,1.00,400,0,1899.83,0,1
2192.63,75,0.0135,0.0169,1.002,1.002,59.3,0.0167,1.0000,1.00,400,0,1900.84,0,1
2193.64,74,0.0136,0.0170,0.997,0.997,60.5,0.0167,1.0000,1.00,400,0,1901.84,0,1
2194.65,75,0.0135,0.0168,1.001,1.001,60.3,0.0167,1.0000,1.00,400,0,1902.86,0,1
2195.66,74,0.0136,0.0186,1.000,1.000,59.7,0.0167,1.0000,1.00,400,0,1903.86,0,1
2196.66,75,0.0134,0.0161,1.003,1.003,59.8,0.0167,1.0000,1.00,400,0,1904.87,0,1
2197.67,75,0.0135,0.0164,0.997,0.997,60.2,0.0167,1.0000,1.00,400,0,1905.88,0,1
2198.68,75,0.0134,0.0175,1.002,1.002,59.8,0.0167,1.0000,1.00,400,0,1906.88,0,1
2199.68,74,0.0135,0.0170,0.998,0.998,60.0,0.0167,1.0000,1.00,400,0,1907.88,0,1
2200.68,74,0.0136,0.0183,1.001,1.001,60.8,0.0167,1.0000,1.00,400,0,1908.89,0,1
2201.70,69,0.0147,0.0832,0.999,0.999,59.2,0.0167,1.0000,1.00,400,0,1909.90,0,1
2202.70,74,0.0136,0.0166,1.000,1.000,60.7,0.0167,1.0000,1.00,400,0,1910.90,0,1
2203.71,75,0.0135,0.0192,1.000,1.000,59.3,0.0167,1.0000,1.00,400,0,1911.91,0,1
2204.73,75,0.0135,0.0173,1.000,1.000,60.1,0.0167,1.0000,1.00,400,0,1912.93,0,1
2205.74,75,0.0135,0.0181,1.000,1.000,60.2,0.0167,1.0000,1.00,400,0,1913.94,0,1
2206.74,75,0.0134,0.0178,1.001,1.001,59.7,0.0167,1.0000,1.00,400,0,1914.95,0,1
2207.75,71,0.0142,0.0191,1.000,1.000,60.6,0.0167,1.0000,1.00,400,0,1915.95,0,1
2208.75,74,0.0135,0.0169,0.999,0.999,60.0,0.0167,1.0000,1.00,400,0,1916.95,0,1
2209.76,74,0.0136,0.0176,1.000,1.000,59.6,0.0167,1.0000,1.00,400,0,1917.96,0,1
2210.77,74,0.0137,0.0175,1.000,1.000,60.4,0.0167,1.0000,1.00,400,0,1918.97,0,1
2211.77,74,0.0136,0.0180,1.000,1.000,59.7,0.0167,1.0000,1.00,400,0,1919.98,0,1
2212.77,73,0.0137,0.0187,1.002,1.002,59.9,0.0167,1.0000,1.00,400,0,1920.98,0,1
2213.78,74,0.0136,0.0182,0.998,0.998,60.3,0.0167,1.0000,1.00,400,0,1921.99,0,1
2214.79,74,0.0136,0.0181,1.002,1.002,59.9,0.0167,1.0000,1.00,400,0,1922.99,0,1
2215.79,75,0.0134,0.0176,0.998,0.998,60.6,0.0167,1.0000,1.00,400,0,1924.00,0,1
2216.80,74,0.0135,0.0172,1.000,1.000,59.9,0.0167,1.0000,1.00,400,0,1925.00,0,1
2217.80,74,0.0135,0.0172,1.000,1.000,59.9,0.0167,1.0000,1.00,400,0,1926.00,0,1
2218.83,34,0.0304,0.0413,0.997,0.997,59.9,0.0167,1.0000,1.00,400,0,1927.03,0,1
2219.86,26,0.0396,0.0431,0.999,0.999,60.2,0.0167,1.0000,1.00,400,0,1928.06,0,1
2220.89,56,0.0183,0.0419,1.000,1.000,59.7,0.0167,1.0000,1.00,400,0,1929.09,0,1
2221.91,26,0.0394,0.0421,1.000,1.000,60.5,0.0167,1.0000,1.00,400,0,1930.11,0,1
2222.91,26,0.0387,0.0430,1.004,1.004,59.9,0.0167,1.0000,1.00,400,0,1931.12,0,1
2223.94,32,0.0320,0.0428,0.998,0.998,59.4,0.0167,1.0000,1.00,400,0,1932.14,0,1
2224.95,44,0.0230,0.0421,1.001,1.001,60.4,0.0167,1.0000,1.00,400,0,1933.15,0,1
2225.97,26,0.0392,0.0425,1.000,1.000,59.9,0.0167,1.0000,1.00,400,0,1934.17,0,1
2226.99,35,0.0292,0.0414,1.001,1.001,59.8,0.0167,1.0000,1.00,400,0,1935.19,0,1
2228.01,35,0.0291,0.0429,0.999,0.999,59.9,0.0167,1.0000,1.00,400,0,1936.21,0,1
2229.01,46,0.0219,0.0403,1.002,1.002,60.7,0.0167,1.0000,1.00,400,0,1937.22,0,1
2230.02,27,0.0372,0.0415,0.999,0.999,59.7,0.0167,1.0000,1.00,400,0,1938.22,0,1
2231.02,74,0.0135,0.0398,1.001,1.001,60.0,0.0167,1.0000,1.00,400,0,1939.22,0,1
2232.03,82,0.0124,0.0155,0.999,0.999,60.1,0.0167,1.0000,1.00,400,0,1940.23,0,1
2233.03,80,0.0125,0.0160,1.003,1.003,60.0,0.0167,1.0000,1.00,400,0,1941.24,0,1
2234.07,42,0.0246,0.0423,0.998,0.998,59.8,0.0167,1.0000,1.00,400,0,1942.27,0,1
2235.09,26,0.0391,0.0428,0.998,0.998,59.9,0.0167,1.0000,1.00,400,0,1943.29,0,1
2236.11,26,0.0393,0.0415,1.001,1.001,60.8,0.0167,1.0000,1.00,400,0,1944.31,0,1
2237.13,33,0.0309,0.0412,1.000,1.000,59.9,0.0167,1.0000,1.00,400,0,1945.33,0,1
2238.15,46,0.0222,0.0407,0.999,0.999,59.6,0.0167,1.0000,1.00,400,0,1946.35,0,1
2239.16,27,0.0374,0.0429,1.001,1.001,60.5,0.0167,1.0000,1.00,400,0,1947.36,0,1
2240.18,44,0.0233,0.0413,0.999,0.999,59.4,0.0167,1.0000,1.00,400,0,1948.39,0,1
2241.19,79,0.0128,0.0392,1.002,1.002,60.6,0.0167,1.0000,1.00,400,0,1949.40,0,1
2242.21,47,0.0217,0.0442,0.998,0.998,59.7,0.0167,1.0000,1.00,400,0,1950.42,0,1
2243.23,52,0.0195,0.0402,1.002,1.002,60.2,0.0167,1.0000,1.00,400,0,1951.43,0,1
2244.24,57,0.0177,0.0315,1.000,1.000,60.4,0.0167,1.0000,1.00,400,0,1952.44,0,1
2245.25,58,0.0174,0.0416,1.002,1.002,59.4,0.0167,1.0000,1.00,400,0,1953.45,0,1
2246.26,59,0.0171,0.0314,0.999,0.999,60.4,0.0167,1.0000,1.00,400,0,1954.46,0,1
2247.27,54,0.0188,0.0829,1.000,1.000,60.2,0.0167,1.0000,1.00,400,0,1955.47,0,1
2248.28,58,0.0175,0.0303,1.000,1.000,60.2,0.0167,1.0000,1.00,400,0,1956.49,0,1
2249.28,57,0.0176,0.0288,1.000,1.000,60.0,0.0167,1.0000,1.00,400,0,1957.49,0,1
2250.29,58,0.0174,0.0322,0.999,0.999,59.3,0.0167,1.0000,1.00,400,0,1958.50,0,1
2251.30,60,0.0168,0.0287,1.000,1.000,60.5,0.0167,1.0000,1.00,400,0,1959.51,0,1
2252.31,58,0.0173,0.0291,1.000,1.000,59.8,0.0167,1.0000,1.00,400,0,1960.51,0,1
2253.31,57,0.0177,0.0351,1.000,1.000,60.6,0.0167,1.0000,1.00,400,0,1961.52,0,1
2254.32,57,0.0175,0.0415,0.997,0.997,59.8,0.0167,1.0000,1.00,400,0,1962.52,0,1
2255.32,59,0.0171,0.0386,1.005,1.005,59.7,0.0167,1.0000,1.00,400,0,1963.53,0,1
2256.35,57,0.0179,0.0397,0.994,0.994,60.3,0.0167,1.0000,1.00,400,0,1964.55,0,1
2257.35,56,0.0180,0.0389,1.004,1.004,59.8,0.0167,1.0000,1.00,400,0,1965.56,0,1
2258.36,57,0.0177,0.0396,1.000,1.000,60.6,0.0167,1.0000,1.00,400,0,1966.56,0,1
2259.37,56,0.0180,0.0398,1.001,1.001,59.6,0.0167,1.0000,1.00,400,0,1967.57,0,1
2260.37,56,0.0179,0.0302,0.999,0.999,59.9,0.0167,1.0000,1.00,400,0,1968.57,0,1
2261.40,58,0.0177,0.0348,0.999,0.999,60.4,0.0167,1.0000,1.00,400,0,1969.60,0,1
2262.41,52,0.0195,0.0398,0.999,0.999,60.0,0.0167,1.0000,1.00,400,0,1970.61,0,1
2263.42,85,0.0119,0.0313,1.004,1.004,59.5,0.0167,1.0000,1.00,400,0,1971.63,0,1
2264.46,53,0.0195,0.0408,0.995,0.995,60.5,0.0167,1.0000,1.00,400,0,1972.66,0,1
2265.48,48,0.0214,0.0406,1.001,1.001,59.6,0.0167,1.0000,1.00,400,0,1973.69,0,1
2266.48,32,0.0314,0.0440,1.004,1.004,60.0,0.0167,1.0000,1.00,400,0,1974.69,0,1
2267.49,84,0.0119,0.0154,0.998,0.998,60.7,0.0167,1.0000,1.00,400,0,1975.69,0,1
2268.50,86,0.0117,0.0149,1.000,1.000,59.5,0.0167,1.0000,1.00,400,0,1976.70,0,1
2269.50,85,0.0118,0.0151,1.002,1.002,59.9,0.0167,1.0000,1.00,400,0,1977.71,0,1
2270.51,42,0.0241,0.0401,0.997,0.997,60.1,0.0167,1.0000,1.00,400,0,1978.72,0,1
2271.54,61,0.0168,0.0420,0.998,0.998,60.3,0.0167,1.0000,1.00,400,0,1979.74,0,1
2272.57,41,0.0251,0.0422,1.003,1.003,59.5,0.0167,1.0000,1.00,400,0,1980.77,0,1
2273.57,54,0.0186,0.0409,0.999,0.999,59.8,0.0167,1.0000,1.00,400,0,1981.77,0,1
2274.57,56,0.0179,0.0398,0.998,0.998,60.7,0.0167,1.0000,1.00,400,0,1982.78,0,1
2275.59,59,0.0172,0.0291,1.003,1.003,60.3,0.0167,1.0000,1.00,400,0,1983.79,0,1
2276.59,56,0.0179,0.0300,0.999,0.999,59.7,0.0167,1.0000,1.00,400,0,1984.80,0,1
2277.63,59,0.0176,0.0397,0.999,0.999,59.7,0.0167,1.0000,1.00,400,0,1985.83,0,1
2278.64,57,0.0178,0.0386,1.001,1.001,60.3,0.0167,1.0000,1.00,400,0,1986.85,0,1
2279.65,52,0.0194,0.0403,1.000,1.000,59.6,0.0167,1.0000,1.00,400,0,1987.85,0,1
2280.66,48,0.0210,0.0402,0.999,0.999,60.4,0.0167,1.0000,1.00,400,0,1988.86,0,1
2281.66,54,0.0187,0.0400,1.003,1.003,59.7,0.0167,1.0000,1.00,400,0,1989.87,0,1
2282.67,71,0.0141,0.0187,0.996,0.996,60.6,0.0167,1.0000,1.00,400,0,1990.87,0,1
2283.68,72,0.0141,0.0195,1.003,1.003,59.3,0.0167,1.0000,1.00,400,0,1991.89,0,1
2284.68,72,0.0139,0.0183,1.000,1.000,60.9,0.0167,1.0000,1.00,400,0,1992.89,0,1
2285.69,72,0.0140,0.0190,1.000,1.000,59.7,0.0167,1.0000,1.00,400,0,1993.89,0,1
2286.70,73,0.0139,0.0183,1.000,1.000,60.3,0.0167,1.0000,1.00,400,0,1994.90,0,1
2287.70,72,0.0139,0.0180,0.998,0.998,59.8,0.0167,1.0000,1.00,400,0,1995.91,0,1
2288.71,72,0.0140,0.0192,1.001,1.001,59.8,0.0167,1.0000,1.00,400,0,1996.91,0,1
2289.72,71,0.0143,0.0188,1.001,1.001,60.2,0.0167,1.0000,1.00,400,0,1997.93,0,1
2290.73,67,0.0150,0.0906,0.999,0.999,59.7,0.0167,1.0000,1.00,400,0,1998.93,0,1
2291.74,72,0.0141,0.0199,1.000,1.000,60.2,0.0167,1.0000,1.00,400,0,1999.94,0,1
2292.74,72,0.0139,0.0186,1.003,1.003,60.0,0.0167,1.0000,1.00,400,0,2000.95,0,1
2293.76,73,0.0139,0.0218,0.998,0.998,60.0,0.0167,1.0000,1.00,400,0,2001.96,0,1
2294.77,73,0.0138,0.0184,1.000,1.000,60.5,0.0167,1.0000,1.00,400,0,2002.97,0,1
2295.77,73,0.0137,0.0183,1.001,1.001,59.9,0.0167,1.0000,1.00,400,0,2003.97,0,1
2296.78,73,0.0138,0.0187,0.998,0.998,60.3,0.0167,1.0000,1.00,400,0,2004.98,0,1
2297.78,72,0.0139,0.0182,1.001,1.001,60.0,0.0167,1.0000,1.00,400,0,2005.98,0,1
2298.78,72,0.0139,0.0191,0.999,0.999,59.9,0.0167,1.0000,1.00,400,0,2006.98,0,1
2299.79,71,0.0141,0.0236,1.000,1.000,59.7,0.0167,1.0000,1.00,400,0,2007.99,0,1
2300.79,71,0.0142,0.0192,1.001,1.001,60.5,0.0167,1.0000,1.00,400,0,2009.00,0,1
2301.80,71,0.0142,0.0201,1.000,1.000,59.7,0.0167,1.0000,1.00,400,0,2010.00,0,1
2302.81,72,0.0141,0.0181,1.000,1.000,60.3,0.0167,1.0000,1.00,400,0,2011.02,0,1
2303.82,71,0.0141,0.0186,0.999,0.999,59.7,0.0167,1.0000,1.00,400,0,2012.02,0,1
2304.83,72,0.0141,0.0182,1.001,1.001,60.2,0.0167,1.0000,1.00,400,0,2013.03,0,1
2305.83,73,0.0137,0.0177,0.999,0.999,59.9,0.0167,1.0000,1.00,400,0,2014.04,0,1
2306.84,73,0.0139,0.0188,1.001,1.001,60.3,0.0167,1.0000,1.00,400,0,2015.05,0,1
2307.85,73,0.0138,0.0176,1.001,1.001,59.5,0.0167,1.0000,1.00,400,0,2016.06,0,1
2308.86,72,0.0140,0.0189,0.998,0.998,60.3,0.0167,1.0000,1.00,400,0,2017.07,0,1
2309.87,72,0.0140,0.0185,1.002,1.002,59.8,0.0167,1.0000,1.00,400,0,2018.07,0,1
2310.88,72,0.0140,0.0179,0.997,0.997,60.4,0.0167,1.0000,1.00,400,0,2019.08,0,1
2311.88,72,0.0139,0.0178,1.000,1.000,60.0,0.0167,1.0000,1.00,400,0,2020.08,0,1
2312.88,72,0.0139,0.0183,1.001,1.001,60.0,0.0167,1.0000,1.00,400,0,2021.08,0,1
2313.88,71,0.0141,0.0184,1.000,1.000,59.9,0.0167,1.0000,1.00,400,0,2022.09,0,1
2314.89,73,0.0138,0.0183,1.000,1.000,60.3,0.0167,1.0000,1.00,400,0,2023.10,0,1
2315.90,72,0.0140,0.0182,1.000,1.000,59.4,0.0167,1.0000,1.00,400,0,2024.11,0,1
2316.91,72,0.0140,0.0181,1.000,1.000,60.3,0.0167,1.0000,1.00,400,0,2025.12,0,1
2317.92,72,0.0139,0.0193,1.000,1.000,59.8,0.0167,1.0000,1.00,400,0,2026.12,0,1
2318.92,72,0.0140,0.0182,1.000,1.000,60.7,0.0167,1.0000,1.00,400,0,2027.13,0,1
2319.93,73,0.0138,0.0194,1.000,1.000,59.7,0.0167,1.0000,1.00,400,0,2028.13,0,1
2320.93,73,0.0138,0.0187,1.001,1.001,59.7,0.0167,1.0000,1.00,400,0,2029.14,0,1
2321.93,71,0.0141,0.0193,0.998,0.998,60.0,0.0167,1.0000,1.00,400,0,2030.14,0,1
2322.94,74,0.0136,0.0188,1.000,1.000,60.6,0.0167,1.0000,1.00,400,0,2031.14,0,1
2323.94,74,0.0136,0.0171,1.000,1.000,59.6,0.0167,1.0000,1.00,400,0,2032.15,0,1
2324.95,73,0.0138,0.0177,0.999,0.999,60.5,0.0167,1.0000,1.00,400,0,2033.16,0,1
2325.96,73,0.0138,0.0182,1.000,1.000,59.7,0.0167,1.0000,1.00,400,0,2034.16,0,1
2326.97,73,0.0138,0.0183,1.001,1.001,60.4,0.0167,1.0000,1.00,400,0,2035.17,0,1
2327.97,72,0.0139,0.0193,1.000,1.000,59.9,0.0167,1.0000,1.00,400,0,2036.17,0,1
2328.98,74,0.0137,0.0174,1.000,1.000,59.3,0.0167,1.0000,1.00,400,0,2037.18,0,1
2329.99,67,0.0150,0.0919,1.000,1.000,60.7,0.0167,1.0000,1.00,400,0,2038.19,0,1
2330.99,73,0.0138,0.0178,1.002,1.002,59.5,0.0167,1.0000,1.00,400,0,2039.20,0,1
2332.00,73,0.0138,0.0174,0.998,0.998,60.4,0.0167,1.0000,1.00,400,0,2040.21,0,1
2333.01,73,0.0138,0.0174,1.002,1.002,59.6,0.0167,1.0000,1.00,400,0,2041.22,0,1
2334.02,74,0.0136,0.0200,0.997,0.997,60.4,0.0167,1.0000,1.00,400,0,2042.22,0,1
2335.02,73,0.0137,0.0175,1.000,1.000,60.0,0.0167,1.0000,1.00,400,0,2043.22,0,1
2336.03,72,0.0140,0.0186,1.003,1.003,59.7,0.0167,1.0000,1.00,400,0,2044.23,0,1
2337.04,73,0.0138,0.0181,0.998,0.998,60.4,0.0167,1.0000,1.00,400,0,2045.24,0,1
2338.04,72,0.0140,0.0185,1.001,1.001,60.5,0.0167,1.0000,1.00,400,0,2046.25,0,1
2339.06,72,0.0141,0.0177,1.000,1.000,59.2,0.0167,1.0000,1.00,400,0,2047.26,0,1
2340.06,72,0.0139,0.0179,1.000,1.000,60.8,0.0167,1.0000,1.00,400,0,2048.26,0,1
2341.07,33,0.0304,0.0415,0.997,0.997,59.6,0.0167,1.0000,1.00,400,0,2049.27,0,1
2342.09,26,0.0393,0.0445,1.003,1.003,59.8,0.0167,1.0000,1.00,400,0,2050.29,0,1
2343.10,43,0.0235,0.0453,0.997,0.997,60.2,0.0167,1.0000,1.00,400,0,2051.30,0,1
2344.11,37,0.0274,0.0443,1.003,1.003,60.3,0.0167,1.0000,1.00,400,0,2052.32,0,1
2345.12,86,0.0117,0.0151,0.999,0.999,59.8,0.0167,1.0000,1.00,400,0,2053.32,0,1
2346.12,53,0.0189,0.0433,0.999,0.999,59.9,0.0167,1.0000,1.00,400,0,2054.32,0,1
2347.13,51,0.0199,0.0406,1.002,1.002,60.4,0.0167,1.0000,1.00,400,0,2055.33,0,1
2348.13,61,0.0164,0.0293,1.000,1.000,59.9,0.0167,1.0000,1.00,400,0,2056.33,0,1
2349.14,61,0.0166,0.0319,1.000,1.000,59.4,0.0167,1.0000,1.00,400,0,2057.34,0,1
2350.15,61,0.0165,0.0298,1.000,1.000,60.5,0.0167,1.0000,1.00,400,0,2058.35,0,1
2351.16,62,0.0163,0.0289,0.997,0.997,60.3,0.0167,1.0000,1.00,400,0,2059.36,0,1
2352.17,62,0.0163,0.0297,1.003,1.003,59.6,0.0167,1.0000,1.00,400,0,2060.37,0,1
2353.17,62,0.0161,0.0284,0.999,0.999,59.9,0.0167,1.0000,1.00,400,0,2061.37,0,1
2354.18,61,0.0166,0.0326,0.999,0.999,60.2,0.0167,1.0000,1.00,400,0,2062.38,0,1
2355.19,64,0.0158,0.0301,1.001,1.001,60.5,0.0167,1.0000,1.00,400,0,2063.39,0,1
2356.20,62,0.0163,0.0315,1.000,1.000,59.5,0.0167,1.0000,1.00,400,0,2064.40,0,1
2357.22,62,0.0165,0.0284,0.998,0.998,60.5,0.0167,1.0000,1.00,400,0,2065.43,0,1
2358.25,61,0.0169,0.0335,1.002,1.002,59.4,0.0167,1.0000,1.00,400,0,2066.45,0,1
2359.26,62,0.0163,0.0369,0.999,0.999,60.4,0.0167,1.0000,1.00,400,0,2067.46,0,1
2360.27,62,0.0163,0.0358,1.003,1.003,59.7,0.0167,1.0000,1.00,400,0,2068.47,0,1
2361.30,61,0.0168,0.0308,0.996,0.996,60.2,0.0167,1.0000,1.00,400,0,2069.50,0,1
2362.31,63,0.0161,0.0293,1.001,1.001,60.1,0.0167,1.0000,1.00,400,0,2070.51,0,1
2363.32,61,0.0166,0.0316,0.998,0.998,60.3,0.0167,1.0000,1.00,400,0,2071.52,0,1
2364.33,62,0.0163,0.0303,1.005,1.005,59.6,0.0167,1.0000,1.00,400,0,2072.54,0,1
2365.34,62,0.0163,0.0296,0.997,0.997,60.1,0.0167,1.0000,1.00,400,0,2073.55,0,1
2366.37,62,0.0165,0.0295,0.999,0.999,60.6,0.0167,1.0000,1.00,400,0,2074.57,0,1
2367.38,62,0.0163,0.0358,1.002,1.002,59.5,0.0167,1.0000,1.00,400,0,2075.58,0,1
2368.39,64,0.0159,0.0293,1.000,1.000,60.0,0.0167,1.0000,1.00,400,0,2076.60,0,1
2369.41,62,0.0163,0.0339,0.999,0.999,60.2,0.0167,1.0000,1.00,400,0,2077.61,0,1
2370.41,61,0.0165,0.0295,1.003,1.003,59.9,0.0167,1.0000,1.00,400,0,2078.61,0,1
2371.41,62,0.0161,0.0310,0.998,0.998,59.8,0.0167,1.0000,1.00,400,0,2079.62,0,1
2372.41,58,0.0173,0.0842,0.999,0.999,59.8,0.0167,1.0000,1.00,400,0,2080.62,0,1
2373.42,61,0.0165,0.0305,1.001,1.001,60.7,0.0167,1.0000,1.00,400,0,2081.62,0,1
2374.42,61,0.0164,0.0345,1.000,1.000,59.9,0.0167,1.0000,1.00,400,0,2082.62,0,1
2375.44,62,0.0165,0.0296,0.999,0.999,59.6,0.0167,1.0000,1.00,400,0,2083.65,0,1
2376.47,62,0.0166,0.0327,0.998,0.998,60.1,0.0167,1.0000,1.00,400,0,2084.68,0,1
2377.49,62,0.0164,0.0298,1.002,1.002,60.2,0.0167,1.0000,1.00,400,0,2085.69,0,1
2378.51,60,0.0169,0.0312,0.999,0.999,60.0,0.0167,1.0000,1.00,400,0,2086.71,0,1
2379.51,62,0.0162,0.0298,1.001,1.001,60.7,0.0167,1.0000,1.00,400,0,2087.72,0,1
2380.51,60,0.0167,0.0319,1.001,1.001,59.9,0.0167,1.0000,1.00,400,0,2088.72,0,1
2381.52,60,0.0167,0.0356,0.999,0.999,59.7,0.0167,1.0000,1.00,400,0,2089.72,0,1
2382.53,59,0.0171,0.0375,1.000,1.000,60.5,0.0167,1.0000,1.00,400,0,2090.73,0,1
2383.55,61,0.0167,0.0343,0.999,0.999,59.9,0.0167,1.0000,1.00,400,0,2091.75,0,1
2384.55,60,0.0168,0.0363,1.002,1.002,59.7,0.0167,1.0000,1.00,400,0,2092.76,0,1
2385.56,60,0.0167,0.0307,1.000,1.000,59.7,0.0167,1.0000,1.00,400,0,2093.76,0,1
2386.57,59,0.0172,0.0337,1.000,1.000,60.2,0.0167,1.0000,1.00,400,0,2094.77,0,1
2387.58,59,0.0171,0.0298,0.998,0.998,60.2,0.0167,1.0000,1.00,400,0,2095.78,0,1
2388.59,60,0.0168,0.0350,1.001,1.001,60.4,0.0167,1.0000,1.00,400,0,2096.79,0,1
2389.60,61,0.0166,0.0298,1.001,1.001,59.4,0.0167,1.0000,1.00,400,0,2097.81,0,1
2390.62,61,0.0166,0.0331,0.998,0.998,60.1,0.0167,1.0000,1.00,400,0,2098.82,0,1
2391.62,60,0.0167,0.0319,1.003,1.003,59.9,0.0167,1.0000,1.00,400,0,2099.82,0,1
2392.65,62,0.0165,0.0310,0.997,0.997,60.3,0.0167,1.0000,1.00,400,0,2100.85,0,1
2393.66,62,0.0164,0.0382,1.003,1.003,60.0,0.0167,1.0000,1.00,400,0,2101.87,0,1
2394.67,62,0.0162,0.0340,1.002,1.002,59.9,0.0167,1.0000,1.00,400,0,2102.87,0,1
2395.68,61,0.0166,0.0320,0.997,0.997,60.0,0.0167,1.0000,1.00,400,0,2103.89,0,1
2396.69,61,0.0166,0.0301,1.001,1.001,60.4,0.0167,1.0000,1.00,400,0,2104.90,0,1
2397.70,62,0.0162,0.0320,1.000,1.000,59.7,0.0167,1.0000,1.00,400,0,2105.90,0,1
2398.70,62,0.0162,0.0348,1.002,1.002,60.0,0.0167,1.0000,1.00,400,0,2106.90,0,1
2399.72,60,0.0169,0.0343,0.997,0.997,59.8,0.0167,1.0000,1.00,400,0,2107.92,0,1
2400.73,62,0.0163,0.0350,1.001,1.001,60.5,0.0167,1.0000,1.00,400,0,2108.93,0,1
2401.73,63,0.0159,0.0304,0.999,0.999,59.8,0.0167,1.0000,1.00,400,0,2109.93,0,1
2402.73,60,0.0167,0.0329,1.001,1.001,60.0,0.0167,1.0000,1.00,400,0,2110.93,0,1
2403.73,63,0.0159,0.0370,1.002,1.002,59.9,0.0167,1.0000,1.00,400,0,2111.94,0,1
2404.74,63,0.0160,0.0298,0.997,0.997,60.4,0.0167,1.0000,1.00,400,0,2112.94,0,1
2405.76,64,0.0159,0.0292,1.000,1.000,59.8,0.0167,1.0000,1.00,400,0,2113.96,0,1
2406.77,63,0.0160,0.0303,1.001,1.001,60.5,0.0167,1.0000,1.00,400,0,2114.97,0,1
2407.77,60,0.0167,0.0321,0.999,0.999,59.8,0.0167,1.0000,1.00,400,0,2115.98,0,1
2408.79,63,0.0162,0.0291,1.000,1.000,59.8,0.0167,1.0000,1.00,400,0,2117.00,0,1
2409.81,63,0.0161,0.0301,1.001,1.001,60.1,0.0167,1.0000,1.00,400,0,2118.01,0,1
2410.81,61,0.0164,0.0362,1.001,1.001,60.0,0.0167,1.0000,1.00,400,0,2119.01,0,1
2411.81,61,0.0164,0.0321,0.999,0.999,59.8,0.0167,1.0000,1.00,400,0,2120.01,0,1
2412.83,61,0.0166,0.0291,1.000,1.000,60.1,0.0167,1.0000,1.00,400,0,2121.03,0,1
2413.84,63,0.0161,0.0299,1.001,1.001,60.3,0.0167,1.0000,1.00,400,0,2122.04,0,1
2414.85,57,0.0178,0.0838,0.999,0.999,60.2,0.0167,1.0000,1.00,400,0,2123.06,0,1
2415.85,60,0.0167,0.0348,0.998,0.998,59.9,0.0167,1.0000,1.00,400,0,2124.06,0,1
2416.87,62,0.0164,0.0316,1.003,1.003,60.2,0.0167,1.0000,1.00,400,0,2125.07,0,1
2417.88,62,0.0162,0.0282,0.999,0.999,59.5,0.0167,1.0000,1.00,400,0,2126.08,0,1
2418.88,64,0.0158,0.0300,1.001,1.001,60.5,0.0167,1.0000,1.00,400,0,2127.09,0,1
2419.89,60,0.0167,0.0358,1.000,1.000,59.9,0.0167,1.0000,1.00,400,0,2128.09,0,1
2420.90,63,0.0161,0.0299,1.000,1.000,60.2,0.0167,1.0000,1.00,400,0,2129.10,0,1
2421.91,62,0.0163,0.0298,1.000,1.000,59.5,0.0167,1.0000,1.00,400,0,2130.11,0,1
2422.91,62,0.0162,0.0359,1.000,1.000,60.7,0.0167,1.0000,1.00,400,0,2131.12,0,1
2423.92,62,0.0161,0.0296,0.998,0.998,59.8,0.0167,1.0000,1.00,400,0,2132.12,0,1
2424.92,65,0.0155,0.0314,1.004,1.004,59.8,0.0167,1.0000,1.00,400,0,2133.13,0,1
2425.93,62,0.0162,0.0292,0.997,0.997,60.5,0.0167,1.0000,1.00,400,0,2134.13,0,1
2426.93,61,0.0165,0.0301,0.999,0.999,59.7,0.0167,1.0000,1.00,400,0,2135.14,0,1
2427.94,56,0.0179,0.0354,1.001,1.001,59.7,0.0167,1.0000,1.00,400,0,2136.14,0,1
2428.94,53,0.0189,0.0369,0.999,0.999,60.0,0.0167,1.0000,1.00,400,0,2137.14,0,1
2429.96,61,0.0168,0.0317,0.999,0.999,60.5,0.0167,1.0000,1.00,400,0,2138.16,0,1
2430.97,60,0.0168,0.0300,1.001,1.001,59.7,0.0167,1.0000,1.00,400,0,2139.17,0,1
2431.98,51,0.0198,0.0400,0.999,0.999,60.5,0.0167,1.0000,1.00,400,0,2140.18,0,1
2432.99,59,0.0172,0.0325,1.002,1.002,59.3,0.0167,1.0000,1.00,400,0,2141.19,0,1
2434.00,57,0.0178,0.0322,0.999,0.999,60.1,0.0167,1.0000,1.00,400,0,2142.21,0,1
2435.01,61,0.0166,0.0319,1.001,1.001,60.3,0.0167,1.0000,1.00,400,0,2143.22,0,1
2436.02,63,0.0161,0.0293,1.000,1.000,60.3,0.0167,1.0000,1.00,400,0,2144.23,0,1
2437.04,57,0.0178,0.0335,1.001,1.001,59.3,0.0167,1.0000,1.00,400,0,2145.24,0,1
2438.04,56,0.0179,0.0322,0.999,0.999,60.9,0.0167,1.0000,1.00,400,0,2146.24,0,1
2439.04,49,0.0205,0.0354,1.001,1.001,59.8,0.0167,1.0000,1.00,400,0,2147.25,0,1
2440.06,54,0.0189,0.0398,0.998,0.998,59.8,0.0167,1.0000,1.00,400,0,2148.26,0,1
2441.06,63,0.0159,0.0292,1.001,1.001,59.9,0.0167,1.0000,1.00,400,0,2149.27,0,1
2442.09,63,0.0162,0.0301,0.999,0.999,60.5,0.0167,1.0000,1.00,400,0,2150.29,0,1
2443.10,63,0.0161,0.0302,1.002,1.002,59.3,0.0167,1.0000,1.00,400,0,2151.31,0,1
2444.11,62,0.0162,0.0308,1.000,1.000,60.6,0.0167,1.0000,1.00,400,0,2152.31,0,1
2445.12,62,0.0163,0.0300,1.000,1.000,60.3,0.0167,1.0000,1.00,400,0,2153.32,0,1
2446.14,60,0.0169,0.0318,0.998,0.998,59.9,0.0167,1.0000,1.00,400,0,2154.34,0,1
2447.14,62,0.0162,0.0299,1.002,1.002,60.0,0.0167,1.0000,1.00,400,0,2155.34,0,1
2448.14,60,0.0167,0.0309,1.000,1.000,59.9,0.0167,1.0000,1.00,400,0,2156.34,0,1
2449.16,60,0.0170,0.0314,1.000,1.000,59.8,0.0167,1.0000,1.00,400,0,2157.37,0,1
2450.17,61,0.0166,0.0295,0.997,0.997,60.1,0.0167,1.0000,1.00,400,0,2158.38,0,1
2451.18,61,0.0165,0.0308,1.004,1.004,59.8,0.0167,1.0000,1.00,400,0,2159.38,0,1
2452.18,59,0.0169,0.0311,0.999,0.999,60.0,0.0167,1.0000,1.00,400,0,2160.38,0,1
2453.19,63,0.0160,0.0303,1.000,1.000,60.6,0.0167,1.0000,1.00,400,0,2161.39,0,1
2454.19,60,0.0167,0.0306,1.000,1.000,60.0,0.0167,1.0000,1.00,400,0,2162.39,0,1
2455.19,61,0.0165,0.0299,1.000,1.000,59.7,0.0167,1.0000,1.00,400,0,2163.40,0,1
2456.19,59,0.0170,0.0299,0.999,0.999,59.9,0.0167,1.0000,1.00,400,0,2164.40,0,1
2457.21,60,0.0169,0.0311,1.000,1.000,60.1,0.0167,1.0000,1.00,400,0,2165.41,0,1
2458.21,55,0.0182,0.0843,0.999,0.999,60.0,0.0167,1.0000,1.00,400,0,2166.41,0,1
2459.21,60,0.0167,0.0304,1.001,1.001,60.0,0.0167,1.0000,1.00,400,0,2167.41,0,1
2460.23,61,0.0167,0.0302,1.001,1.001,59.8,0.0167,1.0000,1.00,400,0,2168.43,0,1
2461.23,60,0.0167,0.0357,1.000,1.000,60.7,0.0167,1.0000,1.00,400,0,2169.44,0,1
2462.23,58,0.0173,0.0296,1.000,1.000,59.9,0.0167,1.0000,1.00,400,0,2170.44,0,1
2463.25,60,0.0168,0.0335,0.999,0.999,60.3,0.0167,1.0000,1.00,400,0,2171.45,0,1
2464.25,59,0.0170,0.0329,1.000,1.000,59.7,0.0167,1.0000,1.00,400,0,2172.45,0,1
2465.27,62,0.0164,0.0286,0.999,0.999,60.1,0.0167,1.0000,1.00,400,0,2173.47,0,1
2466.27,61,0.0166,0.0293,1.001,1.001,59.5,0.0167,1.0000,1.00,400,0,2174.48,0,1
2467.28,60,0.0167,0.0291,1.000,1.000,59.9,0.0167,1.0000,1.00,400,0,2175.48,0,1
2468.29,61,0.0166,0.0300,1.000,1.000,60.2,0.0167,1.0000,1.00,400,0,2176.49,0,1
2469.31,62,0.0164,0.0303,0.999,0.999,59.9,0.0167,1.0000,1.00,400,0,2177.51,0,1
2470.31,61,0.0165,0.0294,1.001,1.001,60.8,0.0167,1.0000,1.00,400,0,2178.51,0,1
2471.33,62,0.0164,0.0298,0.997,0.997,59.7,0.0167,1.0000,1.00,400,0,2179.53,0,1
2472.35,60,0.0169,0.0300,1.000,1.000,60.1,0.0167,1.0000,1.00,400,0,2180.55,0,1
2473.35,60,0.0168,0.0301,1.003,1.003,59.6,0.0167,1.0000,1.00,400,0,2181.56,0,1
2474.35,61,0.0164,0.0300,0.998,0.998,59.9,0.0167,1.0000,1.00,400,0,2182.56,0,1
2475.36,61,0.0164,0.0314,1.000,1.000,60.9,0.0167,1.0000,1.00,400,0,2183.56,0,1
2476.36,63,0.0159,0.0287,0.997,0.997,59.8,0.0167,1.0000,1.00,400,0,2184.56,0,1
2477.36,61,0.0165,0.0303,1.003,1.003,59.8,0.0167,1.0000,1.00,400,0,2185.57,0,1
2478.38,63,0.0161,0.0299,0.999,0.999,60.1,0.0167,1.0000,1.00,400,0,2186.58,0,1
2479.38,62,0.0161,0.0298,1.000,1.000,60.0,0.0167,1.0000,1.00,400,0,2187.58,0,1
2480.38,63,0.0159,0.0301,1.002,1.002,59.9,0.0167,1.0000,1.00,400,0,2188.59,0,1
2481.38,62,0.0161,0.0281,0.996,0.996,59.9,0.0167,1.0000,1.00,400,0,2189.58,0,1
2482.39,65,0.0155,0.0265,1.002,1.002,60.6,0.0167,1.0000,1.00,400,0,2190.59,0,1
2483.39,63,0.0159,0.0298,0.998,0.998,59.9,0.0167,1.0000,1.00,400,0,2191.59,0,1
2484.39,62,0.0162,0.0300,1.002,1.002,59.9,0.0167,1.0000,1.00,400,0,2192.60,0,1
2485.39,61,0.0165,0.0305,1.002,1.002,59.8,0.0167,1.0000,1.00,400,0,2193.60,0,1
2486.40,61,0.0164,0.0298,0.998,0.998,59.7,0.0167,1.0000,1.00,400,0,2194.60,0,1
2487.42,61,0.0167,0.0303,0.998,0.998,60.8,0.0167,1.0000,1.00,400,0,2195.62,0,1
2488.42,55,0.0182,0.0419,1.000,1.000,59.9,0.0167,1.0000,1.00,400,0,2196.62,0,1
2489.44,51,0.0199,0.0410,1.000,1.000,60.0,0.0167,1.0000,1.00,400,0,2197.64,0,1
2490.46,52,0.0197,0.0406,1.000,1.000,59.4,0.0167,1.0000,1.00,400,0,2198.67,0,1
2491.47,45,0.0223,0.0467,1.001,1.001,59.9,0.0167,1.0000,1.00,400,0,2199.67,0,1
2492.48,56,0.0180,0.0332,1.000,1.000,60.4,0.0167,1.0000,1.00,400,0,2200.68,0,1
2493.49,56,0.0180,0.0336,1.001,1.001,60.5,0.0167,1.0000,1.00,400,0,2201.69,0,1
2494.49,58,0.0173,0.0350,0.998,0.998,59.7,0.0167,1.0000,1.00,400,0,2202.69,0,1
2495.51,62,0.0165,0.0312,1.002,1.002,59.9,0.0167,1.0000,1.00,400,0,2203.71,0,1
2496.53,54,0.0190,0.0353,0.998,0.998,60.4,0.0167,1.0000,1.00,400,0,2204.74,0,1
2497.54,60,0.0167,0.0338,1.001,1.001,60.0,0.0167,1.0000,1.00,400,0,2205.74,0,1
2498.54,59,0.0170,0.0333,1.000,1.000,59.7,0.0167,1.0000,1.00,400,0,2206.74,0,1
2499.54,58,0.0172,0.0316,0.999,0.999,60.0,0.0167,1.0000,1.00,400,0,2207.74,0,1
2500.55,60,0.0168,0.0308,0.998,0.998,60.4,0.0167,1.0000,1.00,400,0,2208.75,0,1
2501.56,55,0.0183,0.0863,1.002,1.002,59.6,0.0167,1.0000,1.00,400,0,2209.76,0,1
2502.58,63,0.0162,0.0314,0.999,0.999,60.6,0.0167,1.0000,1.00,400,0,2210.78,0,1
2503.58,62,0.0162,0.0302,1.000,1.000,59.8,0.0167,1.0000,1.00,400,0,2211.79,0,1
2504.59,59,0.0171,0.0328,1.003,1.003,59.7,0.0167,1.0000,1.00,400,0,2212.79,0,1
2505.59,59,0.0170,0.0298,0.999,0.999,59.9,0.0167,1.0000,1.00,400,0,2213.79,0,1
2506.61,63,0.0162,0.0297,0.998,0.998,60.6,0.0167,1.0000,1.00,400,0,2214.82,0,1
2507.66,56,0.0186,0.0533,0.998,0.998,59.5,0.0167,1.0000,1.00,400,0,2215.86,0,1
2508.69,44,0.0235,0.0385,1.001,1.001,60.1,0.0167,1.0000,1.00,400,0,2216.89,0,1
2509.69,40,0.0250,0.0434,1.001,1.001,60.0,0.0167,1.0000,1.00,400,0,2217.89,0,1
2510.70,50,0.0202,0.0515,1.001,1.001,60.5,0.0167,1.0000,1.00,400,0,2218.90,0,1
2511.70,58,0.0173,0.0343,0.999,0.999,59.8,0.0167,1.0000,1.00,400,0,2219.90,0,1
2512.70,47,0.0213,0.0398,1.001,1.001,59.9,0.0167,1.0000,1.00,400,0,2220.91,0,1
2513.71,56,0.0180,0.0372,1.000,1.000,60.4,0.0167,1.0000,1.00,400,0,2221.92,0,1
2514.73,58,0.0176,0.0730,1.000,1.000,59.7,0.0167,1.0000,1.00,400,0,2222.94,1,1
2515.75,59,0.0173,0.0369,1.001,1.001,60.0,0.0167,1.0000,1.00,400,0,2223.96,1,1
2516.75,60,0.0167,0.0295,1.001,1.001,59.9,0.0167,1.0000,1.00,400,0,2224.96,1,1
2517.76,59,0.0028,0.0365,0.165,1.000,9.9,0.0167,1.0000,0.00,400,0,2225.12,1,1
2518.76,58,0.0000,0.0000,0.000,1.000,0.0,0.0167,1.0000,0.00,400,0,2225.12,1,1
2519.76,58,0.0000,0.0000,0.000,1.000,0.0,0.0167,1.0000,0.00,400,0,2225.12,1,1
2520.78,59,0.0000,0.0000,0.000,1.000,0.0,0.0167,1.0000,0.00,400,0,2225.12,1,1
2521.79,60,0.0000,0.0000,0.000,0.999,0.0,0.0167,1.0000,0.00,400,0,2225.12,1,1
2522.79,59,0.0000,0.0000,0.000,1.001,0.0,0.0167,1.0000,0.00,400,0,2225.12,1,1
2523.80,59,0.0000,0.0000,0.000,1.000,0.0,0.0167,1.0000,0.00,400,0,2225.12,1,1
2524.83,61,0.0000,0.0000,0.000,1.000,0.0,0.0167,1.0000,0.00,400,0,2225.12,1,1
2525.84,60,0.0000,0.0000,0.000,1.000,0.0,0.0167,1.0000,0.00,400,0,2225.12,1,1
2526.84,59,0.0000,0.0000,0.000,1.000,0.0,0.0167,1.0000,0.00,400,0,2225.12,1,1
2527.86,59,0.0000,0.0000,0.000,1.000,0.0,0.0167,1.0000,0.00,400,0,2225.12,1,1
2528.88,57,0.0000,0.0000,0.000,1.000,0.0,0.0167,1.0000,0.00,400,0,2225.12,1,1
2529.89,59,0.0000,0.0000,0.000,1.000,0.0,0.0167,1.0000,0.00,400,0,2225.12,1,1
2530.90,58,0.0000,0.0000,0.000,1.000,0.0,0.0167,1.0000,0.00,400,0,2225.12,1,1
2532.14,53,0.0000,0.0000,0.000,0.732,0.0,0.0167,1.0000,1.00,400,0,2225.12,1,1
2534.19,1,0.3582,0.3582,0.175,0.175,10.7,0.0167,1.0000,1.00,400,0,2225.48,1,1
2535.20,28,0.0479,0.3582,1.326,3.005,58.4,0.0167,1.0000,1.00,400,0,2226.46,1,1
2536.23,20,0.0514,0.0538,0.999,0.999,60.2,0.0167,1.0000,1.00,400,0,2227.49,1,1
2537.25,49,0.0207,0.0509,1.000,1.000,59.2,0.0167,1.0000,1.00,400,0,2228.51,1,1
2538.27,56,0.0184,0.0520,1.001,1.001,60.3,0.0167,1.0000,1.00,400,0,2229.53,1,1
2539.30,20,0.0514,0.0549,0.999,0.999,60.3,0.0167,1.0000,1.00,400,0,2230.56,1,1
1.28,2,0.0200,0.0200,0.031,4.554,1.6,0.0167,1.0000,1.00,400,0,0.02,1,1
2.30,79,0.0132,0.5160,1.024,1.024,60.9,0.0167,1.0000,1.00,400,0,1.06,1,1
3.30,202,0.0050,0.0197,1.000,1.000,60.0,0.0167,1.0000,1.00,400,0,2.06,1,1
4.31,196,0.0051,0.0917,1.000,1.000,60.7,0.0167,1.0000,1.00,400,0,3.07,1,1
5.33,112,0.0091,0.0252,1.000,1.000,59.9,0.0167,1.0000,1.00,400,0,4.09,1,1
6.35,98,0.0105,0.0764,1.000,1.000,59.6,0.0167,1.0000,1.00,400,0,5.11,1,1
7.35,149,0.0067,0.0196,1.000,1.000,59.9,0.0167,1.0000,1.00,400,0,6.11,1,1
8.35,149,0.0067,0.0091,1.000,1.000,60.9,0.0167,1.0000,1.00,400,0,7.11,1,1
9.36,149,0.0067,0.0088,1.000,1.000,59.9,0.0167,1.0000,1.00,400,0,8.12,1,1
10.36,152,0.0066,0.0093,1.000,1.000,59.7,0.0167,1.0000,1.00,400,0,9.12,1,1
11.37,154,0.0065,0.0096,1.000,1.000,59.7,0.0167,1.0000,1.00,400,0,10.13,1,1
13.17,102,0.0065,0.0089,0.366,0.366,22.2,0.0167,1.0000,1.00,400,0,10.78,1,1
14.17,40,0.0173,0.0300,0.692,2.140,40.9,0.0167,1.0000,1.00,400,0,11.47,1,1
15.18,53,0.0191,0.0321,1.000,1.000,60.3,0.0167,1.0000,1.00,400,0,12.48,1,1
16.20,53,0.0192,0.0312,1.000,1.000,60.0,0.0167,1.0000,1.00,400,0,13.50,1,1
17.20,54,0.0187,0.0241,1.000,1.000,59.5,0.0167,1.0000,1.00,400,0,14.51,1,1
18.22,52,0.0194,0.0521,1.000,1.000,60.4,0.0167,1.0000,1.00,400,0,15.52,0,1
19.24,53,0.0193,0.0257,1.001,1.001,59.7,0.0167,1.0000,1.00,400,0,16.54,0,1
20.24,51,0.0196,0.0383,1.000,1.000,59.9,0.0167,1.0000,1.00,400,0,17.54,0,1
21.25,52,0.0195,0.0393,1.000,1.000,60.1,0.0167,1.0000,1.00,400,0,18.56,0,1
22.26,53,0.0191,0.0277,1.000,1.000,60.3,0.0167,1.0000,1.00,400,0,19.57,0,1
23.28,53,0.0192,0.0300,1.000,1.000,60.0,0.0167,1.0000,1.00,400,0,20.58,0,1
24.30,55,0.0185,0.0267,1.000,1.000,59.9,0.0167,1.0000,1.00,400,0,21.60,0,1
25.31,53,0.0191,0.0331,0.999,0.999,60.1,0.0167,1.0000,1.00,400,0,22.62,0,1
26.32,51,0.0197,0.0767,1.001,1.001,59.8,0.0167,1.0000,1.00,400,0,23.62,1,1
27.34,55,0.0185,0.0522,1.000,1.000,59.9,0.0167,1.0000,1.00,400,0,24.64,1,1
28.34,55,0.0182,0.0240,1.000,1.000,60.8,0.0167,1.0000,1.00,400,0,25.64,1,1
29.35,55,0.0185,0.0254,1.000,1.000,60.1,0.0167,1.0000,1.00,400,0,26.66,1,1
31.14,32,0.0183,0.0243,0.327,0.327,19.6,0.0167,1.0000,1.00,400,0,27.24,1,1
33.36,1,0.0174,0.0174,0.008,1.522,0.0,0.0167,1.0000,1.00,400,0,27.24,1,1
34.36,46,0.0198,0.0437,0.911,1.043,53.9,0.0167,1.0000,1.00,400,0,28.15,1,1
35.37,79,0.0128,0.0325,1.001,1.001,60.2,0.0167,1.0000,1.00,400,0,29.17,1,1
36.38,83,0.0122,0.0138,1.000,1.000,60.5,0.0167,1.0000,1.00,400,0,30.18,1,1
37.42,83,0.0125,0.0431,0.999,0.999,59.6,0.0167,1.0000,1.00,400,0,31.22,1,1
38.43,42,0.0240,0.0439,0.999,0.999,60.6,0.0167,1.0000,1.00,400,0,32.22,1,1
39.43,55,0.0183,0.0355,1.002,1.002,59.8,0.0167,1.0000,1.00,400,0,33.23,1,1
40.44,50,0.0201,0.0431,1.000,1.000,59.8,0.0167,1.0000,1.00,400,0,34.23,1,1
41.44,78,0.0128,0.0144,1.000,1.000,59.9,0.0167,1.0000,1.00,400,0,35.23,1,1
42.44,77,0.0131,0.0152,0.999,0.999,60.5,0.0167,1.0000,1.00,400,0,36.24,1,1
43.45,75,0.0134,0.0160,1.001,1.001,59.7,0.0167,1.0000,1.00,400,0,37.24,1,1
44.46,76,0.0132,0.0168,1.000,1.000,60.6,0.0167,1.0000,1.00,400,0,38.25,1,1
45.47,78,0.0130,0.0150,0.999,0.999,59.2,0.0167,1.0000,1.00,400,0,39.26,1,1
46.48,79,0.0128,0.0162,1.001,1.001,60.5,0.0167,1.0000,1.00,400,0,40.27,1,1
47.49,76,0.0133,0.0158,1.001,1.001,59.5,0.0167,1.0000,1.00,400,0,41.28,1,1
48.49,75,0.0134,0.0150,0.999,0.999,60.7,0.0167,1.0000,1.00,400,0,42.29,1,1
49.49,78,0.0128,0.0151,1.000,1.000,60.0,0.0167,1.0000,1.00,400,0,43.29,1,1
50.50,73,0.0137,0.0299,1.000,1.000,59.9,0.0167,1.0000,1.00,400,0,44.29,0,1
51.50,76,0.0132,0.0186,0.999,0.999,59.7,0.0167,1.0000,1.00,400,0,45.29,0,1
52.51,74,0.0136,0.0202,1.001,1.001,60.5,0.0167,1.0000,1.00,400,0,46.30,0,1
53.51,75,0.0133,0.0216,1.000,1.000,60.0,0.0167,1.0000,1.00,400,0,47.30,0,1
54.52,80,0.0127,0.0161,1.000,1.000,60.2,0.0167,1.0000,1.00,400,0,48.32,0,1
55.53,76,0.0132,0.0174,1.000,1.000,59.8,0.0167,1.0000,1.00,400,0,49.32,0,1
56.54,79,0.0128,0.0159,1.001,1.001,60.4,0.0167,1.0000,1.00,400,0,50.33,0,1
57.54,80,0.0126,0.0152,1.000,1.000,59.6,0.0167,1.0000,1.00,400,0,51.34,0,1
58.55,81,0.0124,0.0144,1.000,1.000,60.5,0.0167,1.0000,1.00,400,0,52.35,0,1
59.63,81,0.0124,0.0156,0.929,0.929,55.7,0.0167,1.0000,1.00,400,0,53.35,0,1
60.65,52,0.0211,0.0857,1.074,1.074,64.5,0.0167,1.0000,1.00,400,0,54.45,0,1
61.66,40,0.0253,0.0398,1.002,1.002,59.5,0.0167,1.0000,1.00,400,0,55.46,0,1
62.66,33,0.0303,0.0423,0.999,0.999,60.0,0.0167,1.0000,1.00,400,0,56.46,0,1
63.68,65,0.0156,0.0288,1.000,1.000,60.1,0.0167,1.0000,1.00,400,0,57.47,0,1
64.69,65,0.0155,0.0317,1.000,1.000,60.4,0.0167,1.0000,1.00,400,0,58.48,0,1
65.70,63,0.0161,0.0306,1.001,1.001,60.2,0.0167,1.0000,1.00,400,0,59.50,0,1
66.72,64,0.0159,0.0308,0.999,0.999,60.0,0.0167,1.0000,1.00,400,0,60.51,0,1
67.73,62,0.0163,0.0311,1.001,1.001,59.4,0.0167,1.0000,1.00,400,0,61.52,0,1
68.74,66,0.0153,0.0293,1.000,1.000,60.2,0.0167,1.0000,1.00,400,0,62.54,0,1
69.75,64,0.0157,0.0349,1.000,1.000,60.5,0.0167,1.0000,1.00,400,0,63.54,1,1
70.75,64,0.0157,0.0316,1.000,1.000,59.7,0.0167,1.0000,1.00,400,0,64.55,1,1
71.76,64,0.0157,0.0340,1.001,1.001,59.6,0.0167,1.0000,1.00,400,0,65.55,1,1
72.77,65,0.0156,0.0325,0.999,0.999,60.2,0.0167,1.0000,1.00,400,0,66.57,1,1
73.77,64,0.0156,0.0295,0.999,0.999,60.0,0.0167,1.0000,1.00,400,0,67.57,1,1
74.81,41,0.0253,0.0752,0.997,0.997,59.6,0.0167,1.0000,1.00,400,0,68.60,1,1
75.94,8,0.1398,0.2444,0.993,0.993,59.4,0.0167,1.0000,1.00,400,0,69.72,1,1
76.98,35,0.0300,0.0842,1.006,1.006,61.3,0.0167,1.0000,1.00,400,0,70.77,1,1
78.02,7,0.1491,0.1892,1.002,1.002,59.6,0.0167,1.0000,1.00,400,0,71.82,1,1
79.02,29,0.0346,0.2255,1.003,1.003,59.9,0.0167,1.0000,1.00,400,0,72.82,1,1
80.10,13,0.0820,0.1571,0.995,0.995,59.8,0.0167,1.0000,1.00,400,0,73.88,1,1
81.15,16,0.0660,0.1162,1.001,1.001,60.7,0.0167,1.0000,1.00,400,0,74.94,1,1
82.19,13,0.0795,0.1185,0.998,0.998,59.9,0.0167,1.0000,1.00,400,0,75.97,1,1
83.25,11,0.0969,0.1227,1.003,1.003,60.2,0.0167,1.0000,1.00,400,0,77.04,1,1
84.29,20,0.0520,0.1992,0.999,0.999,59.5,0.0167,1.0000,1.00,400,0,78.08,1,1
85.37,13,0.0831,0.1124,0.998,0.998,60.0,0.0167,1.0000,1.00,400,0,79.16,1,1
86.39,12,0.0851,0.1457,1.007,1.007,60.1,0.0167,1.0000,1.00,400,0,80.18,1,1
87.46,12,0.0884,0.2361,0.992,0.992,59.8,0.0167,1.0000,1.00,400,0,81.24,1,1
88.48,23,0.0449,0.1845,1.004,1.004,60.4,0.0167,1.0000,1.00,400,0,82.27,1,1
89.53,13,0.0803,0.1182,0.998,0.998,60.2,0.0167,1.0000,1.00,400,0,83.32,1,1
90.56,9,0.1133,0.1281,0.995,0.995,59.5,0.0167,1.0000,1.00,400,0,84.34,1,1
91.59,12,0.0866,0.2418,1.001,1.001,59.7,0.0167,1.0000,1.00,400,0,85.38,1,1
92.60,15,0.0676,0.2468,1.010,1.010,60.8,0.0167,1.0000,1.00,400,0,86.39,1,1
93.70,15,0.0731,0.1910,0.992,0.992,59.7,0.0167,1.0000,1.00,400,0,87.49,1,1
94.71,14,0.0729,0.2435,1.011,1.011,60.4,0.0167,1.0000,1.00,400,0,88.51,1,1
95.71,20,0.0494,0.2367,0.988,0.988,60.0,0.0167,1.0000,1.00,400,0,89.50,1,1
96.79,15,0.0720,0.0976,1.007,1.007,59.6,0.0167,1.0000,1.00,400,0,90.58,1,1
97.80,8,0.1261,0.2619,1.002,1.002,60.6,0.0167,1.0000,1.00,400,0,91.59,1,1
98.84,14,0.0723,0.6082,0.967,0.967,58.2,0.0167,1.0000,1.00,400,0,92.60,1,1
99.93,14,0.0802,0.1635,1.029,1.029,61.4,0.0167,1.0000,1.00,400,0,93.72,1,1
100.96,9,0.1130,0.2259,0.993,0.993,59.6,0.0167,1.0000,1.00,400,0,94.74,1,1
102.03,13,0.0825,0.1853,0.999,0.999,59.6,0.0167,1.0000,1.00,400,0,95.81,1,1
103.04,10,0.1021,0.1808,1.010,1.010,61.3,0.0167,1.0000,1.00,400,0,96.83,1,1
104.07,18,0.0570,0.0825,1.003,1.003,59.6,0.0167,1.0000,1.00,400,0,97.86,1,1
105.08,11,0.0923,0.1688,1.000,1.000,60.1,0.0167,1.0000,1.00,400,0,98.87,1,1
106.16,14,0.0767,0.1758,0.997,0.997,60.4,0.0167,1.0000,1.00,400,0,99.95,1,1
107.19,11,0.0933,0.1271,0.995,0.995,59.1,0.0167,1.0000,1.00,400,0,100.97,1,1
108.26,10,0.1069,0.1418,0.999,0.999,60.7,0.0167,1.0000,1.00,400,0,102.04,1,1
109.30,12,0.0869,0.2406,1.003,1.003,59.6,0.0167,1.0000,1.00,400,0,103.09,0,1
110.32,16,0.0642,0.1817,1.008,1.008,60.8,0.0167,1.0000,1.00,400,0,104.11,0,1
111.33,20,0.0501,0.1295,0.993,0.993,59.4,0.0167,1.0000,1.00,400,0,105.12,0,1
112.34,12,0.0840,0.1138,0.998,0.998,60.4,0.0167,1.0000,1.00,400,0,106.13,0,1
113.35,11,0.0923,0.1225,1.006,1.006,60.4,0.0167,1.0000,1.00,400,0,107.14,0,1
114.42,10,0.1067,0.1779,0.997,0.997,59.8,0.0167,1.0000,1.00,400,0,108.21,1,1
115.42,14,0.0720,0.1367,1.003,1.003,59.7,0.0167,1.0000,1.00,400,0,109.22,1,1
116.47,14,0.0319,0.1112,0.425,1.002,25.7,0.0167,1.0000,0.00,400,0,109.66,1,1
117.47,21,0.0000,0.0000,0.000,1.002,0.0,0.0167,1.0000,0.00,400,0,109.66,0,1
118.49,65,0.0000,0.0000,0.000,1.000,0.0,0.0167,1.0000,0.00,400,0,109.66,0,1
119.51,71,0.0000,0.0000,0.000,1.000,0.0,0.0167,1.0000,0.00,400,0,109.66,0,1
120.52,71,0.0000,0.0000,0.000,1.000,0.0,0.0167,1.0000,0.00,400,0,109.66,0,1
121.53,70,0.0000,0.0000,0.000,1.000,0.0,0.0167,1.0000,0.00,400,0,109.66,0,1
122.53,70,0.0000,0.0000,0.000,1.000,0.0,0.0167,1.0000,0.00,400,0,109.66,0,1
123.54,74,0.0000,0.0000,0.000,1.000,0.0,0.0167,1.0000,0.00,400,0,109.66,0,1
124.54,71,0.0000,0.0000,0.000,1.000,0.0,0.0167,1.0000,0.00,400,0,109.66,0,1
125.55,72,0.0000,0.0000,0.000,1.000,0.0,0.0167,1.0000,0.00,400,0,109.66,0,1
126.55,71,0.0000,0.0000,0.000,1.000,0.0,0.0167,1.0000,0.00,400,0,109.66,0,1
127.56,70,0.0000,0.0000,0.000,1.000,0.0,0.0167,1.0000,0.00,400,0,109.66,0,1
128.56,71,0.0000,0.0000,0.000,1.000,0.0,0.0167,1.0000,0.00,400,0,109.66,0,1
129.57,71,0.0000,0.0000,0.000,1.000,0.0,0.0167,1.0000,0.00,400,0,109.66,0,1
130.58,68,0.0000,0.0000,0.000,1.000,0.0,0.0167,1.0000,0.00,400,0,109.66,0,1
131.59,58,0.0000,0.0000,0.000,1.000,0.0,0.0167,1.0000,0.00,400,0,109.66,0,1
132.59,60,0.0000,0.0000,0.000,1.000,0.0,0.0167,1.0000,0.00,400,0,109.66,0,1
133.60,75,0.0000,0.0000,0.000,1.000,0.0,0.0167,1.0000,0.00,400,0,109.66,0,1
134.62,76,0.0000,0.0000,0.000,1.000,0.0,0.0167,1.0000,0.00,400,0,109.66,0,1
135.62,75,0.0000,0.0000,0.000,1.000,0.0,0.0167,1.0000,0.00,400,0,109.66,0,1
136.63,77,0.0000,0.0000,0.000,1.000,0.0,0.0167,1.0000,0.00,400,0,109.66,0,1
137.63,75,0.0000,0.0000,0.000,1.000,0.0,0.0167,1.0000,0.00,400,0,109.66,0,1
138.64,75,0.0000,0.0000,0.000,1.000,0.0,0.0167,1.0000,0.00,400,0,109.66,0,1
139.64,74,0.0000,0.0000,0.000,1.000,0.0,0.0167,1.0000,0.00,400,0,109.66,0,1
140.64,76,0.0000,0.0000,0.000,1.000,0.0,0.0167,1.0000,0.00,400,0,109.66,0,1
141.66,76,0.0000,0.0000,0.000,1.000,0.0,0.0167,1.0000,0.00,400,0,109.66,0,1
142.66,76,0.0000,0.0000,0.000,1.000,0.0,0.0167,1.0000,0.00,400,0,109.66,0,1
143.67,76,0.0000,0.0000,0.000,1.000,0.0,0.0167,1.0000,0.00,400,0,109.66,0,1
144.68,77,0.0000,0.0000,0.000,1.000,0.0,0.0167,1.0000,0.00,400,0,109.66,0,1
145.68,77,0.0000,0.0000,0.000,1.000,0.0,0.0167,1.0000,0.00,400,0,109.66,0,1
146.68,77,0.0000,0.0000,0.000,1.000,0.0,0.0167,1.0000,0.00,400,0,109.66,0,1
147.69,76,0.0000,0.0000,0.000,1.000,0.0,0.0167,1.0000,0.00,400,0,109.66,0,1
148.71,70,0.0000,0.0000,0.000,1.000,0.0,0.0167,1.0000,0.00,400,0,109.66,0,1
149.71,76,0.0000,0.0000,0.000,1.000,0.0,0.0167,1.0000,0.00,400,0,109.66,0,1
150.72,76,0.0000,0.0000,0.000,1.000,0.0,0.0167,1.0000,0.00,400,0,109.66,0,1
151.72,76,0.0000,0.0000,0.000,1.000,0.0,0.0167,1.0000,0.00,400,0,109.66,0,1
152.73,74,0.0000,0.0000,0.000,1.000,0.0,0.0167,1.0000,0.00,400,0,109.66,0,1
153.73,75,0.0000,0.0000,0.000,1.000,0.0,0.0167,1.0000,0.00,400,0,109.66,0,1
154.73,76,0.0000,0.0000,0.000,1.000,0.0,0.0167,1.0000,0.00,400,0,109.66,0,1
155.74,76,0.0000,0.0000,0.000,1.000,0.0,0.0167,1.0000,0.00,400,0,109.66,0,1
156.75,77,0.0000,0.0000,0.000,1.000,0.0,0.0167,1.0000,0.00,400,0,109.66,0,1
157.76,77,0.0000,0.0000,0.000,1.000,0.0,0.0167,1.0000,0.00,400,0,109.66,0,1
158.77,77,0.0000,0.0000,0.000,1.000,0.0,0.0167,1.0000,0.00,400,0,109.66,0,1
159.78,76,0.0000,0.0000,0.000,1.000,0.0,0.0167,1.0000,0.00,400,0,109.66,0,1
160.79,76,0.0000,0.0000,0.000,1.000,0.0,0.0167,1.0000,0.00,400,0,109.66,0,1
161.79,76,0.0000,0.0000,0.000,1.000,0.0,0.0167,1.0000,0.00,400,0,109.66,0,1
162.80,76,0.0000,0.0000,0.000,1.000,0.0,0.0167,1.0000,0.00,400,0,109.66,0,1
163.80,77,0.0000,0.0000,0.000,1.000,0.0,0.0167,1.0000,0.00,400,0,109.66,0,1
164.81,76,0.0000,0.0000,0.000,1.000,0.0,0.0167,1.0000,0.00,400,0,109.66,0,1
165.82,75,0.0000,0.0000,0.000,1.000,0.0,0.0167,1.0000,0.00,400,0,109.66,0,1
166.82,74,0.0000,0.0000,0.000,1.000,0.0,0.0167,1.0000,0.00,400,0,109.66,0,1
167.84,76,0.0000,0.0000,0.000,1.000,0.0,0.0167,1.0000,0.00,400,0,109.66,0,1
168.84,76,0.0000,0.0000,0.000,1.000,0.0,0.0167,1.0000,0.00,400,0,109.66,0,1
169.85,77,0.0000,0.0000,0.000,1.000,0.0,0.0167,1.0000,0.00,400,0,109.66,0,1
170.85,76,0.0000,0.0000,0.000,1.000,0.0,0.0167,1.0000,0.00,400,0,109.66,0,1
171.86,77,0.0000,0.0000,0.000,1.000,0.0,0.0167,1.0000,0.00,400,0,109.66,0,1
172.86,76,0.0000,0.0000,0.000,1.000,0.0,0.0167,1.0000,0.00,400,0,109.66,0,1
173.87,76,0.0000,0.0000,0.000,1.000,0.0,0.0167,1.0000,0.00,400,0,109.66,0,1
174.87,77,0.0000,0.0000,0.000,1.000,0.0,0.0167,1.0000,0.00,400,0,109.66,0,1
175.88,76,0.0000,0.0000,0.000,1.000,0.0,0.0167,1.0000,0.00,400,0,109.66,0,1
176.89,76,0.0000,0.0000,0.000,1.000,0.0,0.0167,1.0000,0.00,400,0,109.66,0,1
177.89,75,0.0000,0.0000,0.000,1.000,0.0,0.0167,1.0000,0.00,400,0,109.66,0,1
178.90,77,0.0000,0.0000,0.000,1.000,0.0,0.0167,1.0000,0.00,400,0,109.66,0,1
179.90,76,0.0000,0.0000,0.000,1.000,0.0,0.0167,1.0000,0.00,400,0,109.66,0,1
180.91,76,0.0000,0.0000,0.000,1.000,0.0,0.0167,1.0000,0.00,400,0,109.66,0,1
181.91,76,0.0000,0.0000,0.000,1.000,0.0,0.0167,1.0000,0.00,400,0,109.66,0,1
182.92,77,0.0000,0.0000,0.000,1.000,0.0,0.0167,1.0000,0.00,400,0,109.66,0,1
183.93,78,0.0000,0.0000,0.000,1.000,0.0,0.0167,1.0000,0.00,400,0,109.66,0,1
184.94,78,0.0000,0.0000,0.000,1.000,0.0,0.0167,1.0000,0.00,400,0,109.66,0,1
185.95,77,0.0000,0.0000,0.000,1.000,0.0,0.0167,1.0000,0.00,400,0,109.66,0,1
186.95,78,0.0000,0.0000,0.000,1.000,0.0,0.0167,1.0000,0.00,400,0,109.66,0,1
187.96,77,0.0000,0.0000,0.000,1.000,0.0,0.0167,1.0000,0.00,400,0,109.66,0,1
188.96,77,0.0000,0.0000,0.000,1.000,0.0,0.0167,1.0000,0.00,400,0,109.66,0,1
189.97,78,0.0000,0.0000,0.000,1.000,0.0,0.0167,1.0000,0.00,400,0,109.66,0,1
190.98,77,0.0000,0.0000,0.000,1.000,0.0,0.0167,1.0000,0.00,400,0,109.66,0,1
191.98,77,0.0000,0.0000,0.000,1.000,0.0,0.0167,1.0000,0.00,400,0,109.66,0,1
192.98,76,0.0000,0.0000,0.000,1.000,0.0,0.0167,1.0000,0.00,400,0,109.66,0,1
193.99,78,0.0000,0.0000,0.000,1.000,0.0,0.0167,1.0000,0.00,400,0,109.66,0,1
194.99,77,0.0000,0.0000,0.000,1.000,0.0,0.0167,1.0000,0.00,400,0,109.66,0,1
196.02,31,0.0000,0.0000,0.000,1.000,0.0,0.0167,1.0000,0.00,400,0,109.66,0,1
197.06,35,0.0000,0.0000,0.000,1.000,0.0,0.0167,1.0000,0.00,400,0,109.66,0,1
198.08,28,0.0000,0.0000,0.000,1.000,0.0,0.0167,1.0000,0.00,400,0,109.66,0,1
199.11,37,0.0000,0.0000,0.000,1.000,0.0,0.0167,1.0000,0.00,400,0,109.66,0,1
200.12,71,0.0000,0.0000,0.000,1.000,0.0,0.0167,1.0000,0.00,400,0,109.66,0,1
201.12,68,0.0000,0.0000,0.000,1.000,0.0,0.0167,1.0000,0.00,400,0,109.66,0,1
202.12,28,0.0000,0.0000,0.000,1.000,0.0,0.0167,1.0000,0.00,400,0,109.66,0,1
203.14,38,0.0000,0.0000,0.000,1.000,0.0,0.0167,1.0000,0.00,400,0,109.66,0,1
204.15,41,0.0000,0.0000,0.000,1.000,0.0,0.0167,1.0000,0.00,400,0,109.66,0,1
205.15,49,0.0000,0.0000,0.000,1.000,0.0,0.0167,1.0000,0.00,400,0,109.66,0,1
206.16,49,0.0000,0.0000,0.000,1.000,0.0,0.0167,1.0000,0.00,400,0,109.66,0,1
207.18,54,0.0000,0.0000,0.000,1.000,0.0,0.0167,1.0000,0.00,400,0,109.66,0,1
208.22,38,0.0000,0.0000,0.000,1.000,0.0,0.0167,1.0000,0.00,400,0,109.66,0,1
209.23,77,0.0000,0.0000,0.000,1.000,0.0,0.0167,1.0000,0.00,400,0,109.66,0,1
210.23,90,0.0000,0.0000,0.000,1.000,0.0,0.0167,1.0000,0.00,400,0,109.66,0,1
211.23,54,0.0000,0.0000,0.000,1.000,0.0,0.0167,1.0000,0.00,400,0,109.66,0,1
212.23,40,0.0000,0.0000,0.000,1.000,0.0,0.0167,1.0000,0.00,400,0,109.66,0,1
213.24,62,0.0000,0.0000,0.000,1.000,0.0,0.0167,1.0000,0.00,400,0,109.66,0,1
214.24,74,0.0000,0.0000,0.000,1.000,0.0,0.0167,1.0000,0.00,400,0,109.66,0,1
215.25,70,0.0000,0.0000,0.000,1.000,0.0,0.0167,1.0000,0.00,400,0,109.66,0,1
216.26,70,0.0000,0.0000,0.000,1.000,0.0,0.0167,1.0000,0.00,400,0,109.66,0,1
217.27,72,0.0000,0.0000,0.000,1.000,0.0,0.0167,1.0000,0.00,400,0,109.66,0,1
218.28,73,0.0000,0.0000,0.000,1.000,0.0,0.0167,1.0000,0.00,400,0,109.66,0,1
219.30,69,0.0000,0.0000,0.000,1.000,0.0,0.0167,1.0000,0.00,400,0,109.66,0,1
220.31,67,0.0000,0.0000,0.000,1.000,0.0,0.0167,1.0000,0.00,400,0,109.66,0,1
221.32,77,0.0000,0.0000,0.000,1.000,0.0,0.0167,1.0000,0.00,400,0,109.66,0,1
222.32,78,0.0000,0.0000,0.000,0.999,0.0,0.0167,1.0000,0.00,400,0,109.66,0,1
223.33,75,0.0000,0.0000,0.000,1.000,0.0,0.0167,1.0000,0.00,400,0,109.66,0,1
224.34,70,0.0000,0.0000,0.000,1.000,0.0,0.0167,1.0000,0.00,400,0,109.66,0,1
225.35,73,0.0000,0.0000,0.000,1.000,0.0,0.0167,1.0000,0.00,400,0,109.66,0,1
226.35,75,0.0000,0.0000,0.000,1.000,0.0,0.0167,1.0000,0.00,400,0,109.66,0,1
227.36,71,0.0000,0.0000,0.000,1.000,0.0,0.0167,1.0000,0.00,400,0,109.66,0,1
228.37,77,0.0000,0.0000,0.000,1.000,0.0,0.0167,1.0000,0.00,400,0,109.66,0,1
229.38,76,0.0000,0.0000,0.000,1.000,0.0,0.0167,1.0000,0.00,400,0,109.66,0,1
230.39,76,0.0000,0.0000,0.000,1.000,0.0,0.0167,1.0000,0.00,400,0,109.66,0,1
231.40,68,0.0000,0.0000,0.000,1.000,0.0,0.0167,1.0000,0.00,400,0,109.66,0,1
232.41,76,0.0000,0.0000,0.000,1.000,0.0,0.0167,1.0000,0.00,400,0,109.66,0,1
233.42,74,0.0000,0.0000,0.000,1.000,0.0,0.0167,1.0000,0.00,400,0,109.66,0,1
234.42,70,0.0000,0.0000,0.000,1.000,0.0,0.0167,1.0000,0.00,400,0,109.66,0,1
235.44,74,0.0000,0.0000,0.000,1.000,0.0,0.0167,1.0000,0.00,400,0,109.66,0,1
236.45,73,0.0000,0.0000,0.000,1.000,0.0,0.0167,1.0000,0.00,400,0,109.66,0,1
237.46,68,0.0000,0.0000,0.000,1.000,0.0,0.0167,1.0000,0.00,400,0,109.66,0,1
238.47,74,0.0000,0.0000,0.000,1.000,0.0,0.0167,1.0000,0.00,400,0,109.66,0,1
239.49,34,0.0000,0.0000,0.000,1.000,0.0,0.0167,1.0000,0.00,400,0,109.66,0,1
240.51,40,0.0000,0.0000,0.000,1.000,0.0,0.0167,1.0000,0.00,400,0,109.66,0,1
241.52,51,0.0000,0.0000,0.000,1.001,0.0,0.0167,1.0000,0.00,400,0,109.66,0,1
242.53,61,0.0000,0.0000,0.000,1.000,0.0,0.0167,1.0000,0.00,400,0,109.66,0,1
243.54,58,0.0000,0.0000,0.000,1.000,0.0,0.0167,1.0000,0.00,400,0,109.66,0,1
244.55,64,0.0000,0.0000,0.000,1.000,0.0,0.0167,1.0000,0.00,400,0,109.66,0,1
245.57,66,0.0000,0.0000,0.000,1.000,0.0,0.0167,1.0000,0.00,400,0,109.66,0,1
246.58,67,0.0000,0.0000,0.000,1.000,0.0,0.0167,1.0000,0.00,400,0,109.66,0,1
247.59,66,0.0000,0.0000,0.000,1.000,0.0,0.0167,1.0000,0.00,400,0,109.66,0,1
248.60,65,0.0000,0.0000,0.000,1.000,0.0,0.0167,1.0000,0.00,400,0,109.66,0,1
249.61,68,0.0000,0.0000,0.000,1.000,0.0,0.0167,1.0000,0.00,400,0,109.66,0,1
250.61,68,0.0000,0.0000,0.000,1.000,0.0,0.0167,1.0000,0.00,400,0,109.66,0,1
251.62,62,0.0000,0.0000,0.000,1.000,0.0,0.0167,1.0000,0.00,400,0,109.66,0,1
252.63,65,0.0000,0.0000,0.000,1.000,0.0,0.0167,1.0000,0.00,400,0,109.66,0,1
253.64,65,0.0000,0.0000,0.000,1.000,0.0,0.0167,1.0000,0.00,400,0,109.66,0,1
254.64,65,0.0000,0.0000,0.000,1.000,0.0,0.0167,1.0000,0.00,400,0,109.66,0,1
255.66,67,0.0000,0.0000,0.000,1.000,0.0,0.0167,1.0000,0.00,400,0,109.66,0,1
256.67,66,0.0000,0.0000,0.000,1.000,0.0,0.0167,1.0000,0.00,400,0,109.66,0,1
257.68,64,0.0000,0.0000,0.000,1.000,0.0,0.0167,1.0000,0.00,400,0,109.66,0,1
258.69,64,0.0000,0.0000,0.000,1.000,0.0,0.0167,1.0000,0.00,400,0,109.66,0,1
259.70,65,0.0000,0.0000,0.000,0.999,0.0,0.0167,1.0000,0.00,400,0,109.66,0,1
260.72,59,0.0000,0.0000,0.000,1.001,0.0,0.0167,1.0000,0.00,400,0,109.66,0,1
261.72,60,0.0000,0.0000,0.000,1.000,0.0,0.0167,1.0000,0.00,400,0,109.66,0,1
262.73,60,0.0000,0.0000,0.000,1.000,0.0,0.0167,1.0000,0.00,400,0,109.66,0,1
263.73,58,0.0000,0.0000,0.000,1.000,0.0,0.0167,1.0000,0.00,400,0,109.66,0,1
264.74,63,0.0000,0.0000,0.000,1.000,0.0,0.0167,1.0000,0.00,400,0,109.66,0,1
265.75,66,0.0000,0.0000,0.000,1.000,0.0,0.0167,1.0000,0.00,400,0,109.66,0,1
266.75,62,0.0000,0.0000,0.000,1.000,0.0,0.0167,1.0000,0.00,400,0,109.66,0,1
267.77,64,0.0000,0.0000,0.000,1.000,0.0,0.0167,1.0000,0.00,400,0,109.66,0,1
268.78,67,0.0000,0.0000,0.000,1.000,0.0,0.0167,1.0000,0.00,400,0,109.66,0,1
269.79,62,0.0000,0.0000,0.000,1.000,0.0,0.0167,1.0000,0.00,400,0,109.66,0,1
270.79,57,0.0000,0.0000,0.000,1.000,0.0,0.0167,1.0000,0.00,400,0,109.66,0,1
271.79,61,0.0000,0.0000,0.000,1.000,0.0,0.0167,1.0000,0.00,400,0,109.66,0,1
272.80,66,0.0000,0.0000,0.000,1.000,0.0,0.0167,1.0000,0.00,400,0,109.66,0,1
273.82,65,0.0000,0.0000,0.000,1.000,0.0,0.0167,1.0000,0.00,400,0,109.66,0,1
274.82,33,0.0000,0.0000,0.000,1.000,0.0,0.0167,1.0000,0.00,400,0,109.66,0,1
275.84,57,0.0000,0.0000,0.000,1.000,0.0,0.0167,1.0000,0.00,400,0,109.66,0,1
276.85,58,0.0000,0.0000,0.000,1.000,0.0,0.0167,1.0000,0.00,400,0,109.66,0,1
277.87,53,0.0000,0.0000,0.000,1.000,0.0,0.0167,1.0000,0.00,400,0,109.66,0,1
278.87,47,0.0000,0.0000,0.000,1.000,0.0,0.0167,1.0000,0.00,400,0,109.66,0,1
279.89,44,0.0000,0.0000,0.000,0.999,0.0,0.0167,1.0000,0.00,400,0,109.66,0,1
280.90,44,0.0000,0.0000,0.000,1.001,0.0,0.0167,1.0000,0.00,400,0,109.66,0,1
281.91,41,0.0000,0.0000,0.000,1.000,0.0,0.0167,1.0000,0.00,400,0,109.66,0,1
282.91,44,0.0000,0.0000,0.000,1.000,0.0,0.0167,1.0000,0.00,400,0,109.66,0,1
283.93,45,0.0000,0.0000,0.000,0.999,0.0,0.0167,1.0000,0.00,400,0,109.66,0,1
284.94,42,0.0000,0.0000,0.000,1.001,0.0,0.0167,1.0000,0.00,400,0,109.66,0,1
285.95,46,0.0000,0.0000,0.000,1.000,0.0,0.0167,1.0000,0.00,400,0,109.66,0,1
286.96,52,0.0000,0.0000,0.000,0.999,0.0,0.0167,1.0000,0.00,400,0,109.66,0,1
287.96,60,0.0000,0.0000,0.000,1.001,0.0,0.0167,1.0000,0.00,400,0,109.66,0,1
288.97,49,0.0000,0.0000,0.000,0.999,0.0,0.0167,1.0000,0.00,400,0,109.66,0,1
290.02,47,0.0000,0.0000,0.000,0.991,0.0,0.0167,1.0000,0.00,400,0,109.66,0,1
291.02,54,0.0000,0.0000,0.000,1.010,0.0,0.0167,1.0000,0.00,400,0,109.66,0,1
292.05,51,0.0000,0.0000,0.000,1.000,0.0,0.0167,1.0000,0.00,400,0,109.66,0,1
293.06,53,0.0000,0.0000,0.000,1.000,0.0,0.0167,1.0000,0.00,400,0,109.66,0,1
294.07,51,0.0000,0.0000,0.000,1.000,0.0,0.0167,1.0000,0.00,400,0,109.66,0,1
295.08,55,0.0000,0.0000,0.000,1.000,0.0,0.0167,1.0000,0.00,400,0,109.66,0,1
296.08,56,0.0000,0.0000,0.000,1.000,0.0,0.0167,1.0000,0.00,400,0,109.66,0,1
297.09,56,0.0000,0.0000,0.000,1.000,0.0,0.0167,1.0000,0.00,400,0,109.66,0,1
298.10,55,0.0000,0.0000,0.000,1.000,0.0,0.0167,1.0000,0.00,400,0,109.66,0,1
299.11,53,0.0000,0.0000,0.000,1.000,0.0,0.0167,1.0000,0.00,400,0,109.66,0,1
300.13,52,0.0000,0.0000,0.000,1.000,0.0,0.0167,1.0000,0.00,400,0,109.66,0,1
301.14,32,0.0000,0.0000,0.000,0.999,0.0,0.0167,1.0000,0.00,400,0,109.66,0,1
302.22,41,0.0000,0.0000,0.000,0.783,0.0,0.0167,1.0000,0.00,400,0,109.66,0,1
303.23,37,0.0000,0.0000,0.000,1.233,0.0,0.0167,1.0000,0.00,400,0,109.66,0,1
304.26,36,0.0000,0.0000,0.000,1.000,0.0,0.0167,1.0000,0.00,400,0,109.66,0,1
305.28,35,0.0000,0.0000,0.000,1.000,0.0,0.0167,1.0000,0.00,400,0,109.66,0,1
306.28,58,0.0000,0.0000,0.000,1.000,0.0,0.0167,1.0000,0.00,400,0,109.66,0,1
307.29,65,0.0000,0.0000,0.000,1.000,0.0,0.0167,1.0000,0.00,400,0,109.66,0,1
308.29,62,0.0000,0.0000,0.000,1.000,0.0,0.0167,1.0000,0.00,400,0,109.66,0,1
309.30,61,0.0000,0.0000,0.000,1.000,0.0,0.0167,1.0000,0.00,400,0,109.66,0,1
310.30,59,0.0000,0.0000,0.000,1.000,0.0,0.0167,1.0000,0.00,400,0,109.66,0,1
311.31,64,0.0000,0.0000,0.000,1.000,0.0,0.0167,1.0000,0.00,400,0,109.66,0,1
312.32,61,0.0000,0.0000,0.000,1.000,0.0,0.0167,1.0000,0.00,400,0,109.66,0,1
313.37,62,0.0000,0.0000,0.000,1.000,0.0,0.0167,1.0000,0.00,400,0,109.66,0,1
314.38,55,0.0000,0.0000,0.000,1.000,0.0,0.0167,1.0000,0.00,400,0,109.66,0,1
315.43,19,0.0000,0.0000,0.000,1.000,0.0,0.0167,1.0000,0.00,400,0,109.66,0,1
316.48,7,0.0000,0.0000,0.000,1.000,0.0,0.0167,1.0000,0.00,400,0,109.66,0,1
317.48,26,0.0000,0.0000,0.000,1.000,0.0,0.0167,1.0000,0.00,400,0,109.66,0,1
318.51,8,0.0000,0.0000,0.000,1.000,0.0,0.0167,1.0000,0.00,400,0,109.66,0,1
319.52,57,0.0000,0.0000,0.000,1.000,0.0,0.0167,1.0000,0.00,400,0,109.66,0,1
320.54,78,0.0000,0.0000,0.000,1.000,0.0,0.0167,1.0000,0.00,400,0,109.66,0,1
321.55,80,0.0000,0.0000,0.000,1.000,0.0,0.0167,1.0000,0.00,400,0,109.66,0,1
322.62,23,0.0000,0.0000,0.000,1.000,0.0,0.0167,1.0000,0.00,400,0,109.66,0,1
323.72,23,0.0000,0.0000,0.000,1.000,0.0,0.0167,1.0000,0.00,400,0,109.66,0,1
324.75,27,0.0000,0.0000,0.000,0.999,0.0,0.0167,1.0000,0.00,400,0,109.66,0,1
325.79,45,0.0000,0.0000,0.000,0.981,0.0,0.0167,1.0000,0.00,400,0,109.66,0,1
326.80,66,0.0000,0.0000,0.000,1.021,0.0,0.0167,1.0000,0.00,400,0,109.66,0,1
327.81,71,0.0000,0.0000,0.000,1.000,0.0,0.0167,1.0000,0.00,400,0,109.66,0,1
328.81,70,0.0000,0.0000,0.000,1.000,0.0,0.0167,1.0000,0.00,400,0,109.66,0,1
329.81,66,0.0000,0.0000,0.000,1.000,0.0,0.0167,1.0000,0.00,400,0,109.66,0,1
330.82,70,0.0000,0.0000,0.000,1.000,0.0,0.0167,1.0000,0.00,400,0,109.66,0,1
331.83,73,0.0000,0.0000,0.000,1.000,0.0,0.0167,1.0000,0.00,400,0,109.66,0,1
332.84,72,0.0000,0.0000,0.000,1.000,0.0,0.0167,1.0000,0.00,400,0,109.66,0,1
333.85,74,0.0000,0.0000,0.000,1.000,0.0,0.0167,1.0000,0.00,400,0,109.66,0,1
334.85,74,0.0000,0.0000,0.000,1.000,0.0,0.0167,1.0000,0.00,400,0,109.66,0,1
335.87,50,0.0000,0.0000,0.000,1.000,0.0,0.0167,1.0000,0.00,400,0,109.66,0,1
336.90,23,0.0000,0.0000,0.000,1.000,0.0,0.0167,1.0000,0.00,400,0,109.66,0,1
337.93,43,0.0000,0.0000,0.000,1.000,0.0,0.0167,1.0000,0.00,400,0,109.66,0,1
338.95,22,0.0000,0.0000,0.000,1.000,0.0,0.0167,1.0000,0.00,400,0,109.66,0,1
339.97,34,0.0000,0.0000,0.000,1.000,0.0,0.0167,1.0000,0.00,400,0,109.66,0,1
340.98,75,0.0000,0.0000,0.000,1.000,0.0,0.0167,1.0000,0.00,400,0,109.66,0,1
341.99,75,0.0000,0.0000,0.000,1.000,0.0,0.0167,1.0000,0.00,400,0,109.66,0,1
342.99,52,0.0000,0.0000,0.000,1.000,0.0,0.0167,1.0000,0.00,400,0,109.66,0,1
344.00,22,0.0000,0.0000,0.000,1.000,0.0,0.0167,1.0000,0.00,400,0,109.66,0,1
345.02,23,0.0000,0.0000,0.000,1.000,0.0,0.0167,1.0000,0.00,400,0,109.66,0,1
346.02,23,0.0000,0.0000,0.000,1.000,0.0,0.0167,1.0000,0.00,400,0,109.66,0,1
347.07,58,0.0000,0.0000,0.000,1.000,0.0,0.0167,1.0000,0.00,400,0,109.66,0,1
348.10,41,0.0000,0.0000,0.000,1.000,0.0,0.0167,1.0000,0.00,400,0,109.66,0,1
349.13,35,0.0000,0.0000,0.000,1.000,0.0,0.0167,1.0000,0.00,400,0,109.66,0,1
350.14,65,0.0000,0.0000,0.000,1.000,0.0,0.0167,1.0000,0.00,400,0,109.66,0,1
351.14,66,0.0000,0.0000,0.000,1.000,0.0,0.0167,1.0000,0.00,400,0,109.66,0,1
352.15,59,0.0000,0.0000,0.000,1.000,0.0,0.0167,1.0000,0.00,400,0,109.66,0,1
353.16,61,0.0000,0.0000,0.000,1.000,0.0,0.0167,1.0000,0.00,400,0,109.66,0,1
354.16,59,0.0000,0.0000,0.000,1.000,0.0,0.0167,1.0000,0.00,400,0,109.66,0,1
355.17,60,0.0000,0.0000,0.000,1.000,0.0,0.0167,1.0000,0.00,400,0,109.66,0,1
356.18,54,0.0000,0.0000,0.000,1.000,0.0,0.0167,1.0000,0.00,400,0,109.66,0,1
357.18,55,0.0000,0.0000,0.000,0.999,0.0,0.0167,1.0000,0.00,400,0,109.66,0,1
358.19,57,0.0000,0.0000,0.000,1.001,0.0,0.0167,1.0000,0.00,400,0,109.66,0,1
359.19,64,0.0000,0.0000,0.000,1.000,0.0,0.0167,1.0000,0.00,400,0,109.66,0,1
360.19,62,0.0000,0.0000,0.000,1.000,0.0,0.0167,1.0000,0.00,400,0,109.66,0,1
361.20,61,0.0000,0.0000,0.000,1.000,0.0,0.0167,1.0000,0.00,400,0,109.66,0,1
362.21,61,0.0000,0.0000,0.000,1.000,0.0,0.0167,1.0000,0.00,400,0,109.66,0,1
363.22,54,0.0000,0.0000,0.000,1.000,0.0,0.0167,1.0000,0.00,400,0,109.66,0,1
364.23,64,0.0000,0.0000,0.000,1.000,0.0,0.0167,1.0000,0.00,400,0,109.66,0,1
365.26,24,0.0000,0.0000,0.000,1.000,0.0,0.0167,1.0000,0.00,400,0,109.66,0,1
366.27,40,0.0000,0.0000,0.000,1.000,0.0,0.0167,1.0000,0.00,400,0,109.66,0,1
367.29,14,0.0000,0.0000,0.000,1.000,0.0,0.0167,1.0000,0.00,400,0,109.66,0,1
368.29,53,0.0000,0.0000,0.000,1.000,0.0,0.0167,1.0000,0.00,400,0,109.66,0,1
369.30,61,0.0000,0.0000,0.000,1.000,0.0,0.0167,1.0000,0.00,400,0,109.66,0,1
370.30,62,0.0000,0.0000,0.000,1.000,0.0,0.0167,1.0000,0.00,400,0,109.66,0,1
371.30,22,0.0000,0.0000,0.000,1.000,0.0,0.0167,1.0000,0.00,400,0,109.66,0,1
372.31,31,0.0000,0.0000,0.000,1.000,0.0,0.0167,1.0000,0.00,400,0,109.66,0,1
373.31,32,0.0000,0.0000,0.000,1.000,0.0,0.0167,1.0000,0.00,400,0,109.66,0,1
374.31,59,0.0000,0.0000,0.000,1.000,0.0,0.0167,1.0000,0.00,400,0,109.66,0,1
375.32,70,0.0000,0.0000,0.000,1.000,0.0,0.0167,1.0000,0.00,400,0,109.66,0,1
376.33,74,0.0000,0.0000,0.000,1.000,0.0,0.0167,1.0000,0.00,400,0,109.66,0,1
377.33,70,0.0000,0.0000,0.000,1.000,0.0,0.0167,1.0000,0.00,400,0,109.66,0,1
378.34,67,0.0000,0.0000,0.000,1.000,0.0,0.0167,1.0000,0.00,400,0,109.66,0,1
379.34,68,0.0000,0.0000,0.000,1.000,0.0,0.0167,1.0000,0.00,400,0,109.66,0,1
380.34,52,0.0000,0.0000,0.000,1.000,0.0,0.0167,1.0000,0.00,400,0,109.66,0,1
381.35,22,0.0000,0.0000,0.000,1.000,0.0,0.0167,1.0000,0.00,400,0,109.66,0,1
382.35,35,0.0000,0.0000,0.000,1.000,0.0,0.0167,1.0000,0.00,400,0,109.66,0,1
383.36,30,0.0000,0.0000,0.000,1.000,0.0,0.0167,1.0000,0.00,400,0,109.66,0,1
384.41,26,0.0000,0.0000,0.000,1.000,0.0,0.0167,1.0000,0.00,400,0,109.66,0,1
385.44,23,0.0000,0.0000,0.000,1.000,0.0,0.0167,1.0000,0.00,400,0,109.66,0,1
386.45,22,0.0000,0.0000,0.000,1.000,0.0,0.0167,1.0000,0.00,400,0,109.66,0,1
387.48,58,0.0000,0.0000,0.000,1.000,0.0,0.0167,1.0000,0.00,400,0,109.66,0,1
388.49,23,0.0000,0.0000,0.000,1.000,0.0,0.0167,1.0000,0.00,400,0,109.66,0,1
389.50,34,0.0000,0.0000,0.000,1.000,0.0,0.0167,1.0000,0.00,400,0,109.66,0,1
390.50,33,0.0000,0.0000,0.000,1.000,0.0,0.0167,1.0000,0.00,400,0,109.66,0,1
391.51,55,0.0000,0.0000,0.000,1.000,0.0,0.0167,1.0000,0.00,400,0,109.66,0,1
392.52,56,0.0000,0.0000,0.000,1.000,0.0,0.0167,1.0000,0.00,400,0,109.66,0,1
393.52,55,0.0000,0.0000,0.000,1.000,0.0,0.0167,1.0000,0.00,400,0,109.66,0,1
394.53,55,0.0000,0.0000,0.000,1.000,0.0,0.0167,1.0000,0.00,400,0,109.66,0,1
395.54,52,0.0000,0.0000,0.000,1.000,0.0,0.0167,1.0000,0.00,400,0,109.66,0,1
396.56,51,0.0000,0.0000,0.000,1.000,0.0,0.0167,1.0000,0.00,400,0,109.66,0,1
397.56,45,0.0000,0.0000,0.000,1.000,0.0,0.0167,1.0000,0.00,400,0,109.66,0,1
398.58,44,0.0000,0.0000,0.000,1.000,0.0,0.0167,1.0000,0.00,400,0,109.66,0,1
399.60,42,0.0000,0.0000,0.000,1.000,0.0,0.0167,1.0000,0.00,400,0,109.66,0,1
400.61,39,0.0000,0.0000,0.000,1.000,0.0,0.0167,1.0000,0.00,400,0,109.66,0,1
401.64,47,0.0000,0.0000,0.000,1.000,0.0,0.0167,1.0000,0.00,400,0,109.66,0,1
402.65,55,0.0000,0.0000,0.000,1.000,0.0,0.0167,1.0000,0.00,400,0,109.66,0,1
403.66,57,0.0000,0.0000,0.000,1.000,0.0,0.0167,1.0000,0.00,400,0,109.66,0,1
404.66,55,0.0000,0.0000,0.000,1.000,0.0,0.0167,1.0000,0.00,400,0,109.66,0,1
405.69,54,0.0000,0.0000,0.000,1.000,0.0,0.0167,1.0000,0.00,400,0,109.66,0,1
406.70,55,0.0000,0.0000,0.000,1.000,0.0,0.0167,1.0000,0.00,400,0,109.66,0,1
407.72,52,0.0000,0.0000,0.000,1.000,0.0,0.0167,1.0000,0.00,400,0,109.66,0,1
408.74,57,0.0000,0.0000,0.000,1.000,0.0,0.0167,1.0000,0.00,400,0,109.66,0,1
409.74,54,0.0000,0.0000,0.000,1.000,0.0,0.0167,1.0000,0.00,400,0,109.66,0,1
410.76,55,0.0000,0.0000,0.000,1.000,0.0,0.0167,1.0000,0.00,400,0,109.66,0,1
411.76,51,0.0000,0.0000,0.000,1.000,0.0,0.0167,1.0000,0.00,400,0,109.66,0,1
412.78,56,0.0000,0.0000,0.000,1.000,0.0,0.0167,1.0000,0.00,400,0,109.66,0,1
413.79,59,0.0000,0.0000,0.000,1.000,0.0,0.0167,1.0000,0.00,400,0,109.66,0,1
414.80,55,0.0000,0.0000,0.000,1.000,0.0,0.0167,1.0000,0.00,400,0,109.66,0,1
415.80,56,0.0000,0.0000,0.000,1.000,0.0,0.0167,1.0000,0.00,400,0,109.66,0,1
416.81,57,0.0000,0.0000,0.000,1.000,0.0,0.0167,1.0000,0.00,400,0,109.66,0,1
417.82,55,0.0000,0.0000,0.000,1.000,0.0,0.0167,1.0000,0.00,400,0,109.66,0,1
418.83,58,0.0000,0.0000,0.000,1.000,0.0,0.0167,1.0000,0.00,400,0,109.66,0,1
419.84,57,0.0000,0.0000,0.000,1.000,0.0,0.0167,1.0000,0.00,400,0,109.66,0,1
420.86,59,0.0000,0.0000,0.000,1.000,0.0,0.0167,1.0000,0.00,400,0,109.66,0,1
421.86,57,0.0000,0.0000,0.000,1.000,0.0,0.0167,1.0000,0.00,400,0,109.66,0,1
422.89,55,0.0000,0.0000,0.000,1.000,0.0,0.0167,1.0000,0.00,400,0,109.66,0,1
423.90,58,0.0000,0.0000,0.000,1.000,0.0,0.0167,1.0000,0.00,400,0,109.66,0,1
424.90,55,0.0000,0.0000,0.000,1.000,0.0,0.0167,1.0000,0.00,400,0,109.66,0,1
425.93,58,0.0000,0.0000,0.000,1.000,0.0,0.0167,1.0000,0.00,400,0,109.66,0,1
426.93,57,0.0000,0.0000,0.000,0.997,0.0,0.0167,1.0000,0.00,400,0,109.66,0,1
427.93,55,0.0000,0.0000,0.000,1.003,0.0,0.0167,1.0000,0.00,400,0,109.66,0,1
428.93,56,0.0000,0.0000,0.000,1.000,0.0,0.0167,1.0000,0.00,400,0,109.66,0,1
429.94,57,0.0000,0.0000,0.000,1.000,0.0,0.0167,1.0000,0.00,400,0,109.66,0,1
430.95,58,0.0000,0.0000,0.000,1.000,0.0,0.0167,1.0000,0.00,400,0,109.66,0,1
431.96,55,0.0000,0.0000,0.000,1.000,0.0,0.0167,1.0000,0.00,400,0,109.66,0,1
432.96,54,0.0000,0.0000,0.000,1.000,0.0,0.0167,1.0000,0.00,400,0,109.66,0,1
433.98,55,0.0000,0.0000,0.000,1.000,0.0,0.0167,1.0000,0.00,400,0,109.66,0,1
434.99,57,0.0000,0.0000,0.000,1.000,0.0,0.0167,1.0000,0.00,400,0,109.66,0,1
435.99,55,0.0000,0.0000,0.000,1.000,0.0,0.0167,1.0000,0.00,400,0,109.66,0,1
437.02,57,0.0000,0.0000,0.000,1.000,0.0,0.0167,1.0000,0.00,400,0,109.66,0,1
438.03,58,0.0000,0.0000,0.000,1.000,0.0,0.0167,1.0000,0.00,400,0,109.66,0,1
439.03,56,0.0000,0.0000,0.000,1.000,0.0,0.0167,1.0000,0.00,400,0,109.66,0,1
440.06,58,0.0000,0.0000,0.000,1.000,0.0,0.0167,1.0000,0.00,400,0,109.66,0,1
441.08,56,0.0000,0.0000,0.000,1.000,0.0,0.0167,1.0000,0.00,400,0,109.66,0,1
442.08,50,0.0000,0.0000,0.000,1.000,0.0,0.0167,1.0000,0.00,400,0,109.66,0,1
443.09,54,0.0000,0.0000,0.000,1.000,0.0,0.0167,1.0000,0.00,400,0,109.66,0,1
444.10,54,0.0000,0.0000,0.000,1.000,0.0,0.0167,1.0000,0.00,400,0,109.66,0,1
445.11,48,0.0000,0.0000,0.000,1.000,0.0,0.0167,1.0000,0.00,400,0,109.66,0,1
446.14,52,0.0000,0.0000,0.000,1.000,0.0,0.0167,1.0000,0.00,400,0,109.66,0,1
447.15,50,0.0000,0.0000,0.000,1.000,0.0,0.0167,1.0000,0.00,400,0,109.66,0,1
448.16,51,0.0000,0.0000,0.000,1.000,0.0,0.0167,1.0000,0.00,400,0,109.66,0,1
449.18,50,0.0000,0.0000,0.000,1.000,0.0,0.0167,1.0000,0.00,400,0,109.66,0,1
450.21,43,0.0000,0.0000,0.000,1.000,0.0,0.0167,1.0000,0.00,400,0,109.66,0,1
451.22,57,0.0000,0.0000,0.000,1.000,0.0,0.0167,1.0000,0.00,400,0,109.66,0,1
452.22,51,0.0000,0.0000,0.000,1.000,0.0,0.0167,1.0000,0.00,400,0,109.66,0,1
453.23,54,0.0000,0.0000,0.000,1.000,0.0,0.0167,1.0000,0.00,400,0,109.66,0,1
454.24,57,0.0000,0.0000,0.000,1.000,0.0,0.0167,1.0000,0.00,400,0,109.66,0,1
455.25,53,0.0000,0.0000,0.000,1.000,0.0,0.0167,1.0000,0.00,400,0,109.66,0,1
456.26,56,0.0000,0.0000,0.000,1.000,0.0,0.0167,1.0000,0.00,400,0,109.66,0,1
457.27,56,0.0000,0.0000,0.000,1.000,0.0,0.0167,1.0000,0.00,400,0,109.66,0,1
458.29,59,0.0000,0.0000,0.000,1.000,0.0,0.0167,1.0000,0.00,400,0,109.66,0,1
459.30,69,0.0000,0.0000,0.000,1.000,0.0,0.0167,1.0000,0.00,400,0,109.66,0,1
460.30,83,0.0000,0.0000,0.000,1.000,0.0,0.0167,1.0000,0.00,400,0,109.66,0,1
461.30,79,0.0000,0.0000,0.000,1.000,0.0,0.0167,1.0000,0.00,400,0,109.66,0,1
462.31,82,0.0000,0.0000,0.000,1.000,0.0,0.0167,1.0000,0.00,400,0,109.66,0,1
463.32,75,0.0000,0.0000,0.000,1.000,0.0,0.0167,1.0000,0.00,400,0,109.66,0,1
464.32,83,0.0000,0.0000,0.000,1.000,0.0,0.0167,1.0000,0.00,400,0,109.66,0,1
465.32,84,0.0000,0.0000,0.000,1.000,0.0,0.0167,1.0000,0.00,400,0,109.66,0,1
466.32,80,0.0000,0.0000,0.000,1.000,0.0,0.0167,1.0000,0.00,400,0,109.66,0,1
467.32,81,0.0000,0.0000,0.000,1.000,0.0,0.0167,1.0000,0.00,400,0,109.66,0,1
468.33,83,0.0000,0.0000,0.000,1.000,0.0,0.0167,1.0000,0.00,400,0,109.66,0,1
469.34,74,0.0000,0.0000,0.000,1.000,0.0,0.0167,1.0000,0.00,400,0,109.66,0,1
470.35,77,0.0000,0.0000,0.000,1.000,0.0,0.0167,1.0000,0.00,400,0,109.66,0,1
471.35,85,0.0000,0.0000,0.000,1.000,0.0,0.0167,1.0000,0.00,400,0,109.66,0,1
472.36,83,0.0000,0.0000,0.000,1.000,0.0,0.0167,1.0000,0.00,400,0,109.66,0,1
473.37,85,0.0000,0.0000,0.000,1.000,0.0,0.0167,1.0000,0.00,400,0,109.66,0,1
474.38,84,0.0000,0.0000,0.000,1.000,0.0,0.0167,1.0000,0.00,400,0,109.66,0,1
475.39,85,0.0000,0.0000,0.000,1.000,0.0,0.0167,1.0000,0.00,400,0,109.66,0,1
476.39,83,0.0000,0.0000,0.000,1.000,0.0,0.0167,1.0000,0.00,400,0,109.66,0,1
477.40,84,0.0000,0.0000,0.000,1.000,0.0,0.0167,1.0000,0.00,400,0,109.66,0,1
478.41,33,0.0000,0.0000,0.000,1.000,0.0,0.0167,1.0000,0.00,400,0,109.66,0,1
479.44,48,0.0000,0.0000,0.000,1.000,0.0,0.0167,1.0000,0.00,400,0,109.66,0,1
480.44,55,0.0000,0.0000,0.000,1.000,0.0,0.0167,1.0000,0.00,400,0,109.66,0,1
481.44,62,0.0000,0.0000,0.000,1.000,0.0,0.0167,1.0000,0.00,400,0,109.66,0,1
482.46,65,0.0000,0.0000,0.000,1.000,0.0,0.0167,1.0000,0.00,400,0,109.66,0,1
483.46,62,0.0000,0.0000,0.000,1.000,0.0,0.0167,1.0000,0.00,400,0,109.66,0,1
484.47,65,0.0000,0.0000,0.000,1.000,0.0,0.0167,1.0000,0.00,400,0,109.66,0,1
485.48,63,0.0000,0.0000,0.000,1.000,0.0,0.0167,1.0000,0.00,400,0,109.66,0,1
486.49,65,0.0000,0.0000,0.000,1.000,0.0,0.0167,1.0000,0.00,400,0,109.66,0,1
487.50,65,0.0000,0.0000,0.000,1.000,0.0,0.0167,1.0000,0.00,400,0,109.66,0,1
488.52,64,0.0000,0.0000,0.000,1.000,0.0,0.0167,1.0000,0.00,400,0,109.66,0,1
489.52,63,0.0000,0.0000,0.000,1.000,0.0,0.0167,1.0000,0.00,400,0,109.66,0,1
490.53,65,0.0000,0.0000,0.000,1.000,0.0,0.0167,1.0000,0.00,400,0,109.66,0,1
491.53,63,0.0000,0.0000,0.000,1.000,0.0,0.0167,1.0000,0.00,400,0,109.66,0,1
492.55,61,0.0000,0.0000,0.000,1.000,0.0,0.0167,1.0000,0.00,400,0,109.66,0,1
493.56,63,0.0000,0.0000,0.000,1.000,0.0,0.0167,1.0000,0.00,400,0,109.66,0,1
494.56,66,0.0000,0.0000,0.000,1.000,0.0,0.0167,1.0000,0.00,400,0,109.66,0,1
495.59,63,0.0000,0.0000,0.000,1.000,0.0,0.0167,1.0000,0.00,400,0,109.66,0,1
496.59,60,0.0000,0.0000,0.000,1.000,0.0,0.0167,1.0000,0.00,400,0,109.66,0,1
497.61,59,0.0000,0.0000,0.000,1.000,0.0,0.0167,1.0000,0.00,400,0,109.66,0,1
498.61,55,0.0000,0.0000,0.000,1.000,0.0,0.0167,1.0000,0.00,400,0,109.66,0,1
499.64,63,0.0000,0.0000,0.000,1.000,0.0,0.0167,1.0000,0.00,400,0,109.66,0,1
500.65,66,0.0000,0.0000,0.000,1.000,0.0,0.0167,1.0000,0.00,400,0,109.66,0,1
501.66,64,0.0000,0.0000,0.000,1.000,0.0,0.0167,1.0000,0.00,400,0,109.66,0,1
502.67,64,0.0000,0.0000,0.000,1.000,0.0,0.0167,1.0000,0.00,400,0,109.66,0,1
503.67,65,0.0000,0.0000,0.000,1.000,0.0,0.0167,1.0000,0.00,400,0,109.66,0,1
504.68,62,0.0000,0.0000,0.000,1.000,0.0,0.0167,1.0000,0.00,400,0,109.66,0,1
505.70,61,0.0000,0.0000,0.000,1.000,0.0,0.0167,1.0000,0.00,400,0,109.66,0,1
506.72,63,0.0000,0.0000,0.000,1.000,0.0,0.0167,1.0000,0.00,400,0,109.66,0,1
507.72,64,0.0000,0.0000,0.000,1.000,0.0,0.0167,1.0000,0.00,400,0,109.66,0,1
508.74,65,0.0000,0.0000,0.000,1.000,0.0,0.0167,1.0000,0.00,400,0,109.66,0,1
509.74,64,0.0000,0.0000,0.000,1.000,0.0,0.0167,1.0000,0.00,400,0,109.66,0,1
510.74,64,0.0000,0.0000,0.000,1.000,0.0,0.0167,1.0000,0.00,400,0,109.66,0,1
511.76,60,0.0000,0.0000,0.000,1.000,0.0,0.0167,1.0000,0.00,400,0,109.66,0,1
512.78,64,0.0000,0.0000,0.000,1.000,0.0,0.0167,1.0000,0.00,400,0,109.66,0,1
513.80,64,0.0000,0.0000,0.000,1.000,0.0,0.0167,1.0000,0.00,400,0,109.66,0,1
514.81,65,0.0000,0.0000,0.000,1.000,0.0,0.0167,1.0000,0.00,400,0,109.66,0,1
515.82,64,0.0000,0.0000,0.000,1.000,0.0,0.0167,1.0000,0.00,400,0,109.66,0,1
516.82,65,0.0000,0.0000,0.000,1.000,0.0,0.0167,1.0000,0.00,400,0,109.66,0,1
517.83,65,0.0000,0.0000,0.000,1.000,0.0,0.0167,1.0000,0.00,400,0,109.66,0,1
518.84,66,0.0000,0.0000,0.000,1.000,0.0,0.0167,1.0000,0.00,400,0,109.66,0,1
519.85,66,0.0000,0.0000,0.000,1.000,0.0,0.0167,1.0000,0.00,400,0,109.66,0,1
520.86,64,0.0000,0.0000,0.000,1.000,0.0,0.0167,1.0000,0.00,400,0,109.66,0,1
521.88,65,0.0000,0.0000,0.000,1.000,0.0,0.0167,1.0000,0.00,400,0,109.66,0,1
522.90,62,0.0000,0.0000,0.000,0.999,0.0,0.0167,1.0000,0.00,400,0,109.66,0,1
523.91,60,0.0000,0.0000,0.000,1.001,0.0,0.0167,1.0000,0.00,400,0,109.66,0,1
524.91,63,0.0000,0.0000,0.000,1.000,0.0,0.0167,1.0000,0.00,400,0,109.66,0,1
525.92,64,0.0000,0.0000,0.000,1.000,0.0,0.0167,1.0000,0.00,400,0,109.66,0,1
526.93,64,0.0000,0.0000,0.000,1.000,0.0,0.0167,1.0000,0.00,400,0,109.66,0,1
527.94,67,0.0000,0.0000,0.000,1.000,0.0,0.0167,1.0000,0.00,400,0,109.66,0,1
528.95,58,0.0000,0.0000,0.000,1.000,0.0,0.0167,1.0000,0.00,400,0,109.66,0,1
529.95,61,0.0000,0.0000,0.000,1.000,0.0,0.0167,1.0000,0.00,400,0,109.66,0,1
530.98,64,0.0000,0.0000,0.000,1.000,0.0,0.0167,1.0000,0.00,400,0,109.66,0,1
531.98,62,0.0000,0.0000,0.000,1.000,0.0,0.0167,1.0000,0.00,400,0,109.66,0,1
532.99,66,0.0000,0.0000,0.000,1.000,0.0,0.0167,1.0000,0.00,400,0,109.66,0,1
533.99,65,0.0000,0.0000,0.000,1.000,0.0,0.0167,1.0000,0.00,400,0,109.66,0,1
534.99,64,0.0000,0.0000,0.000,1.000,0.0,0.0167,1.0000,0.00,400,0,109.66,0,1
535.99,58,0.0000,0.0000,0.000,1.000,0.0,0.0167,1.0000,0.00,400,0,109.66,0,1
537.00,54,0.0000,0.0000,0.000,1.000,0.0,0.0167,1.0000,0.00,400,0,109.66,0,1
538.01,62,0.0000,0.0000,0.000,1.000,0.0,0.0167,1.0000,0.00,400,0,109.66,0,1
539.02,59,0.0000,0.0000,0.000,1.000,0.0,0.0167,1.0000,0.00,400,0,109.66,0,1
540.03,59,0.0000,0.0000,0.000,1.000,0.0,0.0167,1.0000,0.00,400,0,109.66,0,1
1.22,2,0.0200,0.0200,0.033,4.671,1.6,0.0167,1.0000,1.00,60,0,0.02,1,1
2.23,47,0.0218,0.2291,1.017,1.017,60.6,0.0167,1.0000,1.00,60,0,1.04,1,1
3.23,60,0.0167,0.0172,1.000,1.000,59.9,0.0167,1.0000,1.00,60,0,2.05,1,1
4.24,61,0.0167,0.0167,1.000,1.000,60.0,0.0167,1.0000,1.00,60,0,3.06,1,1
5.24,60,0.0167,0.0167,1.000,1.000,60.0,0.0167,1.0000,1.00,60,0,4.06,1,1
6.24,60,0.0167,0.0167,1.000,1.000,60.0,0.0167,1.0000,1.00,60,0,5.06,1,1
7.25,60,0.0167,0.0168,1.000,1.000,60.0,0.0167,1.0000,1.00,60,0,6.06,1,1
8.25,60,0.0167,0.0167,1.000,1.000,60.0,0.0167,1.0000,1.00,60,0,7.06,1,1
9.25,60,0.0167,0.0167,1.000,1.000,60.0,0.0167,1.0000,1.00,60,0,8.06,1,1
10.25,60,0.0167,0.0167,1.000,1.000,60.0,0.0167,1.0000,1.00,60,0,9.06,1,1
11.25,60,0.0167,0.0172,1.000,1.000,61.0,0.0167,1.0000,1.00,60,0,10.06,1,1
13.18,48,0.0167,0.0170,0.414,0.414,24.8,0.0167,1.0000,1.00,60,0,10.86,1,1
14.19,45,0.0168,0.0200,0.749,2.122,43.6,0.0167,1.0000,1.00,60,0,11.60,1,1
15.19,60,0.0167,0.0169,1.000,1.000,60.0,0.0167,1.0000,1.00,60,0,12.60,1,1
16.20,50,0.0203,0.0536,1.000,1.000,60.1,0.0167,1.0000,1.00,60,0,13.62,1,1
17.21,50,0.0202,0.0535,1.000,1.000,60.2,0.0167,1.0000,1.00,60,0,14.63,1,1
18.22,60,0.0167,0.0277,1.000,1.000,59.8,0.0167,1.0000,1.00,60,0,15.63,1,1
19.22,60,0.0167,0.0169,1.000,1.000,60.0,0.0167,1.0000,1.00,60,0,16.63,1,1
20.24,61,0.0167,0.0170,1.000,1.000,60.0,0.0167,1.0000,1.00,60,0,17.65,1,1
21.24,60,0.0167,0.0169,1.000,1.000,60.0,0.0167,1.0000,1.00,60,0,18.65,1,1
22.24,60,0.0167,0.0171,1.000,1.000,60.0,0.0167,1.0000,1.00,60,0,19.65,1,1
23.25,61,0.0167,0.0167,1.000,1.000,60.0,0.0167,1.0000,1.00,60,0,20.67,1,1
24.27,61,0.0167,0.0167,1.000,1.000,60.0,0.0167,1.0000,1.00,60,0,21.68,1,1
25.27,60,0.0167,0.0169,1.000,1.000,60.0,0.0167,1.0000,1.00,60,0,22.68,1,1
26.27,60,0.0167,0.0167,1.000,1.000,60.0,0.0167,1.0000,1.00,60,0,23.68,1,1
27.27,60,0.0167,0.0167,1.000,1.000,60.0,0.0167,1.0000,1.00,60,0,24.68,1,1
28.28,58,0.0174,0.0514,1.000,1.000,60.5,0.0167,1.0000,1.00,60,0,25.69,1,1
29.29,61,0.0167,0.0170,1.000,1.000,60.0,0.0167,1.0000,1.00,60,0,26.71,1,1
30.30,60,0.0167,0.0167,1.000,1.000,60.0,0.0167,1.0000,1.00,60,0,27.71,1,1
31.76,18,0.0167,0.0169,0.205,0.205,12.3,0.0167,1.0000,1.00,60,0,28.01,1,1
33.92,1,0.0167,0.0167,0.008,1.522,0.0,0.0167,1.0000,1.00,60,0,28.01,1,1
34.93,55,0.0168,0.0222,0.915,1.037,54.4,0.0167,1.0000,1.00,60,0,28.94,1,1
35.93,59,0.0170,0.0289,1.000,1.000,59.9,0.0167,1.0000,1.00,60,0,29.94,1,1
36.93,60,0.0167,0.0172,1.000,1.000,61.0,0.0167,1.0000,1.00,60,0,30.94,1,1
37.93,60,0.0167,0.0168,0.999,0.999,59.9,0.0167,1.0000,1.00,60,0,31.94,1,1
38.94,59,0.0170,0.0366,1.001,1.001,59.8,0.0167,1.0000,1.00,60,0,32.94,1,1
39.94,53,0.0190,0.0429,1.000,1.000,59.7,0.0167,1.0000,1.00,60,0,33.95,1,1
40.94,60,0.0167,0.0168,0.999,0.999,60.0,0.0167,1.0000,1.00,60,0,34.95,1,1
41.94,60,0.0167,0.0176,1.000,1.000,59.9,0.0167,1.0000,1.00,60,0,35.95,1,1
42.96,61,0.0167,0.0167,1.000,1.000,60.0,0.0167,1.0000,1.00,60,0,36.97,1,1
43.98,61,0.0167,0.0168,1.001,1.001,60.1,0.0167,1.0000,1.00,60,0,37.98,1,1
44.99,61,0.0167,0.0167,1.000,1.000,60.0,0.0167,1.0000,1.00,60,0,39.00,1,1
45.99,60,0.0167,0.0170,1.000,1.000,60.0,0.0167,1.0000,1.00,60,0,40.00,1,1
46.99,60,0.0167,0.0181,1.000,1.000,60.9,0.0167,1.0000,1.00,60,0,41.00,1,1
48.00,60,0.0167,0.0174,0.996,0.996,59.7,0.0167,1.0000,1.00,60,0,42.00,1,1
49.01,61,0.0167,0.0169,1.003,1.003,60.2,0.0167,1.0000,1.00,60,0,43.02,1,1
50.03,61,0.0167,0.0169,1.001,1.001,60.0,0.0167,1.0000,1.00,60,0,44.04,1,1
51.03,60,0.0167,0.0169,0.999,0.999,59.9,0.0167,1.0000,1.00,60,0,45.04,1,1
52.03,60,0.0167,0.0167,1.000,1.000,60.0,0.0167,1.0000,1.00,60,0,46.04,1,1
53.03,60,0.0167,0.0167,1.000,1.000,60.0,0.0167,1.0000,1.00,60,0,47.04,1,1
54.05,61,0.0167,0.0167,1.001,1.001,60.1,0.0167,1.0000,1.00,60,0,48.05,1,1
55.05,60,0.0167,0.0168,0.998,0.998,59.9,0.0167,1.0000,1.00,60,0,49.05,1,1
56.06,57,0.0177,0.0767,1.002,1.002,59.5,0.0167,1.0000,1.00,60,0,50.06,1,1
57.07,61,0.0167,0.0171,1.000,1.000,60.0,0.0167,1.0000,1.00,60,0,51.08,1,1
58.07,60,0.0167,0.0167,1.000,1.000,61.0,0.0167,1.0000,1.00,60,0,52.08,1,1
59.08,60,0.0167,0.0167,0.998,0.998,59.9,0.0167,1.0000,1.00,60,0,53.08,1,1
60.09,61,0.0167,0.0168,1.002,1.002,60.1,0.0167,1.0000,1.00,60,0,54.10,1,1
61.09,60,0.0167,0.0168,1.000,1.000,60.0,0.0167,1.0000,1.00,60,0,55.10,1,1
62.09,60,0.0167,0.0168,1.000,1.000,60.0,0.0167,1.0000,1.00,60,0,56.10,1,1
63.09,60,0.0167,0.0167,1.000,1.000,60.0,0.0167,1.0000,1.00,60,0,57.10,1,1
64.12,38,0.0271,0.0402,0.999,0.999,59.3,0.0167,1.0000,1.00,60,0,58.13,1,1
65.13,54,0.0188,0.0380,1.001,1.001,60.2,0.0167,1.0000,1.00,60,0,59.14,1,1
66.14,60,0.0168,0.0288,1.000,1.000,60.6,0.0167,1.0000,1.00,60,0,60.15,1,1
67.14,59,0.0170,0.0286,0.999,0.999,59.9,0.0167,1.0000,1.00,60,0,61.15,1,1
68.15,61,0.0165,0.0268,1.002,1.002,59.6,0.0167,1.0000,1.00,60,0,62.16,1,1
69.16,59,0.0170,0.0343,0.999,0.999,60.6,0.0167,1.0000,1.00,60,0,63.16,1,1
70.16,57,0.0176,0.0380,0.999,0.999,59.6,0.0167,1.0000,1.00,60,0,64.17,1,1
71.17,60,0.0168,0.0272,1.001,1.001,60.6,0.0167,1.0000,1.00,60,0,65.18,1,1
72.18,60,0.0168,0.0274,1.000,1.000,59.6,0.0167,1.0000,1.00,60,0,66.18,1,1
73.18,60,0.0167,0.0296,1.000,1.000,59.8,0.0167,1.0000,1.00,60,0,67.19,1,1
74.20,58,0.0175,0.0332,1.000,1.000,60.0,0.0167,1.0000,1.00,60,0,68.20,0,1
75.21,55,0.0183,0.0307,0.998,0.998,60.4,0.0167,1.0000,1.00,60,0,69.21,0,1
76.22,58,0.0175,0.0332,1.002,1.002,60.3,0.0167,1.0000,1.00,60,0,70.23,0,1
77.23,58,0.0174,0.0350,1.000,1.000,59.4,0.0167,1.0000,1.00,60,0,71.24,1,1
78.24,59,0.0171,0.0381,1.000,1.000,60.4,0.0167,1.0000,1.00,60,0,72.25,1,1
79.25,57,0.0177,0.0361,1.000,1.000,60.4,0.0167,1.0000,1.00,60,0,73.26,1,1
80.25,56,0.0179,0.0367,0.998,0.998,59.7,0.0167,1.0000,1.00,60,0,74.26,1,1
81.25,58,0.0173,0.0332,1.002,1.002,59.9,0.0167,1.0000,1.00,60,0,75.26,1,1
82.27,42,0.0242,0.0488,0.997,0.997,59.8,0.0167,1.0000,1.00,60,0,76.28,1,1
83.30,32,0.0322,0.0495,1.001,1.001,60.2,0.0167,1.0000,1.00,60,0,77.31,1,1
84.31,31,0.0324,0.0485,1.002,1.002,59.8,0.0167,1.0000,1.00,60,0,78.31,1,1
85.35,32,0.0324,0.0479,0.997,0.997,59.7,0.0167,1.0000,1.00,60,0,79.35,1,1
86.35,31,0.0326,0.0476,1.002,1.002,60.6,0.0167,1.0000,1.00,60,0,80.36,1,1
87.39,32,0.0322,0.0573,0.998,0.998,60.0,0.0167,1.0000,1.00,60,0,81.39,1,1
88.40,30,0.0339,0.0490,1.001,1.001,60.1,0.0167,1.0000,1.00,60,0,82.41,1,1
89.40,29,0.0345,0.0507,1.000,1.000,59.9,0.0167,1.0000,1.00,60,0,83.41,1,1
90.40,30,0.0334,0.0505,1.001,1.001,60.0,0.0167,1.0000,1.00,60,0,84.41,1,1
91.41,29,0.0349,0.0500,1.001,1.001,60.3,0.0167,1.0000,1.00,60,0,85.42,1,1
92.45,30,0.0343,0.0557,0.998,0.998,60.1,0.0167,1.0000,1.00,60,0,86.45,1,1
93.45,29,0.0347,0.0544,1.000,1.000,59.6,0.0167,1.0000,1.00,60,0,87.46,1,1
94.49,30,0.0346,0.0566,1.001,1.001,59.7,0.0167,1.0000,1.00,60,0,88.49,1,1
95.50,30,0.0338,0.0601,1.001,1.001,60.3,0.0167,1.0000,1.00,60,0,89.51,1,1
96.50,30,0.0334,0.0598,1.000,1.000,60.0,0.0167,1.0000,1.00,60,0,90.51,1,1
97.53,28,0.0367,0.0521,0.997,0.997,60.2,0.0167,1.0000,1.00,60,0,91.54,1,1
98.58,31,0.0337,0.1085,0.995,0.995,60.0,0.0167,1.0000,1.00,60,0,92.58,1,1
99.60,29,0.0352,0.1027,1.004,1.004,60.0,0.0167,1.0000,1.00,60,0,93.60,1,1
100.61,40,0.0253,0.0726,1.004,1.004,59.6,0.0167,1.0000,1.00,60,0,94.61,1,1
101.62,44,0.0229,0.0268,0.998,0.998,60.4,0.0167,1.0000,1.00,60,0,95.62,1,1
102.62,44,0.0229,0.0282,1.001,1.001,60.5,0.0167,1.0000,1.00,60,0,96.63,1,1
103.63,44,0.0229,0.0282,1.002,1.002,59.7,0.0167,1.0000,1.00,60,0,97.64,1,1
104.63,44,0.0227,0.0298,0.999,0.999,59.9,0.0167,1.0000,1.00,60,0,98.64,1,1
105.65,45,0.0226,0.0274,0.998,0.998,59.9,0.0167,1.0000,1.00,60,0,99.65,1,1
106.66,31,0.0323,0.0782,0.995,0.995,59.6,0.0167,1.0000,1.00,60,0,100.66,1,1
107.66,34,0.0298,0.0739,1.007,1.007,60.6,0.0167,1.0000,1.00,60,0,101.67,1,1
108.71,24,0.0437,0.1140,0.997,0.997,59.9,0.0167,1.0000,1.00,60,0,102.72,1,1
109.77,25,0.0422,0.0755,1.001,1.001,59.8,0.0167,1.0000,1.00,60,0,103.77,1,1
110.78,30,0.0338,0.1165,0.999,0.999,60.2,0.0167,1.0000,1.00,60,0,104.78,1,1
111.78,42,0.0240,0.0308,1.003,1.003,59.8,0.0167,1.0000,1.00,60,0,105.79,1,1
112.81,43,0.0238,0.0278,0.998,0.998,60.5,0.0167,1.0000,1.00,60,0,106.81,1,1
113.81,42,0.0239,0.0303,1.001,1.001,59.9,0.0167,1.0000,1.00,60,0,107.82,1,1
114.82,42,0.0240,0.0304,1.000,1.000,60.5,0.0167,1.0000,1.00,60,0,108.82,1,1
115.82,42,0.0239,0.0309,1.000,1.000,59.7,0.0167,1.0000,1.00,60,0,109.83,1,1
116.83,42,0.0239,0.0280,1.001,1.001,59.7,0.0167,1.0000,1.00,60,0,110.83,1,1
117.85,43,0.0238,0.0295,0.999,0.999,60.6,0.0167,1.0000,1.00,60,0,111.86,1,1
118.87,43,0.0238,0.0282,1.001,1.001,59.7,0.0167,1.0000,1.00,60,0,112.88,1,1
119.88,42,0.0239,0.0307,1.000,1.000,59.7,0.0167,1.0000,1.00,60,0,113.88,1,1
120.90,43,0.0237,0.0273,0.999,0.999,60.7,0.0167,1.0000,1.00,60,0,114.90,1,1
121.95,22,0.0477,0.0742,0.997,0.997,59.0,0.0167,1.0000,1.00,60,0,115.95,1,1
122.96,22,0.0460,0.0758,1.003,1.003,60.4,0.0167,1.0000,1.00,60,0,116.97,1,1
124.00,26,0.0397,0.1112,0.996,0.996,59.8,0.0167,1.0000,1.00,60,0,118.00,1,1
125.02,23,0.0444,0.0743,1.000,1.000,60.7,0.0167,1.0000,1.00,60,0,119.02,1,1
126.04,36,0.0285,0.0494,1.003,1.003,59.6,0.0167,1.0000,1.00,60,0,120.05,1,1
127.06,36,0.0283,0.0529,1.001,1.001,59.9,0.0167,1.0000,1.00,60,0,121.07,1,1
128.06,35,0.0286,0.0435,0.998,0.998,59.9,0.0167,1.0000,1.00,60,0,122.07,1,1
129.07,35,0.0289,0.0512,1.002,1.002,60.5,0.0167,1.0000,1.00,60,0,123.08,1,1
130.08,34,0.0298,0.0424,1.000,1.000,60.2,0.0167,1.0000,1.00,60,0,124.09,1,1
131.08,35,0.0286,0.0477,1.001,1.001,59.9,0.0167,1.0000,1.00,60,0,125.09,1,1
132.11,35,0.0291,0.0458,0.999,0.999,59.7,0.0167,1.0000,1.00,60,0,126.11,1,1
133.12,35,0.0289,0.0466,0.999,0.999,60.4,0.0167,1.0000,1.00,60,0,127.12,1,1
134.12,35,0.0288,0.0447,1.002,1.002,59.7,0.0167,1.0000,1.00,60,0,128.13,1,1
135.12,34,0.0295,0.0479,1.000,1.000,59.8,0.0167,1.0000,1.00,60,0,129.13,1,1
136.14,35,0.0289,0.0473,1.000,1.000,60.3,0.0167,1.0000,1.00,60,0,130.14,1,1
137.17,36,0.0287,0.0570,0.997,0.997,59.9,0.0167,1.0000,1.00,60,0,131.17,1,1
138.18,36,0.0282,0.0490,1.002,1.002,60.3,0.0167,1.0000,1.00,60,0,132.19,1,1
139.19,37,0.0272,0.0525,1.000,1.000,59.5,0.0167,1.0000,1.00,60,0,133.19,1,1
140.21,39,0.0262,0.0507,0.999,0.999,60.7,0.0167,1.0000,1.00,60,0,134.21,1,1
141.25,38,0.0274,0.0508,1.000,1.000,59.6,0.0167,1.0000,1.00,60,0,135.26,1,1
142.26,37,0.0274,0.0473,1.000,1.000,60.3,0.0167,1.0000,1.00,60,0,136.27,1,1
143.28,37,0.0273,0.0574,1.000,1.000,60.3,0.0167,1.0000,1.00,60,0,137.28,1,1
144.31,38,0.0272,0.0440,1.001,1.001,60.1,0.0167,1.0000,1.00,60,0,138.31,1,1
145.32,37,0.0273,0.0507,1.001,1.001,59.4,0.0167,1.0000,1.00,60,0,139.32,1,1
146.34,37,0.0277,0.0484,1.000,1.000,60.5,0.0167,1.0000,1.00,60,0,140.35,1,1
147.36,37,0.0274,0.0522,1.000,1.000,60.2,0.0167,1.0000,1.00,60,0,141.36,1,1
148.39,37,0.0279,0.0511,0.998,0.998,59.9,0.0167,1.0000,1.00,60,0,142.39,1,1
149.41,37,0.0275,0.0694,1.003,1.003,60.2,0.0167,1.0000,1.00,60,0,143.41,1,1
150.41,36,0.0280,0.0495,0.998,0.998,59.5,0.0167,1.0000,1.00,60,0,144.42,1,1
151.45,37,0.0280,0.0464,1.000,1.000,59.8,0.0167,1.0000,1.00,60,0,145.46,1,1
152.46,36,0.0281,0.0500,1.001,1.001,60.3,0.0167,1.0000,1.00,60,0,146.47,1,1
153.47,36,0.0280,0.0490,0.999,0.999,60.4,0.0167,1.0000,1.00,60,0,147.48,1,1
154.47,37,0.0271,0.0475,1.001,1.001,59.9,0.0167,1.0000,1.00,60,0,148.48,1,1
155.51,37,0.0278,0.0498,0.998,0.998,60.2,0.0167,1.0000,1.00,60,0,149.51,1,1
156.52,36,0.0281,0.0558,1.001,1.001,59.4,0.0167,1.0000,1.00,60,0,150.52,1,1
157.53,21,0.0479,0.0781,0.998,0.998,60.4,0.0167,1.0000,1.00,60,0,151.53,1,1
158.58,15,0.0702,0.0727,1.000,1.000,59.8,0.0167,1.0000,1.00,60,0,152.58,1,1
159.61,33,0.0313,0.0710,0.999,0.999,59.9,0.0167,1.0000,1.00,60,0,153.62,1,1
160.62,32,0.0314,0.0707,1.004,1.004,59.9,0.0167,1.0000,1.00,60,0,154.62,1,1
161.62,19,0.0530,0.0712,0.999,0.999,60.5,0.0167,1.0000,1.00,60,0,155.63,1,1
162.64,49,0.0207,0.0360,1.002,1.002,60.3,0.0167,1.0000,1.00,60,0,156.64,1,1
163.64,45,0.0223,0.0271,1.000,1.000,59.6,0.0167,1.0000,1.00,60,0,157.65,1,1
164.66,43,0.0235,0.0694,0.997,0.997,60.1,0.0167,1.0000,1.00,60,0,158.66,1,1
165.66,14,0.0716,0.0809,1.000,1.000,59.9,0.0167,1.0000,1.00,60,0,159.66,1,1
166.73,27,0.0397,0.1152,1.000,1.000,59.7,0.0167,1.0000,1.00,60,0,160.73,1,1
167.74,37,0.0273,0.0855,1.003,1.003,60.6,0.0167,1.0000,1.00,60,0,161.74,1,1
168.75,41,0.0246,0.0361,0.999,0.999,60.4,0.0167,1.0000,1.00,60,0,162.75,1,1
169.77,41,0.0249,0.0291,1.001,1.001,59.8,0.0167,1.0000,1.00,60,0,163.77,1,1
170.77,41,0.0245,0.0316,0.999,0.999,59.6,0.0167,1.0000,1.00,60,0,164.78,1,1
171.79,42,0.0243,0.0302,1.002,1.002,60.0,0.0167,1.0000,1.00,60,0,165.80,1,1
172.82,42,0.0245,0.0297,0.999,0.999,60.2,0.0167,1.0000,1.00,60,0,166.82,1,1
173.84,42,0.0244,0.0302,1.001,1.001,59.7,0.0167,1.0000,1.00,60,0,167.85,1,1
174.86,42,0.0243,0.0316,0.999,0.999,60.6,0.0167,1.0000,1.00,60,0,168.87,1,1
175.89,30,0.0340,0.0741,0.995,0.995,59.5,0.0167,1.0000,1.00,60,0,169.89,1,1
176.92,15,0.0687,0.0717,1.001,1.001,60.2,0.0167,1.0000,1.00,60,0,170.92,1,1
177.94,34,0.0299,0.0739,1.001,1.001,60.0,0.0167,1.0000,1.00,60,0,171.94,1,1
178.95,24,0.0425,0.0725,1.004,1.004,60.1,0.0167,1.0000,1.00,60,0,172.96,1,1
179.96,39,0.0259,0.0540,0.998,0.998,60.3,0.0167,1.0000,1.00,60,0,173.97,1,1
180.99,39,0.0264,0.0451,0.999,0.999,60.1,0.0167,1.0000,1.00,60,0,175.00,1,1
182.00,37,0.0271,0.0530,1.000,1.000,59.8,0.0167,1.0000,1.00,60,0,176.00,1,1
183.04,20,0.0520,0.0790,0.999,0.999,59.6,0.0167,1.0000,1.00,60,0,177.04,1,1
184.04,45,0.0224,0.0724,1.003,1.003,60.6,0.0167,1.0000,1.00,60,0,178.05,1,1
185.07,34,0.0302,0.0730,0.996,0.996,59.1,0.0167,1.0000,1.00,60,0,179.08,1,1
186.08,25,0.0405,0.0718,1.004,1.004,60.6,0.0167,1.0000,1.00,60,0,180.09,1,1
187.09,28,0.0360,0.0710,0.998,0.998,60.4,0.0167,1.0000,1.00,60,0,181.10,1,1
188.10,35,0.0289,0.0507,1.001,1.001,59.3,0.0167,1.0000,1.00,60,0,182.11,1,1
189.13,37,0.0277,0.0482,0.999,0.999,60.5,0.0167,1.0000,1.00,60,0,183.13,1,1
190.14,36,0.0280,0.0508,1.002,1.002,59.6,0.0167,1.0000,1.00,60,0,184.14,1,1
191.15,35,0.0288,0.0680,0.999,0.999,60.4,0.0167,1.0000,1.00,60,0,185.15,1,1
192.20,37,0.0284,0.0518,1.000,1.000,59.9,0.0167,1.0000,1.00,60,0,186.20,1,1
193.21,35,0.0289,0.0531,0.999,0.999,60.3,0.0167,1.0000,1.00,60,0,187.21,1,1
194.23,35,0.0290,0.0518,0.999,0.999,60.1,0.0167,1.0000,1.00,60,0,188.23,1,1
195.26,35,0.0294,0.0487,1.001,1.001,60.2,0.0167,1.0000,1.00,60,0,189.26,1,1
196.26,34,0.0295,0.0493,0.999,0.999,59.8,0.0167,1.0000,1.00,60,0,190.26,1,1
197.26,35,0.0288,0.0485,1.001,1.001,59.7,0.0167,1.0000,1.00,60,0,191.27,1,1
198.28,35,0.0290,0.0495,1.000,1.000,60.1,0.0167,1.0000,1.00,60,0,192.28,1,1
199.31,36,0.0286,0.0452,1.001,1.001,60.2,0.0167,1.0000,1.00,60,0,193.31,1,1
200.34,36,0.0286,0.0453,0.998,0.998,60.0,0.0167,1.0000,1.00,60,0,194.35,1,1
201.39,37,0.0284,0.0562,1.000,1.000,60.1,0.0167,1.0000,1.00,60,0,195.39,1,1
202.43,35,0.0296,0.0582,0.999,0.999,59.9,0.0167,1.0000,1.00,60,0,196.43,1,1
203.45,35,0.0294,0.0557,1.001,1.001,60.4,0.0167,1.0000,1.00,60,0,197.46,1,1
204.46,34,0.0296,0.0489,1.001,1.001,59.6,0.0167,1.0000,1.00,60,0,198.46,1,1
205.47,35,0.0290,0.0504,0.999,0.999,60.1,0.0167,1.0000,1.00,60,0,199.48,1,1
206.48,34,0.0297,0.0532,1.000,1.000,60.4,0.0167,1.0000,1.00,60,0,200.49,1,1
207.51,35,0.0292,0.0472,0.998,0.998,59.5,0.0167,1.0000,1.00,60,0,201.51,1,1
208.51,33,0.0305,0.0589,1.002,1.002,60.7,0.0167,1.0000,1.00,60,0,202.52,1,1
209.53,34,0.0299,0.0514,1.000,1.000,59.9,0.0167,1.0000,1.00,60,0,203.54,1,1
210.54,33,0.0150,0.0476,0.489,1.002,28.7,0.0167,1.0000,0.00,60,0,204.03,1,1
211.55,32,0.0000,0.0000,0.000,1.001,0.0,0.0167,1.0000,0.00,60,0,204.03,1,1
212.57,32,0.0000,0.0000,0.000,1.000,0.0,0.0167,1.0000,0.00,60,0,204.03,1,1
213.58,46,0.0000,0.0000,0.000,1.000,0.0,0.0167,1.0000,0.00,60,0,204.03,0,1
214.59,58,0.0000,0.0000,0.000,1.000,0.0,0.0167,1.0000,0.00,60,0,204.03,0,1
215.61,56,0.0000,0.0000,0.000,1.000,0.0,0.0167,1.0000,0.00,60,0,204.03,0,1
216.61,59,0.0000,0.0000,0.000,1.000,0.0,0.0167,1.0000,0.00,60,0,204.03,0,1
217.63,58,0.0000,0.0000,0.000,1.000,0.0,0.0167,1.0000,0.00,60,0,204.03,0,1
218.63,59,0.0000,0.0000,0.000,1.000,0.0,0.0167,1.0000,0.00,60,0,204.03,0,1
219.64,57,0.0000,0.0000,0.000,1.000,0.0,0.0167,1.0000,0.00,60,0,204.03,0,1
220.64,59,0.0000,0.0000,0.000,1.000,0.0,0.0167,1.0000,0.00,60,0,204.03,0,1
221.67,58,0.0000,0.0000,0.000,1.000,0.0,0.0167,1.0000,0.00,60,0,204.03,0,1
222.68,57,0.0000,0.0000,0.000,1.000,0.0,0.0167,1.0000,0.00,60,0,204.03,0,1
223.70,58,0.0000,0.0000,0.000,1.000,0.0,0.0167,1.0000,0.00,60,0,204.03,0,1
224.70,58,0.0000,0.0000,0.000,1.000,0.0,0.0167,1.0000,0.00,60,0,204.03,0,1
225.74,41,0.0000,0.0000,0.000,1.000,0.0,0.0167,1.0000,0.00,60,0,204.03,0,1
226.76,23,0.0000,0.0000,0.000,1.000,0.0,0.0167,1.0000,0.00,60,0,204.03,0,1
227.79,52,0.0000,0.0000,0.000,1.000,0.0,0.0167,1.0000,0.00,60,0,204.03,0,1
228.79,55,0.0000,0.0000,0.000,1.000,0.0,0.0167,1.0000,0.00,60,0,204.03,0,1
229.80,54,0.0000,0.0000,0.000,1.000,0.0,0.0167,1.0000,0.00,60,0,204.03,0,1
230.81,54,0.0000,0.0000,0.000,1.000,0.0,0.0167,1.0000,0.00,60,0,204.03,0,1
231.82,55,0.0000,0.0000,0.000,1.000,0.0,0.0167,1.0000,0.00,60,0,204.03,0,1
232.83,53,0.0000,0.0000,0.000,1.000,0.0,0.0167,1.0000,0.00,60,0,204.03,0,1
233.83,54,0.0000,0.0000,0.000,1.000,0.0,0.0167,1.0000,0.00,60,0,204.03,0,1
234.83,54,0.0000,0.0000,0.000,1.000,0.0,0.0167,1.0000,0.00,60,0,204.03,0,1
235.84,53,0.0000,0.0000,0.000,1.000,0.0,0.0167,1.0000,0.00,60,0,204.03,0,1
236.87,55,0.0000,0.0000,0.000,1.000,0.0,0.0167,1.0000,0.00,60,0,204.03,0,1
237.88,56,0.0000,0.0000,0.000,1.000,0.0,0.0167,1.0000,0.00,60,0,204.03,0,1
238.89,53,0.0000,0.0000,0.000,1.000,0.0,0.0167,1.0000,0.00,60,0,204.03,0,1
239.90,52,0.0000,0.0000,0.000,1.000,0.0,0.0167,1.0000,0.00,60,0,204.03,0,1
240.91,55,0.0000,0.0000,0.000,1.000,0.0,0.0167,1.0000,0.00,60,0,204.03,0,1
241.92,54,0.0000,0.0000,0.000,1.000,0.0,0.0167,1.0000,0.00,60,0,204.03,0,1
242.93,55,0.0000,0.0000,0.000,1.000,0.0,0.0167,1.0000,0.00,60,0,204.03,0,1
243.95,54,0.0000,0.0000,0.000,1.000,0.0,0.0167,1.0000,0.00,60,0,204.03,0,1
244.95,54,0.0000,0.0000,0.000,1.000,0.0,0.0167,1.0000,0.00,60,0,204.03,0,1
245.95,54,0.0000,0.0000,0.000,1.000,0.0,0.0167,1.0000,0.00,60,0,204.03,0,1
246.96,55,0.0000,0.0000,0.000,1.000,0.0,0.0167,1.0000,0.00,60,0,204.03,0,1
247.96,53,0.0000,0.0000,0.000,1.000,0.0,0.0167,1.0000,0.00,60,0,204.03,0,1
248.97,55,0.0000,0.0000,0.000,1.000,0.0,0.0167,1.0000,0.00,60,0,204.03,0,1
249.98,53,0.0000,0.0000,0.000,1.000,0.0,0.0167,1.0000,0.00,60,0,204.03,0,1
251.01,55,0.0000,0.0000,0.000,1.000,0.0,0.0167,1.0000,0.00,60,0,204.03,0,1
252.01,54,0.0000,0.0000,0.000,1.000,0.0,0.0167,1.0000,0.00,60,0,204.03,0,1
253.03,56,0.0000,0.0000,0.000,1.000,0.0,0.0167,1.0000,0.00,60,0,204.03,0,1
254.07,55,0.0000,0.0000,0.000,1.000,0.0,0.0167,1.0000,0.00,60,0,204.03,0,1
255.08,55,0.0000,0.0000,0.000,1.000,0.0,0.0167,1.0000,0.00,60,0,204.03,0,1
256.11,55,0.0000,0.0000,0.000,1.000,0.0,0.0167,1.0000,0.00,60,0,204.03,0,1
257.13,56,0.0000,0.0000,0.000,1.000,0.0,0.0167,1.0000,0.00,60,0,204.03,0,1
258.13,54,0.0000,0.0000,0.000,1.000,0.0,0.0167,1.0000,0.00,60,0,204.03,0,1
259.15,55,0.0000,0.0000,0.000,1.000,0.0,0.0167,1.0000,0.00,60,0,204.03,0,1
260.16,53,0.0000,0.0000,0.000,1.000,0.0,0.0167,1.0000,0.00,60,0,204.03,0,1
261.17,55,0.0000,0.0000,0.000,1.000,0.0,0.0167,1.0000,0.00,60,0,204.03,0,1
262.18,53,0.0000,0.0000,0.000,1.000,0.0,0.0167,1.0000,0.00,60,0,204.03,0,1
263.19,53,0.0000,0.0000,0.000,1.000,0.0,0.0167,1.0000,0.00,60,0,204.03,0,1
264.20,52,0.0000,0.0000,0.000,1.000,0.0,0.0167,1.0000,0.00,60,0,204.03,0,1
265.20,54,0.0000,0.0000,0.000,1.000,0.0,0.0167,1.0000,0.00,60,0,204.03,0,1
266.21,54,0.0000,0.0000,0.000,1.000,0.0,0.0167,1.0000,0.00,60,0,204.03,0,1
267.23,40,0.0000,0.0000,0.000,1.000,0.0,0.0167,1.0000,0.00,60,0,204.03,0,1
268.26,23,0.0000,0.0000,0.000,1.000,0.0,0.0167,1.0000,0.00,60,0,204.03,0,1
269.28,29,0.0000,0.0000,0.000,1.000,0.0,0.0167,1.0000,0.00,60,0,204.03,0,1
270.31,36,0.0000,0.0000,0.000,1.000,0.0,0.0167,1.0000,0.00,60,0,204.03,0,1
271.31,28,0.0000,0.0000,0.000,1.000,0.0,0.0167,1.0000,0.00,60,0,204.03,0,1
272.34,29,0.0000,0.0000,0.000,1.000,0.0,0.0167,1.0000,0.00,60,0,204.03,0,1
273.34,36,0.0000,0.0000,0.000,1.000,0.0,0.0167,1.0000,0.00,60,0,204.03,0,1
274.38,36,0.0000,0.0000,0.000,1.000,0.0,0.0167,1.0000,0.00,60,0,204.03,0,1
275.41,33,0.0000,0.0000,0.000,1.000,0.0,0.0167,1.0000,0.00,60,0,204.03,0,1
276.41,54,0.0000,0.0000,0.000,1.000,0.0,0.0167,1.0000,0.00,60,0,204.03,0,1
277.43,53,0.0000,0.0000,0.000,1.000,0.0,0.0167,1.0000,0.00,60,0,204.03,0,1
278.43,54,0.0000,0.0000,0.000,1.000,0.0,0.0167,1.0000,0.00,60,0,204.03,0,1
279.43,57,0.0000,0.0000,0.000,1.000,0.0,0.0167,1.0000,0.00,60,0,204.03,0,1
280.44,54,0.0000,0.0000,0.000,1.000,0.0,0.0167,1.0000,0.00,60,0,204.03,0,1
281.44,53,0.0000,0.0000,0.000,1.000,0.0,0.0167,1.0000,0.00,60,0,204.03,0,1
282.46,54,0.0000,0.0000,0.000,1.000,0.0,0.0167,1.0000,0.00,60,0,204.03,0,1
283.46,54,0.0000,0.0000,0.000,1.000,0.0,0.0167,1.0000,0.00,60,0,204.03,0,1
284.46,54,0.0000,0.0000,0.000,1.000,0.0,0.0167,1.0000,0.00,60,0,204.03,0,1
285.47,54,0.0000,0.0000,0.000,1.000,0.0,0.0167,1.0000,0.00,60,0,204.03,0,1
286.48,54,0.0000,0.0000,0.000,1.000,0.0,0.0167,1.0000,0.00,60,0,204.03,0,1
287.49,53,0.0000,0.0000,0.000,1.000,0.0,0.0167,1.0000,0.00,60,0,204.03,0,1
288.49,56,0.0000,0.0000,0.000,1.000,0.0,0.0167,1.0000,0.00,60,0,204.03,0,1
289.52,55,0.0000,0.0000,0.000,1.000,0.0,0.0167,1.0000,0.00,60,0,204.03,0,1
290.53,54,0.0000,0.0000,0.000,1.000,0.0,0.0167,1.0000,0.00,60,0,204.03,0,1
291.55,54,0.0000,0.0000,0.000,1.000,0.0,0.0167,1.0000,0.00,60,0,204.03,0,1
292.56,54,0.0000,0.0000,0.000,1.000,0.0,0.0167,1.0000,0.00,60,0,204.03,0,1
293.58,55,0.0000,0.0000,0.000,1.000,0.0,0.0167,1.0000,0.00,60,0,204.03,0,1
294.59,54,0.0000,0.0000,0.000,1.000,0.0,0.0167,1.0000,0.00,60,0,204.03,0,1
295.60,55,0.0000,0.0000,0.000,1.000,0.0,0.0167,1.0000,0.00,60,0,204.03,0,1
296.62,56,0.0000,0.0000,0.000,1.000,0.0,0.0167,1.0000,0.00,60,0,204.03,0,1
297.63,53,0.0000,0.0000,0.000,1.000,0.0,0.0167,1.0000,0.00,60,0,204.03,0,1
298.64,54,0.0000,0.0000,0.000,1.000,0.0,0.0167,1.0000,0.00,60,0,204.03,0,1
299.66,56,0.0000,0.0000,0.000,1.000,0.0,0.0167,1.0000,0.00,60,0,204.03,0,1
300.67,52,0.0000,0.0000,0.000,1.000,0.0,0.0167,1.0000,0.00,60,0,204.03,0,1
301.68,54,0.0000,0.0000,0.000,1.000,0.0,0.0167,1.0000,0.00,60,0,204.03,0,1
302.69,53,0.0000,0.0000,0.000,1.000,0.0,0.0167,1.0000,0.00,60,0,204.03,0,1
303.69,50,0.0000,0.0000,0.000,1.000,0.0,0.0167,1.0000,0.00,60,0,204.03,0,1
304.70,52,0.0000,0.0000,0.000,1.000,0.0,0.0167,1.0000,0.00,60,0,204.03,0,1
305.71,52,0.0000,0.0000,0.000,1.000,0.0,0.0167,1.0000,0.00,60,0,204.03,0,1
306.72,52,0.0000,0.0000,0.000,1.000,0.0,0.0167,1.0000,0.00,60,0,204.03,0,1
307.74,53,0.0000,0.0000,0.000,1.000,0.0,0.0167,1.0000,0.00,60,0,204.03,0,1
308.76,52,0.0000,0.0000,0.000,1.000,0.0,0.0167,1.0000,0.00,60,0,204.03,0,1
309.78,54,0.0000,0.0000,0.000,1.000,0.0,0.0167,1.0000,0.00,60,0,204.03,0,1
310.80,54,0.0000,0.0000,0.000,1.000,0.0,0.0167,1.0000,0.00,60,0,204.03,0,1
311.81,52,0.0000,0.0000,0.000,1.000,0.0,0.0167,1.0000,0.00,60,0,204.03,0,1
312.82,53,0.0000,0.0000,0.000,1.000,0.0,0.0167,1.0000,0.00,60,0,204.03,0,1
313.82,53,0.0000,0.0000,0.000,1.000,0.0,0.0167,1.0000,0.00,60,0,204.03,0,1
314.85,54,0.0000,0.0000,0.000,1.000,0.0,0.0167,1.0000,0.00,60,0,204.03,0,1
315.86,52,0.0000,0.0000,0.000,1.000,0.0,0.0167,1.0000,0.00,60,0,204.03,0,1
316.86,49,0.0000,0.0000,0.000,1.000,0.0,0.0167,1.0000,0.00,60,0,204.03,0,1
317.87,51,0.0000,0.0000,0.000,1.000,0.0,0.0167,1.0000,0.00,60,0,204.03,0,1
318.89,50,0.0000,0.0000,0.000,1.000,0.0,0.0167,1.0000,0.00,60,0,204.03,0,1
319.89,52,0.0000,0.0000,0.000,1.000,0.0,0.0167,1.0000,0.00,60,0,204.03,0,1
320.90,52,0.0000,0.0000,0.000,1.000,0.0,0.0167,1.0000,0.00,60,0,204.03,0,1
321.92,52,0.0000,0.0000,0.000,1.000,0.0,0.0167,1.0000,0.00,60,0,204.03,0,1
322.93,52,0.0000,0.0000,0.000,1.000,0.0,0.0167,1.0000,0.00,60,0,204.03,0,1
323.94,51,0.0000,0.0000,0.000,1.000,0.0,0.0167,1.0000,0.00,60,0,204.03,0,1
324.95,51,0.0000,0.0000,0.000,1.000,0.0,0.0167,1.0000,0.00,60,0,204.03,0,1
325.98,52,0.0000,0.0000,0.000,1.000,0.0,0.0167,1.0000,0.00,60,0,204.03,0,1
326.99,52,0.0000,0.0000,0.000,1.000,0.0,0.0167,1.0000,0.00,60,0,204.03,0,1
328.01,52,0.0000,0.0000,0.000,1.000,0.0,0.0167,1.0000,0.00,60,0,204.03,0,1
329.02,52,0.0000,0.0000,0.000,1.000,0.0,0.0167,1.0000,0.00,60,0,204.03,0,1
330.04,52,0.0000,0.0000,0.000,1.000,0.0,0.0167,1.0000,0.00,60,0,204.03,0,1
331.06,53,0.0000,0.0000,0.000,1.000,0.0,0.0167,1.0000,0.00,60,0,204.03,0,1
332.08,53,0.0000,0.0000,0.000,1.000,0.0,0.0167,1.0000,0.00,60,0,204.03,0,1
333.08,52,0.0000,0.0000,0.000,1.000,0.0,0.0167,1.0000,0.00,60,0,204.03,0,1
334.10,52,0.0000,0.0000,0.000,1.000,0.0,0.0167,1.0000,0.00,60,0,204.03,0,1
335.12,52,0.0000,0.0000,0.000,1.000,0.0,0.0167,1.0000,0.00,60,0,204.03,0,1
336.12,52,0.0000,0.0000,0.000,1.000,0.0,0.0167,1.0000,0.00,60,0,204.03,0,1
337.12,51,0.0000,0.0000,0.000,1.000,0.0,0.0167,1.0000,0.00,60,0,204.03,0,1
338.13,52,0.0000,0.0000,0.000,1.000,0.0,0.0167,1.0000,0.00,60,0,204.03,0,1
339.13,51,0.0000,0.0000,0.000,1.000,0.0,0.0167,1.0000,0.00,60,0,204.03,0,1
340.14,50,0.0000,0.0000,0.000,1.000,0.0,0.0167,1.0000,0.00,60,0,204.03,0,1
341.15,50,0.0000,0.0000,0.000,1.000,0.0,0.0167,1.0000,0.00,60,0,204.03,0,1
342.15,49,0.0000,0.0000,0.000,1.000,0.0,0.0167,1.0000,0.00,60,0,204.03,0,1
343.15,51,0.0000,0.0000,0.000,1.000,0.0,0.0167,1.0000,0.00,60,0,204.03,0,1
344.23,38,0.0000,0.0000,0.000,1.000,0.0,0.0167,1.0000,0.00,60,0,204.03,0,1
345.25,29,0.0000,0.0000,0.000,1.000,0.0,0.0167,1.0000,0.00,60,0,204.03,0,1
346.27,52,0.0000,0.0000,0.000,1.000,0.0,0.0167,1.0000,0.00,60,0,204.03,0,1
347.28,52,0.0000,0.0000,0.000,1.000,0.0,0.0167,1.0000,0.00,60,0,204.03,0,1
348.29,52,0.0000,0.0000,0.000,1.000,0.0,0.0167,1.0000,0.00,60,0,204.03,0,1
349.30,54,0.0000,0.0000,0.000,1.000,0.0,0.0167,1.0000,0.00,60,0,204.03,0,1
350.33,53,0.0000,0.0000,0.000,1.000,0.0,0.0167,1.0000,0.00,60,0,204.03,0,1
351.34,51,0.0000,0.0000,0.000,1.000,0.0,0.0167,1.0000,0.00,60,0,204.03,0,1
352.36,52,0.0000,0.0000,0.000,1.000,0.0,0.0167,1.0000,0.00,60,0,204.03,0,1
353.36,48,0.0000,0.0000,0.000,1.000,0.0,0.0167,1.0000,0.00,60,0,204.03,0,1
354.37,50,0.0000,0.0000,0.000,1.000,0.0,0.0167,1.0000,0.00,60,0,204.03,0,1
355.38,51,0.0000,0.0000,0.000,0.999,0.0,0.0167,1.0000,0.00,60,0,204.03,0,1
356.38,53,0.0000,0.0000,0.000,1.001,0.0,0.0167,1.0000,0.00,60,0,204.03,0,1
357.40,54,0.0000,0.0000,0.000,1.000,0.0,0.0167,1.0000,0.00,60,0,204.03,0,1
358.41,56,0.0000,0.0000,0.000,1.000,0.0,0.0167,1.0000,0.00,60,0,204.03,0,1
359.42,54,0.0000,0.0000,0.000,1.000,0.0,0.0167,1.0000,0.00,60,0,204.03,0,1
360.44,55,0.0000,0.0000,0.000,1.000,0.0,0.0167,1.0000,0.00,60,0,204.03,0,1
361.46,55,0.0000,0.0000,0.000,1.000,0.0,0.0167,1.0000,0.00,60,0,204.03,0,1
362.48,55,0.0000,0.0000,0.000,1.000,0.0,0.0167,1.0000,0.00,60,0,204.03,0,1
363.48,55,0.0000,0.0000,0.000,1.000,0.0,0.0167,1.0000,0.00,60,0,204.03,0,1
364.50,56,0.0000,0.0000,0.000,1.000,0.0,0.0167,1.0000,0.00,60,0,204.03,0,1
365.50,54,0.0000,0.0000,0.000,1.000,0.0,0.0167,1.0000,0.00,60,0,204.03,0,1
366.52,56,0.0000,0.0000,0.000,1.000,0.0,0.0167,1.0000,0.00,60,0,204.03,0,1
367.53,55,0.0000,0.0000,0.000,1.000,0.0,0.0167,1.0000,0.00,60,0,204.03,0,1
368.54,56,0.0000,0.0000,0.000,1.000,0.0,0.0167,1.0000,0.00,60,0,204.03,0,1
369.55,54,0.0000,0.0000,0.000,1.000,0.0,0.0167,1.0000,0.00,60,0,204.03,0,1
370.56,52,0.0000,0.0000,0.000,1.000,0.0,0.0167,1.0000,0.00,60,0,204.03,0,1
371.56,55,0.0000,0.0000,0.000,1.000,0.0,0.0167,1.0000,0.00,60,0,204.03,0,1
372.57,54,0.0000,0.0000,0.000,1.000,0.0,0.0167,1.0000,0.00,60,0,204.03,0,1
373.57,53,0.0000,0.0000,0.000,1.000,0.0,0.0167,1.0000,0.00,60,0,204.03,0,1
374.57,54,0.0000,0.0000,0.000,1.000,0.0,0.0167,1.0000,0.00,60,0,204.03,0,1
375.58,55,0.0000,0.0000,0.000,1.000,0.0,0.0167,1.0000,0.00,60,0,204.03,0,1
376.59,53,0.0000,0.0000,0.000,1.000,0.0,0.0167,1.0000,0.00,60,0,204.03,0,1
377.60,55,0.0000,0.0000,0.000,1.000,0.0,0.0167,1.0000,0.00,60,0,204.03,0,1
378.61,54,0.0000,0.0000,0.000,1.000,0.0,0.0167,1.0000,0.00,60,0,204.03,0,1
379.61,55,0.0000,0.0000,0.000,1.000,0.0,0.0167,1.0000,0.00,60,0,204.03,0,1
380.63,54,0.0000,0.0000,0.000,1.000,0.0,0.0167,1.0000,0.00,60,0,204.03,0,1
381.65,55,0.0000,0.0000,0.000,1.000,0.0,0.0167,1.0000,0.00,60,0,204.03,0,1
382.66,55,0.0000,0.0000,0.000,1.000,0.0,0.0167,1.0000,0.00,60,0,204.03,0,1
383.67,54,0.0000,0.0000,0.000,1.000,0.0,0.0167,1.0000,0.00,60,0,204.03,0,1
384.68,54,0.0000,0.0000,0.000,1.000,0.0,0.0167,1.0000,0.00,60,0,204.03,0,1
385.70,54,0.0000,0.0000,0.000,1.000,0.0,0.0167,1.0000,0.00,60,0,204.03,0,1
386.71,54,0.0000,0.0000,0.000,1.000,0.0,0.0167,1.0000,0.00,60,0,204.03,0,1
387.71,53,0.0000,0.0000,0.000,1.000,0.0,0.0167,1.0000,0.00,60,0,204.03,0,1
388.72,54,0.0000,0.0000,0.000,1.000,0.0,0.0167,1.0000,0.00,60,0,204.03,0,1
389.73,53,0.0000,0.0000,0.000,1.000,0.0,0.0167,1.0000,0.00,60,0,204.03,0,1
390.73,53,0.0000,0.0000,0.000,1.000,0.0,0.0167,1.0000,0.00,60,0,204.03,0,1
391.73,54,0.0000,0.0000,0.000,1.000,0.0,0.0167,1.0000,0.00,60,0,204.03,0,1
392.75,56,0.0000,0.0000,0.000,1.000,0.0,0.0167,1.0000,0.00,60,0,204.03,0,1
393.77,55,0.0000,0.0000,0.000,1.000,0.0,0.0167,1.0000,0.00,60,0,204.03,0,1
394.77,54,0.0000,0.0000,0.000,1.000,0.0,0.0167,1.0000,0.00,60,0,204.03,0,1
395.78,54,0.0000,0.0000,0.000,1.000,0.0,0.0167,1.0000,0.00,60,0,204.03,0,1
396.79,55,0.0000,0.0000,0.000,1.000,0.0,0.0167,1.0000,0.00,60,0,204.03,0,1
397.81,56,0.0000,0.0000,0.000,1.000,0.0,0.0167,1.0000,0.00,60,0,204.03,0,1
398.81,55,0.0000,0.0000,0.000,1.000,0.0,0.0167,1.0000,0.00,60,0,204.03,0,1
399.83,54,0.0000,0.0000,0.000,1.000,0.0,0.0167,1.0000,0.00,60,0,204.03,0,1
400.83,53,0.0000,0.0000,0.000,1.000,0.0,0.0167,1.0000,0.00,60,0,204.03,0,1
401.85,54,0.0000,0.0000,0.000,1.000,0.0,0.0167,1.0000,0.00,60,0,204.03,0,1
402.86,55,0.0000,0.0000,0.000,1.000,0.0,0.0167,1.0000,0.00,60,0,204.03,0,1
403.87,55,0.0000,0.0000,0.000,1.000,0.0,0.0167,1.0000,0.00,60,0,204.03,0,1
404.88,53,0.0000,0.0000,0.000,1.000,0.0,0.0167,1.0000,0.00,60,0,204.03,0,1
405.90,55,0.0000,0.0000,0.000,1.000,0.0,0.0167,1.0000,0.00,60,0,204.03,0,1
406.90,53,0.0000,0.0000,0.000,1.000,0.0,0.0167,1.0000,0.00,60,0,204.03,0,1
407.91,53,0.0000,0.0000,0.000,1.000,0.0,0.0167,1.0000,0.00,60,0,204.03,0,1
408.92,53,0.0000,0.0000,0.000,1.000,0.0,0.0167,1.0000,0.00,60,0,204.03,0,1
409.94,56,0.0000,0.0000,0.000,1.000,0.0,0.0167,1.0000,0.00,60,0,204.03,0,1
410.94,54,0.0000,0.0000,0.000,1.000,0.0,0.0167,1.0000,0.00,60,0,204.03,0,1
411.96,56,0.0000,0.0000,0.000,1.000,0.0,0.0167,1.0000,0.00,60,0,204.03,0,1
412.96,55,0.0000,0.0000,0.000,1.000,0.0,0.0167,1.0000,0.00,60,0,204.03,0,1
413.97,55,0.0000,0.0000,0.000,1.000,0.0,0.0167,1.0000,0.00,60,0,204.03,0,1
414.99,54,0.0000,0.0000,0.000,1.000,0.0,0.0167,1.0000,0.00,60,0,204.03,0,1
416.01,54,0.0000,0.0000,0.000,1.000,0.0,0.0167,1.0000,0.00,60,0,204.03,0,1
417.04,55,0.0000,0.0000,0.000,1.000,0.0,0.0167,1.0000,0.00,60,0,204.03,0,1
418.05,55,0.0000,0.0000,0.000,1.000,0.0,0.0167,1.0000,0.00,60,0,204.03,0,1
419.05,54,0.0000,0.0000,0.000,1.000,0.0,0.0167,1.0000,0.00,60,0,204.03,0,1
420.06,55,0.0000,0.0000,0.000,1.000,0.0,0.0167,1.0000,0.00,60,0,204.03,0,1
421.07,53,0.0000,0.0000,0.000,1.000,0.0,0.0167,1.0000,0.00,60,0,204.03,0,1
422.08,54,0.0000,0.0000,0.000,1.000,0.0,0.0167,1.0000,0.00,60,0,204.03,0,1
423.09,56,0.0000,0.0000,0.000,1.000,0.0,0.0167,1.0000,0.00,60,0,204.03,0,1
424.11,55,0.0000,0.0000,0.000,1.000,0.0,0.0167,1.0000,0.00,60,0,204.03,0,1
425.12,54,0.0000,0.0000,0.000,1.000,0.0,0.0167,1.0000,0.00,60,0,204.03,0,1
426.12,54,0.0000,0.0000,0.000,1.000,0.0,0.0167,1.0000,0.00,60,0,204.03,0,1
427.12,55,0.0000,0.0000,0.000,1.000,0.0,0.0167,1.0000,0.00,60,0,204.03,0,1
428.13,56,0.0000,0.0000,0.000,1.000,0.0,0.0167,1.0000,0.00,60,0,204.03,0,1
429.13,56,0.0000,0.0000,0.000,1.000,0.0,0.0167,1.0000,0.00,60,0,204.03,0,1
430.14,56,0.0000,0.0000,0.000,1.000,0.0,0.0167,1.0000,0.00,60,0,204.03,0,1
431.15,54,0.0000,0.0000,0.000,1.000,0.0,0.0167,1.0000,0.00,60,0,204.03,0,1
432.17,56,0.0000,0.0000,0.000,1.000,0.0,0.0167,1.0000,0.00,60,0,204.03,0,1
433.18,55,0.0000,0.0000,0.000,1.000,0.0,0.0167,1.0000,0.00,60,0,204.03,0,1
434.18,53,0.0000,0.0000,0.000,1.000,0.0,0.0167,1.0000,0.00,60,0,204.03,0,1
435.19,55,0.0000,0.0000,0.000,1.000,0.0,0.0167,1.0000,0.00,60,0,204.03,0,1
436.19,54,0.0000,0.0000,0.000,1.000,0.0,0.0167,1.0000,0.00,60,0,204.03,0,1
437.20,55,0.0000,0.0000,0.000,1.000,0.0,0.0167,1.0000,0.00,60,0,204.03,0,1
438.23,54,0.0000,0.0000,0.000,1.000,0.0,0.0167,1.0000,0.00,60,0,204.03,0,1
439.23,55,0.0000,0.0000,0.000,1.000,0.0,0.0167,1.0000,0.00,60,0,204.03,0,1
440.24,55,0.0000,0.0000,0.000,1.000,0.0,0.0167,1.0000,0.00,60,0,204.03,0,1
441.24,56,0.0000,0.0000,0.000,1.000,0.0,0.0167,1.0000,0.00,60,0,204.03,0,1
442.25,54,0.0000,0.0000,0.000,1.000,0.0,0.0167,1.0000,0.00,60,0,204.03,0,1
443.25,56,0.0000,0.0000,0.000,1.000,0.0,0.0167,1.0000,0.00,60,0,204.03,0,1
444.26,56,0.0000,0.0000,0.000,1.000,0.0,0.0167,1.0000,0.00,60,0,204.03,0,1
445.27,56,0.0000,0.0000,0.000,1.000,0.0,0.0167,1.0000,0.00,60,0,204.03,0,1
446.28,54,0.0000,0.0000,0.000,1.000,0.0,0.0167,1.0000,0.00,60,0,204.03,0,1
447.29,55,0.0000,0.0000,0.000,1.000,0.0,0.0167,1.0000,0.00,60,0,204.03,0,1
448.30,55,0.0000,0.0000,0.000,1.000,0.0,0.0167,1.0000,0.00,60,0,204.03,0,1
449.31,56,0.0000,0.0000,0.000,1.000,0.0,0.0167,1.0000,0.00,60,0,204.03,0,1
450.33,54,0.0000,0.0000,0.000,1.000,0.0,0.0167,1.0000,0.00,60,0,204.03,0,1
451.33,56,0.0000,0.0000,0.000,1.000,0.0,0.0167,1.0000,0.00,60,0,204.03,0,1
452.34,56,0.0000,0.0000,0.000,1.000,0.0,0.0167,1.0000,0.00,60,0,204.03,0,1
453.35,55,0.0000,0.0000,0.000,1.000,0.0,0.0167,1.0000,0.00,60,0,204.03,0,1
454.37,55,0.0000,0.0000,0.000,1.000,0.0,0.0167,1.0000,0.00,60,0,204.03,0,1
455.38,55,0.0000,0.0000,0.000,1.000,0.0,0.0167,1.0000,0.00,60,0,204.03,0,1
456.39,56,0.0000,0.0000,0.000,1.000,0.0,0.0167,1.0000,0.00,60,0,204.03,0,1
457.39,55,0.0000,0.0000,0.000,1.000,0.0,0.0167,1.0000,0.00,60,0,204.03,0,1
458.40,53,0.0000,0.0000,0.000,1.000,0.0,0.0167,1.0000,0.00,60,0,204.03,0,1
459.42,56,0.0000,0.0000,0.000,1.000,0.0,0.0167,1.0000,0.00,60,0,204.03,0,1
460.43,56,0.0000,0.0000,0.000,1.000,0.0,0.0167,1.0000,0.00,60,0,204.03,0,1
461.44,53,0.0000,0.0000,0.000,1.000,0.0,0.0167,1.0000,0.00,60,0,204.03,0,1
462.45,55,0.0000,0.0000,0.000,1.000,0.0,0.0167,1.0000,0.00,60,0,204.03,0,1
463.45,54,0.0000,0.0000,0.000,1.000,0.0,0.0167,1.0000,0.00,60,0,204.03,0,1
464.47,55,0.0000,0.0000,0.000,1.000,0.0,0.0167,1.0000,0.00,60,0,204.03,0,1
465.48,55,0.0000,0.0000,0.000,1.000,0.0,0.0167,1.0000,0.00,60,0,204.03,0,1
466.48,55,0.0000,0.0000,0.000,1.000,0.0,0.0167,1.0000,0.00,60,0,204.03,0,1
467.48,55,0.0000,0.0000,0.000,1.000,0.0,0.0167,1.0000,0.00,60,0,204.03,0,1
468.49,54,0.0000,0.0000,0.000,1.000,0.0,0.0167,1.0000,0.00,60,0,204.03,0,1
469.49,54,0.0000,0.0000,0.000,1.000,0.0,0.0167,1.0000,0.00,60,0,204.03,0,1
470.50,56,0.0000,0.0000,0.000,1.000,0.0,0.0167,1.0000,0.00,60,0,204.03,0,1
471.51,56,0.0000,0.0000,0.000,1.000,0.0,0.0167,1.0000,0.00,60,0,204.03,0,1
472.52,54,0.0000,0.0000,0.000,1.000,0.0,0.0167,1.0000,0.00,60,0,204.03,0,1
473.52,53,0.0000,0.0000,0.000,1.000,0.0,0.0167,1.0000,0.00,60,0,204.03,0,1
474.55,55,0.0000,0.0000,0.000,1.000,0.0,0.0167,1.0000,0.00,60,0,204.03,0,1
475.56,55,0.0000,0.0000,0.000,1.000,0.0,0.0167,1.0000,0.00,60,0,204.03,0,1
476.56,54,0.0000,0.0000,0.000,1.000,0.0,0.0167,1.0000,0.00,60,0,204.03,0,1
477.56,54,0.0000,0.0000,0.000,1.000,0.0,0.0167,1.0000,0.00,60,0,204.03,0,1
478.58,54,0.0000,0.0000,0.000,1.000,0.0,0.0167,1.0000,0.00,60,0,204.03,0,1
479.60,55,0.0000,0.0000,0.000,1.000,0.0,0.0167,1.0000,0.00,60,0,204.03,0,1
480.61,55,0.0000,0.0000,0.000,1.000,0.0,0.0167,1.0000,0.00,60,0,204.03,0,1
481.62,55,0.0000,0.0000,0.000,1.000,0.0,0.0167,1.0000,0.00,60,0,204.03,0,1
482.64,55,0.0000,0.0000,0.000,1.000,0.0,0.0167,1.0000,0.00,60,0,204.03,0,1
483.65,55,0.0000,0.0000,0.000,1.000,0.0,0.0167,1.0000,0.00,60,0,204.03,0,1
484.65,54,0.0000,0.0000,0.000,1.000,0.0,0.0167,1.0000,0.00,60,0,204.03,0,1
485.65,53,0.0000,0.0000,0.000,1.000,0.0,0.0167,1.0000,0.00,60,0,204.03,0,1
486.66,54,0.0000,0.0000,0.000,1.000,0.0,0.0167,1.0000,0.00,60,0,204.03,0,1
487.67,56,0.0000,0.0000,0.000,1.000,0.0,0.0167,1.0000,0.00,60,0,204.03,0,1
488.68,54,0.0000,0.0000,0.000,1.000,0.0,0.0167,1.0000,0.00,60,0,204.03,0,1
489.69,53,0.0000,0.0000,0.000,1.000,0.0,0.0167,1.0000,0.00,60,0,204.03,0,1
490.71,55,0.0000,0.0000,0.000,1.000,0.0,0.0167,1.0000,0.00,60,0,204.03,0,1
491.72,54,0.0000,0.0000,0.000,1.000,0.0,0.0167,1.0000,0.00,60,0,204.03,0,1
492.73,55,0.0000,0.0000,0.000,1.000,0.0,0.0167,1.0000,0.00,60,0,204.03,0,1
493.73,56,0.0000,0.0000,0.000,1.000,0.0,0.0167,1.0000,0.00,60,0,204.03,0,1
494.75,54,0.0000,0.0000,0.000,1.000,0.0,0.0167,1.0000,0.00,60,0,204.03,0,1
495.76,55,0.0000,0.0000,0.000,1.000,0.0,0.0167,1.0000,0.00,60,0,204.03,0,1
496.76,55,0.0000,0.0000,0.000,1.000,0.0,0.0167,1.0000,0.00,60,0,204.03,0,1
497.76,35,0.0000,0.0000,0.000,1.000,0.0,0.0167,1.0000,0.00,60,0,204.03,0,1
498.80,23,0.0000,0.0000,0.000,1.000,0.0,0.0167,1.0000,0.00,60,0,204.03,0,1
499.84,23,0.0000,0.0000,0.000,1.000,0.0,0.0167,1.0000,0.00,60,0,204.03,0,1
500.89,23,0.0000,0.0000,0.000,1.000,0.0,0.0167,1.0000,0.00,60,0,204.03,0,1
501.90,22,0.0000,0.0000,0.000,1.000,0.0,0.0167,1.0000,0.00,60,0,204.03,0,1
502.93,44,0.0000,0.0000,0.000,1.000,0.0,0.0167,1.0000,0.00,60,0,204.03,0,1
503.95,22,0.0000,0.0000,0.000,1.000,0.0,0.0167,1.0000,0.00,60,0,204.03,0,1
504.96,27,0.0000,0.0000,0.000,1.000,0.0,0.0167,1.0000,0.00,60,0,204.03,0,1
505.97,34,0.0000,0.0000,0.000,1.000,0.0,0.0167,1.0000,0.00,60,0,204.03,0,1
506.98,60,0.0000,0.0000,0.000,1.000,0.0,0.0167,1.0000,0.00,60,0,204.03,0,1
507.99,56,0.0000,0.0000,0.000,1.000,0.0,0.0167,1.0000,0.00,60,0,204.03,0,1
508.99,57,0.0000,0.0000,0.000,1.000,0.0,0.0167,1.0000,0.00,60,0,204.03,0,1
509.99,57,0.0000,0.0000,0.000,1.000,0.0,0.0167,1.0000,0.00,60,0,204.03,0,1
510.99,59,0.0000,0.0000,0.000,1.000,0.0,0.0167,1.0000,0.00,60,0,204.03,0,1
512.00,57,0.0000,0.0000,0.000,1.000,0.0,0.0167,1.0000,0.00,60,0,204.03,0,1
513.02,59,0.0000,0.0000,0.000,1.000,0.0,0.0167,1.0000,0.00,60,0,204.03,0,1
514.03,60,0.0000,0.0000,0.000,1.000,0.0,0.0167,1.0000,0.00,60,0,204.03,0,1
515.04,60,0.0000,0.0000,0.000,1.000,0.0,0.0167,1.0000,0.00,60,0,204.03,0,1
516.06,58,0.0000,0.0000,0.000,1.000,0.0,0.0167,1.0000,0.00,60,0,204.03,0,1
517.06,58,0.0000,0.0000,0.000,1.000,0.0,0.0167,1.0000,0.00,60,0,204.03,0,1
518.06,56,0.0000,0.0000,0.000,1.000,0.0,0.0167,1.0000,0.00,60,0,204.03,0,1
519.08,58,0.0000,0.0000,0.000,1.000,0.0,0.0167,1.0000,0.00,60,0,204.03,0,1
520.10,59,0.0000,0.0000,0.000,1.000,0.0,0.0167,1.0000,0.00,60,0,204.03,0,1
521.12,57,0.0000,0.0000,0.000,1.000,0.0,0.0167,1.0000,0.00,60,0,204.03,0,1
522.13,59,0.0000,0.0000,0.000,1.000,0.0,0.0167,1.0000,0.00,60,0,204.03,0,1
523.17,24,0.0000,0.0000,0.000,1.000,0.0,0.0167,1.0000,0.00,60,0,204.03,0,1
524.20,22,0.0000,0.0000,0.000,1.000,0.0,0.0167,1.0000,0.00,60,0,204.03,0,1
525.21,22,0.0000,0.0000,0.000,1.000,0.0,0.0167,1.0000,0.00,60,0,204.03,0,1
526.21,44,0.0000,0.0000,0.000,1.000,0.0,0.0167,1.0000,0.00,60,0,204.03,0,1
527.24,22,0.0000,0.0000,0.000,1.000,0.0,0.0167,1.0000,0.00,60,0,204.03,0,1
528.27,37,0.0000,0.0000,0.000,1.000,0.0,0.0167,1.0000,0.00,60,0,204.03,0,1
529.29,23,0.0000,0.0000,0.000,1.000,0.0,0.0167,1.0000,0.00,60,0,204.03,0,1
530.34,45,0.0000,0.0000,0.000,1.000,0.0,0.0167,1.0000,0.00,60,0,204.03,0,1
531.35,22,0.0000,0.0000,0.000,1.000,0.0,0.0167,1.0000,0.00,60,0,204.03,0,1
532.39,30,0.0000,0.0000,0.000,1.000,0.0,0.0167,1.0000,0.00,60,0,204.03,0,1
533.42,23,0.0000,0.0000,0.000,1.000,0.0,0.0167,1.0000,0.00,60,0,204.03,0,1
534.42,28,0.0000,0.0000,0.000,1.000,0.0,0.0167,1.0000,0.00,60,0,204.03,0,1
535.43,36,0.0000,0.0000,0.000,1.000,0.0,0.0167,1.0000,0.00,60,0,204.03,0,1
536.43,32,0.0000,0.0000,0.000,1.000,0.0,0.0167,1.0000,0.00,60,0,204.03,0,1
537.44,56,0.0000,0.0000,0.000,1.000,0.0,0.0167,1.0000,0.00,60,0,204.03,0,1
538.47,58,0.0000,0.0000,0.000,1.000,0.0,0.0167,1.0000,0.00,60,0,204.03,0,1
539.49,57,0.0000,0.0000,0.000,1.000,0.0,0.0167,1.0000,0.00,60,0,204.03,0,1
540.49,56,0.0000,0.0000,0.000,1.000,0.0,0.0167,1.0000,0.00,60,0,204.03,0,1
541.50,57,0.0000,0.0000,0.000,1.000,0.0,0.0167,1.0000,0.00,60,0,204.03,0,1
542.50,56,0.0000,0.0000,0.000,1.000,0.0,0.0167,1.0000,0.00,60,0,204.03,0,1
543.52,56,0.0000,0.0000,0.000,1.000,0.0,0.0167,1.0000,0.00,60,0,204.03,0,1
544.53,55,0.0000,0.0000,0.000,1.000,0.0,0.0167,1.0000,0.00,60,0,204.03,0,1
545.54,57,0.0000,0.0000,0.000,1.000,0.0,0.0167,1.0000,0.00,60,0,204.03,0,1
546.54,57,0.0000,0.0000,0.000,1.000,0.0,0.0167,1.0000,0.00,60,0,204.03,0,1
547.55,55,0.0000,0.0000,0.000,1.000,0.0,0.0167,1.0000,0.00,60,0,204.03,0,1
548.56,55,0.0000,0.0000,0.000,1.000,0.0,0.0167,1.0000,0.00,60,0,204.03,0,1
549.57,57,0.0000,0.0000,0.000,1.000,0.0,0.0167,1.0000,0.00,60,0,204.03,0,1
550.57,55,0.0000,0.0000,0.000,1.000,0.0,0.0167,1.0000,0.00,60,0,204.03,0,1
551.58,56,0.0000,0.0000,0.000,1.000,0.0,0.0167,1.0000,0.00,60,0,204.03,0,1
552.58,57,0.0000,0.0000,0.000,1.000,0.0,0.0167,1.0000,0.00,60,0,204.03,0,1
553.58,55,0.0000,0.0000,0.000,1.000,0.0,0.0167,1.0000,0.00,60,0,204.03,0,1
554.59,55,0.0000,0.0000,0.000,1.000,0.0,0.0167,1.0000,0.00,60,0,204.03,0,1
555.60,55,0.0000,0.0000,0.000,1.000,0.0,0.0167,1.0000,0.00,60,0,204.03,0,1
556.62,54,0.0000,0.0000,0.000,1.000,0.0,0.0167,1.0000,0.00,60,0,204.03,0,1
557.63,54,0.0000,0.0000,0.000,1.000,0.0,0.0167,1.0000,0.00,60,0,204.03,0,1
558.63,55,0.0000,0.0000,0.000,1.000,0.0,0.0167,1.0000,0.00,60,0,204.03,0,1
559.63,55,0.0000,0.0000,0.000,1.000,0.0,0.0167,1.0000,0.00,60,0,204.03,0,1
560.65,55,0.0000,0.0000,0.000,1.000,0.0,0.0167,1.0000,0.00,60,0,204.03,0,1
561.65,55,0.0000,0.0000,0.000,1.000,0.0,0.0167,1.0000,0.00,60,0,204.03,0,1
562.66,53,0.0000,0.0000,0.000,1.000,0.0,0.0167,1.0000,0.00,60,0,204.03,0,1
563.67,55,0.0000,0.0000,0.000,1.000,0.0,0.0167,1.0000,0.00,60,0,204.03,0,1
564.67,56,0.0000,0.0000,0.000,1.000,0.0,0.0167,1.0000,0.00,60,0,204.03,0,1
565.68,53,0.0000,0.0000,0.000,1.000,0.0,0.0167,1.0000,0.00,60,0,204.03,0,1
566.69,39,0.0000,0.0000,0.000,1.000,0.0,0.0167,1.0000,0.00,60,0,204.03,0,1
567.71,19,0.0000,0.0000,0.000,1.000,0.0,0.0167,1.0000,0.00,60,0,204.03,0,1
568.75,19,0.0000,0.0000,0.000,1.000,0.0,0.0167,1.0000,0.00,60,0,204.03,0,1
569.79,32,0.0000,0.0000,0.000,1.000,0.0,0.0167,1.0000,0.00,60,0,204.03,0,1
570.80,37,0.0000,0.0000,0.000,1.000,0.0,0.0167,1.0000,0.00,60,0,204.03,0,1
571.84,32,0.0000,0.0000,0.000,1.000,0.0,0.0167,1.0000,0.00,60,0,204.03,0,1
572.86,32,0.0000,0.0000,0.000,1.000,0.0,0.0167,1.0000,0.00,60,0,204.03,0,1
573.86,45,0.0000,0.0000,0.000,1.000,0.0,0.0167,1.0000,0.00,60,0,204.03,0,1
574.89,59,0.0000,0.0000,0.000,1.000,0.0,0.0167,1.0000,0.00,60,0,204.03,0,1
575.89,26,0.0000,0.0000,0.000,1.000,0.0,0.0167,1.0000,0.00,60,0,204.03,0,1
576.89,30,0.0000,0.0000,0.000,1.000,0.0,0.0167,1.0000,0.00,60,0,204.03,0,1
577.90,49,0.0000,0.0000,0.000,1.000,0.0,0.0167,1.0000,0.00,60,0,204.03,0,1
578.91,46,0.0000,0.0000,0.000,1.000,0.0,0.0167,1.0000,0.00,60,0,204.03,0,1
579.92,50,0.0000,0.0000,0.000,1.000,0.0,0.0167,1.0000,0.00,60,0,204.03,0,1
580.94,52,0.0000,0.0000,0.000,1.000,0.0,0.0167,1.0000,0.00,60,0,204.03,0,1
581.95,52,0.0000,0.0000,0.000,1.000,0.0,0.0167,1.0000,0.00,60,0,204.03,0,1
582.96,53,0.0000,0.0000,0.000,1.000,0.0,0.0167,1.0000,0.00,60,0,204.03,0,1
583.97,53,0.0000,0.0000,0.000,1.000,0.0,0.0167,1.0000,0.00,60,0,204.03,0,1
584.99,51,0.0000,0.0000,0.000,1.000,0.0,0.0167,1.0000,0.00,60,0,204.03,0,1
586.01,50,0.0000,0.0000,0.000,1.000,0.0,0.0167,1.0000,0.00,60,0,204.03,0,1
587.01,54,0.0000,0.0000,0.000,1.000,0.0,0.0167,1.0000,0.00,60,0,204.03,0,1
588.02,53,0.0000,0.0000,0.000,1.000,0.0,0.0167,1.0000,0.00,60,0,204.03,0,1
589.02,54,0.0000,0.0000,0.000,1.000,0.0,0.0167,1.0000,0.00,60,0,204.03,0,1
590.03,54,0.0000,0.0000,0.000,1.000,0.0,0.0167,1.0000,0.00,60,0,204.03,0,1
591.04,54,0.0000,0.0000,0.000,1.000,0.0,0.0167,1.0000,0.00,60,0,204.03,0,1
592.05,56,0.0000,0.0000,0.000,1.000,0.0,0.0167,1.0000,0.00,60,0,204.03,0,1
593.06,55,0.0000,0.0000,0.000,1.000,0.0,0.0167,1.0000,0.00,60,0,204.03,0,1
594.08,56,0.0000,0.0000,0.000,1.000,0.0,0.0167,1.0000,0.00,60,0,204.03,0,1
595.11,54,0.0000,0.0000,0.000,1.000,0.0,0.0167,1.0000,0.00,60,0,204.03,0,1
596.11,55,0.0000,0.0000,0.000,1.000,0.0,0.0167,1.0000,0.00,60,0,204.03,0,1
597.12,54,0.0000,0.0000,0.000,1.000,0.0,0.0167,1.0000,0.00,60,0,204.03,0,1
598.14,54,0.0000,0.0000,0.000,1.000,0.0,0.0167,1.0000,0.00,60,0,204.03,0,1
599.14,51,0.0000,0.0000,0.000,1.000,0.0,0.0167,1.0000,0.00,60,0,204.03,0,1
600.15,52,0.0000,0.0000,0.000,0.999,0.0,0.0167,1.0000,0.00,60,0,204.03,0,1
601.16,51,0.0000,0.0000,0.000,1.000,0.0,0.0167,1.0000,0.00,60,0,204.03,0,1
602.17,55,0.0000,0.0000,0.000,1.000,0.0,0.0167,1.0000,0.00,60,0,204.03,0,1
603.18,53,0.0000,0.0000,0.000,1.000,0.0,0.0167,1.0000,0.00,60,0,204.03,0,1
604.18,51,0.0000,0.0000,0.000,1.000,0.0,0.0167,1.0000,0.00,60,0,204.03,0,1
605.20,55,0.0000,0.0000,0.000,1.000,0.0,0.0167,1.0000,0.00,60,0,204.03,0,1
606.21,53,0.0000,0.0000,0.000,1.000,0.0,0.0167,1.0000,0.00,60,0,204.03,0,1
607.22,55,0.0000,0.0000,0.000,1.000,0.0,0.0167,1.0000,0.00,60,0,204.03,0,1
608.23,52,0.0000,0.0000,0.000,1.000,0.0,0.0167,1.0000,0.00,60,0,204.03,0,1
609.23,49,0.0000,0.0000,0.000,1.000,0.0,0.0167,1.0000,0.00,60,0,204.03,0,1
610.25,54,0.0000,0.0000,0.000,1.000,0.0,0.0167,1.0000,0.00,60,0,204.03,0,1
611.26,52,0.0000,0.0000,0.000,1.000,0.0,0.0167,1.0000,0.00,60,0,204.03,0,1
612.27,50,0.0000,0.0000,0.000,1.000,0.0,0.0167,1.0000,0.00,60,0,204.03,0,1
613.28,54,0.0000,0.0000,0.000,1.000,0.0,0.0167,1.0000,0.00,60,0,204.03,0,1
614.29,53,0.0000,0.0000,0.000,1.000,0.0,0.0167,1.0000,0.00,60,0,204.03,0,1
615.30,51,0.0000,0.0000,0.000,1.000,0.0,0.0167,1.0000,0.00,60,0,204.03,0,1
616.30,53,0.0000,0.0000,0.000,1.000,0.0,0.0167,1.0000,0.00,60,0,204.03,0,1
617.33,52,0.0000,0.0000,0.000,1.000,0.0,0.0167,1.0000,0.00,60,0,204.03,0,1
618.35,52,0.0000,0.0000,0.000,1.000,0.0,0.0167,1.0000,0.00,60,0,204.03,0,1
619.36,53,0.0000,0.0000,0.000,1.000,0.0,0.0167,1.0000,0.00,60,0,204.03,0,1
620.36,53,0.0000,0.0000,0.000,1.000,0.0,0.0167,1.0000,0.00,60,0,204.03,0,1
621.37,54,0.0000,0.0000,0.000,1.000,0.0,0.0167,1.0000,0.00,60,0,204.03,0,1
622.38,52,0.0000,0.0000,0.000,1.000,0.0,0.0167,1.0000,0.00,60,0,204.03,0,1
623.40,53,0.0000,0.0000,0.000,1.000,0.0,0.0167,1.0000,0.00,60,0,204.03,0,1
624.40,52,0.0000,0.0000,0.000,1.000,0.0,0.0167,1.0000,0.00,60,0,204.03,0,1
625.40,54,0.0000,0.0000,0.000,1.000,0.0,0.0167,1.0000,0.00,60,0,204.03,0,1
626.42,54,0.0000,0.0000,0.000,1.000,0.0,0.0167,1.0000,0.00,60,0,204.03,0,1
627.46,54,0.0000,0.0000,0.000,1.000,0.0,0.0167,1.0000,0.00,60,0,204.03,0,1
628.47,53,0.0000,0.0000,0.000,1.000,0.0,0.0167,1.0000,0.00,60,0,204.03,0,1
629.48,53,0.0000,0.0000,0.000,1.000,0.0,0.0167,1.0000,0.00,60,0,204.03,0,1
630.48,52,0.0000,0.0000,0.000,1.000,0.0,0.0167,1.0000,0.00,60,0,204.03,0,1
631.49,51,0.0000,0.0000,0.000,1.000,0.0,0.0167,1.0000,0.00,60,0,204.03,0,1
632.49,52,0.0000,0.0000,0.000,1.000,0.0,0.0167,1.0000,0.00,60,0,204.03,0,1
633.51,51,0.0000,0.0000,0.000,1.000,0.0,0.0167,1.0000,0.00,60,0,204.03,0,1
634.53,52,0.0000,0.0000,0.000,1.000,0.0,0.0167,1.0000,0.00,60,0,204.03,0,1
635.53,55,0.0000,0.0000,0.000,1.000,0.0,0.0167,1.0000,0.00,60,0,204.03,0,1
636.54,54,0.0000,0.0000,0.000,1.000,0.0,0.0167,1.0000,0.00,60,0,204.03,0,1
637.57,52,0.0000,0.0000,0.000,1.000,0.0,0.0167,1.0000,0.00,60,0,204.03,0,1
638.58,52,0.0000,0.0000,0.000,1.000,0.0,0.0167,1.0000,0.00,60,0,204.03,0,1
639.59,52,0.0000,0.0000,0.000,1.000,0.0,0.0167,1.0000,0.00,60,0,204.03,0,1
640.60,52,0.0000,0.0000,0.000,1.000,0.0,0.0167,1.0000,0.00,60,0,204.03,0,1
641.61,51,0.0000,0.0000,0.000,1.000,0.0,0.0167,1.0000,0.00,60,0,204.03,0,1
642.61,51,0.0000,0.0000,0.000,1.000,0.0,0.0167,1.0000,0.00,60,0,204.03,0,1
643.63,50,0.0000,0.0000,0.000,1.000,0.0,0.0167,1.0000,0.00,60,0,204.03,0,1
644.63,52,0.0000,0.0000,0.000,1.000,0.0,0.0167,1.0000,0.00,60,0,204.03,0,1
645.66,53,0.0000,0.0000,0.000,1.000,0.0,0.0167,1.0000,0.00,60,0,204.03,0,1
646.66,53,0.0000,0.0000,0.000,1.000,0.0,0.0167,1.0000,0.00,60,0,204.03,0,1
647.67,52,0.0000,0.0000,0.000,1.000,0.0,0.0167,1.0000,0.00,60,0,204.03,0,1
648.68,51,0.0000,0.0000,0.000,1.000,0.0,0.0167,1.0000,0.00,60,0,204.03,0,1
649.70,51,0.0000,0.0000,0.000,1.000,0.0,0.0167,1.0000,0.00,60,0,204.03,0,1
650.72,54,0.0000,0.0000,0.000,1.000,0.0,0.0167,1.0000,0.00,60,0,204.03,0,1
651.73,52,0.0000,0.0000,0.000,1.000,0.0,0.0167,1.0000,0.00,60,0,204.03,0,1
652.74,51,0.0000,0.0000,0.000,1.000,0.0,0.0167,1.0000,0.00,60,0,204.03,0,1
653.74,51,0.0000,0.0000,0.000,1.000,0.0,0.0167,1.0000,0.00,60,0,204.03,0,1
654.78,53,0.0000,0.0000,0.000,1.000,0.0,0.0167,1.0000,0.00,60,0,204.03,0,1
655.78,44,0.0000,0.0000,0.000,1.000,0.0,0.0167,1.0000,0.00,60,0,204.03,0,1
656.78,60,0.0000,0.0000,0.000,1.000,0.0,0.0167,1.0000,0.00,60,0,204.03,0,1
657.78,60,0.0000,0.0000,0.000,1.000,0.0,0.0167,1.0000,0.00,60,0,204.03,0,1
658.78,59,0.0000,0.0000,0.000,1.000,0.0,0.0167,1.0000,0.00,60,0,204.03,0,1
659.79,59,0.0000,0.0000,0.000,1.000,0.0,0.0167,1.0000,0.00,60,0,204.03,0,1
660.79,59,0.0000,0.0000,0.000,1.000,0.0,0.0167,1.0000,0.00,60,0,204.03,0,1
661.80,60,0.0000,0.0000,0.000,1.000,0.0,0.0167,1.0000,0.00,60,0,204.03,0,1
662.81,60,0.0000,0.0000,0.000,1.000,0.0,0.0167,1.0000,0.00,60,0,204.03,0,1
663.83,59,0.0000,0.0000,0.000,1.000,0.0,0.0167,1.0000,0.00,60,0,204.03,0,1
664.84,61,0.0000,0.0000,0.000,1.000,0.0,0.0167,1.0000,0.00,60,0,204.03,0,1
665.85,61,0.0000,0.0000,0.000,1.000,0.0,0.0167,1.0000,0.00,60,0,204.03,0,1
666.86,59,0.0000,0.0000,0.000,1.000,0.0,0.0167,1.0000,0.00,60,0,204.03,0,1
667.87,60,0.0000,0.0000,0.000,1.000,0.0,0.0167,1.0000,0.00,60,0,204.03,0,1
668.88,58,0.0000,0.0000,0.000,1.000,0.0,0.0167,1.0000,0.00,60,0,204.03,0,1
669.88,58,0.0000,0.0000,0.000,1.000,0.0,0.0167,1.0000,0.00,60,0,204.03,0,1
670.89,60,0.0000,0.0000,0.000,1.000,0.0,0.0167,1.0000,0.00,60,0,204.03,0,1
671.90,60,0.0000,0.0000,0.000,1.000,0.0,0.0167,1.0000,0.00,60,0,204.03,0,1
672.90,60,0.0000,0.0000,0.000,1.000,0.0,0.0167,1.0000,0.00,60,0,204.03,0,1
673.90,57,0.0000,0.0000,0.000,1.000,0.0,0.0167,1.0000,0.00,60,0,204.03,0,1
674.90,57,0.0000,0.0000,0.000,1.000,0.0,0.0167,1.0000,0.00,60,0,204.03,0,1
675.91,59,0.0000,0.0000,0.000,1.000,0.0,0.0167,1.0000,0.00,60,0,204.03,0,1
676.92,59,0.0000,0.0000,0.000,1.000,0.0,0.0167,1.0000,0.00,60,0,204.03,0,1
677.93,59,0.0000,0.0000,0.000,1.000,0.0,0.0167,1.0000,0.00,60,0,204.03,0,1
678.93,59,0.0000,0.0000,0.000,1.000,0.0,0.0167,1.0000,0.00,60,0,204.03,0,1
679.94,60,0.0000,0.0000,0.000,1.000,0.0,0.0167,1.0000,0.00,60,0,204.03,0,1
680.96,60,0.0000,0.0000,0.000,1.000,0.0,0.0167,1.0000,0.00,60,0,204.03,0,1
681.97,59,0.0000,0.0000,0.000,1.000,0.0,0.0167,1.0000,0.00,60,0,204.03,0,1
682.98,60,0.0000,0.0000,0.000,1.000,0.0,0.0167,1.0000,0.00,60,0,204.03,0,1
683.98,57,0.0000,0.0000,0.000,1.000,0.0,0.0167,1.0000,0.00,60,0,204.03,0,1
684.99,58,0.0000,0.0000,0.000,1.000,0.0,0.0167,1.0000,0.00,60,0,204.03,0,1
686.01,59,0.0000,0.0000,0.000,1.000,0.0,0.0167,1.0000,0.00,60,0,204.03,0,1
687.02,57,0.0000,0.0000,0.000,1.000,0.0,0.0167,1.0000,0.00,60,0,204.03,0,1
688.03,59,0.0000,0.0000,0.000,1.000,0.0,0.0167,1.0000,0.00,60,0,204.03,0,1
689.03,60,0.0000,0.0000,0.000,1.000,0.0,0.0167,1.0000,0.00,60,0,204.03,0,1
690.04,58,0.0000,0.0000,0.000,1.000,0.0,0.0167,1.0000,0.00,60,0,204.03,0,1
691.04,59,0.0000,0.0000,0.000,1.000,0.0,0.0167,1.0000,0.00,60,0,204.03,0,1
692.05,59,0.0000,0.0000,0.000,1.000,0.0,0.0167,1.0000,0.00,60,0,204.03,0,1
693.06,58,0.0000,0.0000,0.000,1.000,0.0,0.0167,1.0000,0.00,60,0,204.03,0,1
694.07,59,0.0000,0.0000,0.000,1.000,0.0,0.0167,1.0000,0.00,60,0,204.03,0,1
695.08,59,0.0000,0.0000,0.000,1.000,0.0,0.0167,1.0000,0.00,60,0,204.03,0,1
696.08,58,0.0000,0.0000,0.000,1.000,0.0,0.0167,1.0000,0.00,60,0,204.03,0,1
697.10,59,0.0000,0.0000,0.000,1.000,0.0,0.0167,1.0000,0.00,60,0,204.03,0,1
698.11,59,0.0000,0.0000,0.000,1.000,0.0,0.0167,1.0000,0.00,60,0,204.03,0,1
699.11,58,0.0000,0.0000,0.000,1.000,0.0,0.0167,1.0000,0.00,60,0,204.03,0,1
700.12,60,0.0000,0.0000,0.000,1.000,0.0,0.0167,1.0000,0.00,60,0,204.03,0,1
701.13,59,0.0000,0.0000,0.000,1.000,0.0,0.0167,1.0000,0.00,60,0,204.03,0,1
702.14,60,0.0000,0.0000,0.000,1.000,0.0,0.0167,1.0000,0.00,60,0,204.03,0,1
703.14,58,0.0000,0.0000,0.000,1.000,0.0,0.0167,1.0000,0.00,60,0,204.03,0,1
704.16,61,0.0000,0.0000,0.000,1.000,0.0,0.0167,1.0000,0.00,60,0,204.03,0,1
705.16,57,0.0000,0.0000,0.000,1.000,0.0,0.0167,1.0000,0.00,60,0,204.03,0,1
706.16,60,0.0000,0.0000,0.000,1.000,0.0,0.0167,1.0000,0.00,60,0,204.03,0,1
707.17,60,0.0000,0.0000,0.000,1.000,0.0,0.0167,1.0000,0.00,60,0,204.03,0,1
708.17,59,0.0000,0.0000,0.000,1.000,0.0,0.0167,1.0000,0.00,60,0,204.03,0,1
709.17,58,0.0000,0.0000,0.000,1.000,0.0,0.0167,1.0000,0.00,60,0,204.03,0,1
710.17,58,0.0000,0.0000,0.000,1.000,0.0,0.0167,1.0000,0.00,60,0,204.03,0,1
711.19,60,0.0000,0.0000,0.000,1.000,0.0,0.0167,1.0000,0.00,60,0,204.03,0,1
712.20,59,0.0000,0.0000,0.000,1.000,0.0,0.0167,1.0000,0.00,60,0,204.03,0,1
713.21,60,0.0000,0.0000,0.000,1.000,0.0,0.0167,1.0000,0.00,60,0,204.03,0,1
714.22,59,0.0000,0.0000,0.000,1.000,0.0,0.0167,1.0000,0.00,60,0,204.03,0,1
715.23,59,0.0000,0.0000,0.000,1.000,0.0,0.0167,1.0000,0.00,60,0,204.03,0,1
716.24,57,0.0000,0.0000,0.000,1.000,0.0,0.0167,1.0000,0.00,60,0,204.03,0,1
717.24,58,0.0000,0.0000,0.000,1.000,0.0,0.0167,1.0000,0.00,60,0,204.03,0,1
718.25,58,0.0000,0.0000,0.000,1.000,0.0,0.0167,1.0000,0.00,60,0,204.03,0,1
719.26,57,0.0000,0.0000,0.000,1.000,0.0,0.0167,1.0000,0.00,60,0,204.03,0,1
720.28,60,0.0000,0.0000,0.000,1.000,0.0,0.0167,1.0000,0.00,60,0,204.03,0,1
721.29,59,0.0000,0.0000,0.000,1.000,0.0,0.0167,1.0000,0.00,60,0,204.03,0,1
722.30,59,0.0000,0.0000,0.000,1.000,0.0,0.0167,1.0000,0.00,60,0,204.03,0,1
723.32,59,0.0000,0.0000,0.000,1.000,0.0,0.0167,1.0000,0.00,60,0,204.03,0,1
724.33,57,0.0000,0.0000,0.000,1.000,0.0,0.0167,1.0000,0.00,60,0,204.03,0,1
725.33,58,0.0000,0.0000,0.000,1.000,0.0,0.0167,1.0000,0.00,60,0,204.03,0,1
726.34,57,0.0000,0.0000,0.000,1.000,0.0,0.0167,1.0000,0.00,60,0,204.03,0,1
727.35,58,0.0000,0.0000,0.000,1.000,0.0,0.0167,1.0000,0.00,60,0,204.03,0,1
728.36,58,0.0000,0.0000,0.000,1.000,0.0,0.0167,1.0000,0.00,60,0,204.03,0,1
729.37,59,0.0000,0.0000,0.000,1.000,0.0,0.0167,1.0000,0.00,60,0,204.03,0,1
730.37,58,0.0000,0.0000,0.000,1.000,0.0,0.0167,1.0000,0.00,60,0,204.03,0,1
731.38,58,0.0000,0.0000,0.000,1.000,0.0,0.0167,1.0000,0.00,60,0,204.03,0,1
732.38,57,0.0000,0.0000,0.000,1.000,0.0,0.0167,1.0000,0.00,60,0,204.03,0,1
733.39,57,0.0000,0.0000,0.000,1.000,0.0,0.0167,1.0000,0.00,60,0,204.03,0,1
734.40,59,0.0000,0.0000,0.000,1.000,0.0,0.0167,1.0000,0.00,60,0,204.03,0,1
735.41,59,0.0000,0.0000,0.000,1.000,0.0,0.0167,1.0000,0.00,60,0,204.03,0,1
736.42,58,0.0000,0.0000,0.000,1.000,0.0,0.0167,1.0000,0.00,60,0,204.03,0,1
737.43,55,0.0000,0.0000,0.000,1.000,0.0,0.0167,1.0000,0.00,60,0,204.03,0,1
738.45,58,0.0000,0.0000,0.000,1.000,0.0,0.0167,1.0000,0.00,60,0,204.03,0,1
739.46,58,0.0000,0.0000,0.000,1.000,0.0,0.0167,1.0000,0.00,60,0,204.03,0,1
740.46,58,0.0000,0.0000,0.000,1.000,0.0,0.0167,1.0000,0.00,60,0,204.03,0,1
741.48,58,0.0000,0.0000,0.000,1.000,0.0,0.0167,1.0000,0.00,60,0,204.03,0,1
742.49,59,0.0000,0.0000,0.000,1.000,0.0,0.0167,1.0000,0.00,60,0,204.03,0,1
743.49,60,0.0000,0.0000,0.000,1.000,0.0,0.0167,1.0000,0.00,60,0,204.03,0,1
744.50,57,0.0000,0.0000,0.000,1.000,0.0,0.0167,1.0000,0.00,60,0,204.03,0,1
745.51,60,0.0000,0.0000,0.000,1.000,0.0,0.0167,1.0000,0.00,60,0,204.03,0,1
746.51,59,0.0000,0.0000,0.000,1.000,0.0,0.0167,1.0000,0.00,60,0,204.03,0,1
747.52,57,0.0000,0.0000,0.000,1.000,0.0,0.0167,1.0000,0.00,60,0,204.03,0,1
748.53,58,0.0000,0.0000,0.000,1.000,0.0,0.0167,1.0000,0.00,60,0,204.03,0,1
749.54,60,0.0000,0.0000,0.000,1.000,0.0,0.0167,1.0000,0.00,60,0,204.03,0,1
750.56,60,0.0000,0.0000,0.000,1.000,0.0,0.0167,1.0000,0.00,60,0,204.03,0,1
751.56,60,0.0000,0.0000,0.000,1.000,0.0,0.0167,1.0000,0.00,60,0,204.03,0,1
752.56,59,0.0000,0.0000,0.000,1.000,0.0,0.0167,1.0000,0.00,60,0,204.03,0,1
753.58,59,0.0000,0.0000,0.000,1.000,0.0,0.0167,1.0000,0.00,60,0,204.03,0,1
754.58,59,0.0000,0.0000,0.000,1.000,0.0,0.0167,1.0000,0.00,60,0,204.03,0,1
755.60,61,0.0000,0.0000,0.000,1.000,0.0,0.0167,1.0000,0.00,60,0,204.03,0,1
756.61,60,0.0000,0.0000,0.000,1.000,0.0,0.0167,1.0000,0.00,60,0,204.03,0,1
757.61,60,0.0000,0.0000,0.000,1.000,0.0,0.0167,1.0000,0.00,60,0,204.03,0,1
758.62,60,0.0000,0.0000,0.000,1.000,0.0,0.0167,1.0000,0.00,60,0,204.03,0,1
759.63,61,0.0000,0.0000,0.000,1.000,0.0,0.0167,1.0000,0.00,60,0,204.03,0,1
760.64,61,0.0000,0.0000,0.000,1.000,0.0,0.0167,1.0000,0.00,60,0,204.03,0,1
761.67,41,0.0000,0.0000,0.000,1.000,0.0,0.0167,1.0000,0.00,60,0,204.03,0,1
762.69,21,0.0000,0.0000,0.000,1.000,0.0,0.0167,1.0000,0.00,60,0,204.03,0,1
763.70,26,0.0000,0.0000,0.000,1.000,0.0,0.0167,1.0000,0.00,60,0,204.03,0,1
764.72,51,0.0000,0.0000,0.000,1.000,0.0,0.0167,1.0000,0.00,60,0,204.03,0,1
765.73,59,0.0000,0.0000,0.000,1.000,0.0,0.0167,1.0000,0.00,60,0,204.03,0,1
766.75,60,0.0000,0.0000,0.000,1.000,0.0,0.0167,1.0000,0.00,60,0,204.03,0,1
767.76,59,0.0000,0.0000,0.000,1.000,0.0,0.0167,1.0000,0.00,60,0,204.03,0,1
768.78,60,0.0000,0.0000,0.000,1.000,0.0,0.0167,1.0000,0.00,60,0,204.03,0,1
769.79,60,0.0000,0.0000,0.000,1.000,0.0,0.0167,1.0000,0.00,60,0,204.03,0,1
770.80,57,0.0000,0.0000,0.000,1.000,0.0,0.0167,1.0000,0.00,60,0,204.03,0,1
771.83,58,0.0000,0.0000,0.000,1.000,0.0,0.0167,1.0000,0.00,60,0,204.03,0,1
772.84,58,0.0000,0.0000,0.000,1.000,0.0,0.0167,1.0000,0.00,60,0,204.03,0,1
773.85,58,0.0000,0.0000,0.000,1.000,0.0,0.0167,1.0000,0.00,60,0,204.03,0,1
774.86,57,0.0000,0.0000,0.000,1.000,0.0,0.0167,1.0000,0.00,60,0,204.03,0,1
775.88,58,0.0000,0.0000,0.000,1.000,0.0,0.0167,1.0000,0.00,60,0,204.03,0,1
776.88,59,0.0000,0.0000,0.000,1.000,0.0,0.0167,1.0000,0.00,60,0,204.03,0,1
777.89,57,0.0000,0.0000,0.000,1.000,0.0,0.0167,1.0000,0.00,60,0,204.03,0,1
778.90,56,0.0000,0.0000,0.000,1.000,0.0,0.0167,1.0000,0.00,60,0,204.03,0,1
779.90,58,0.0000,0.0000,0.000,1.000,0.0,0.0167,1.0000,0.00,60,0,204.03,0,1
780.91,58,0.0000,0.0000,0.000,1.000,0.0,0.0167,1.0000,0.00,60,0,204.03,0,1
781.91,58,0.0000,0.0000,0.000,1.000,0.0,0.0167,1.0000,0.00,60,0,204.03,0,1
782.93,61,0.0000,0.0000,0.000,1.000,0.0,0.0167,1.0000,0.00,60,0,204.03,0,1
783.93,58,0.0000,0.0000,0.000,1.000,0.0,0.0167,1.0000,0.00,60,0,204.03,0,1
784.93,57,0.0000,0.0000,0.000,1.000,0.0,0.0167,1.0000,0.00,60,0,204.03,0,1
785.93,57,0.0000,0.0000,0.000,1.000,0.0,0.0167,1.0000,0.00,60,0,204.03,0,1
786.95,58,0.0000,0.0000,0.000,1.000,0.0,0.0167,1.0000,0.00,60,0,204.03,0,1
787.95,58,0.0000,0.0000,0.000,1.000,0.0,0.0167,1.0000,0.00,60,0,204.03,0,1
788.95,55,0.0000,0.0000,0.000,1.000,0.0,0.0167,1.0000,0.00,60,0,204.03,0,1
789.96,58,0.0000,0.0000,0.000,1.000,0.0,0.0167,1.0000,0.00,60,0,204.03,0,1
790.98,59,0.0000,0.0000,0.000,1.000,0.0,0.0167,1.0000,0.00,60,0,204.03,0,1
791.99,59,0.0000,0.0000,0.000,1.000,0.0,0.0167,1.0000,0.00,60,0,204.03,0,1
793.00,59,0.0000,0.0000,0.000,1.000,0.0,0.0167,1.0000,0.00,60,0,204.03,0,1
794.01,59,0.0000,0.0000,0.000,1.000,0.0,0.0167,1.0000,0.00,60,0,204.03,0,1
795.02,59,0.0000,0.0000,0.000,1.000,0.0,0.0167,1.0000,0.00,60,0,204.03,0,1
796.04,59,0.0000,0.0000,0.000,1.000,0.0,0.0167,1.0000,0.00,60,0,204.03,0,1
797.04,59,0.0000,0.0000,0.000,1.000,0.0,0.0167,1.0000,0.00,60,0,204.03,0,1
798.05,57,0.0000,0.0000,0.000,1.000,0.0,0.0167,1.0000,0.00,60,0,204.03,0,1
799.06,58,0.0000,0.0000,0.000,1.000,0.0,0.0167,1.0000,0.00,60,0,204.03,0,1
800.08,58,0.0000,0.0000,0.000,1.000,0.0,0.0167,1.0000,0.00,60,0,204.03,0,1
801.08,58,0.0000,0.0000,0.000,1.000,0.0,0.0167,1.0000,0.00,60,0,204.03,0,1
802.08,58,0.0000,0.0000,0.000,1.000,0.0,0.0167,1.0000,0.00,60,0,204.03,0,1
803.09,57,0.0000,0.0000,0.000,1.000,0.0,0.0167,1.0000,0.00,60,0,204.03,0,1
804.09,58,0.0000,0.0000,0.000,1.000,0.0,0.0167,1.0000,0.00,60,0,204.03,0,1
805.10,57,0.0000,0.0000,0.000,1.000,0.0,0.0167,1.0000,0.00,60,0,204.03,0,1
806.11,58,0.0000,0.0000,0.000,1.000,0.0,0.0167,1.0000,0.00,60,0,204.03,0,1
807.12,59,0.0000,0.0000,0.000,1.000,0.0,0.0167,1.0000,0.00,60,0,204.03,0,1
808.14,58,0.0000,0.0000,0.000,1.000,0.0,0.0167,1.0000,0.00,60,0,204.03,0,1
809.15,59,0.0000,0.0000,0.000,1.000,0.0,0.0167,1.0000,0.00,60,0,204.03,0,1
810.16,58,0.0000,0.0000,0.000,1.000,0.0,0.0167,1.0000,0.00,60,0,204.03,0,1
811.16,58,0.0000,0.0000,0.000,1.000,0.0,0.0167,1.0000,0.00,60,0,204.03,0,1
812.16,58,0.0000,0.0000,0.000,1.000,0.0,0.0167,1.0000,0.00,60,0,204.03,0,1
813.16,57,0.0000,0.0000,0.000,1.000,0.0,0.0167,1.0000,0.00,60,0,204.03,0,1
814.16,59,0.0000,0.0000,0.000,1.000,0.0,0.0167,1.0000,0.00,60,0,204.03,0,1
815.17,58,0.0000,0.0000,0.000,1.000,0.0,0.0167,1.0000,0.00,60,0,204.03,0,1
816.17,57,0.0000,0.0000,0.000,1.000,0.0,0.0167,1.0000,0.00,60,0,204.03,0,1
817.18,58,0.0000,0.0000,0.000,1.000,0.0,0.0167,1.0000,0.00,60,0,204.03,0,1
818.19,57,0.0000,0.0000,0.000,1.000,0.0,0.0167,1.0000,0.00,60,0,204.03,0,1
819.20,58,0.0000,0.0000,0.000,1.000,0.0,0.0167,1.0000,0.00,60,0,204.03,0,1
820.20,57,0.0000,0.0000,0.000,1.000,0.0,0.0167,1.0000,0.00,60,0,204.03,0,1
821.21,57,0.0000,0.0000,0.000,1.000,0.0,0.0167,1.0000,0.00,60,0,204.03,0,1
822.22,59,0.0000,0.0000,0.000,1.000,0.0,0.0167,1.0000,0.00,60,0,204.03,0,1
823.23,57,0.0000,0.0000,0.000,1.000,0.0,0.0167,1.0000,0.00,60,0,204.03,0,1
824.23,60,0.0000,0.0000,0.000,1.000,0.0,0.0167,1.0000,0.00,60,0,204.03,0,1
825.25,60,0.0000,0.0000,0.000,1.000,0.0,0.0167,1.0000,0.00,60,0,204.03,0,1
826.25,57,0.0000,0.0000,0.000,1.000,0.0,0.0167,1.0000,0.00,60,0,204.03,0,1
827.27,59,0.0000,0.0000,0.000,1.000,0.0,0.0167,1.0000,0.00,60,0,204.03,0,1
828.27,57,0.0000,0.0000,0.000,1.000,0.0,0.0167,1.0000,0.00,60,0,204.03,0,1
829.27,55,0.0000,0.0000,0.000,1.000,0.0,0.0167,1.0000,0.00,60,0,204.03,0,1
830.28,57,0.0000,0.0000,0.000,1.000,0.0,0.0167,1.0000,0.00,60,0,204.03,0,1
831.28,58,0.0000,0.0000,0.000,1.000,0.0,0.0167,1.0000,0.00,60,0,204.03,0,1
832.29,59,0.0000,0.0000,0.000,1.000,0.0,0.0167,1.0000,0.00,60,0,204.03,0,1
833.30,58,0.0000,0.0000,0.000,1.000,0.0,0.0167,1.0000,0.00,60,0,204.03,0,1
834.31,59,0.0000,0.0000,0.000,1.000,0.0,0.0167,1.0000,0.00,60,0,204.03,0,1
835.31,59,0.0000,0.0000,0.000,1.000,0.0,0.0167,1.0000,0.00,60,0,204.03,0,1
836.32,58,0.0000,0.0000,0.000,1.000,0.0,0.0167,1.0000,0.00,60,0,204.03,0,1
837.33,60,0.0000,0.0000,0.000,1.000,0.0,0.0167,1.0000,0.00,60,0,204.03,0,1
838.35,58,0.0000,0.0000,0.000,1.000,0.0,0.0167,1.0000,0.00,60,0,204.03,0,1
839.36,59,0.0000,0.0000,0.000,1.000,0.0,0.0167,1.0000,0.00,60,0,204.03,0,1
840.37,54,0.0000,0.0000,0.000,1.000,0.0,0.0167,1.0000,0.00,60,0,204.03,0,1
841.42,55,0.0000,0.0000,0.000,1.000,0.0,0.0167,1.0000,0.00,60,0,204.03,0,1
842.42,30,0.0000,0.0000,0.000,1.000,0.0,0.0167,1.0000,0.00,60,0,204.03,0,1
843.43,33,0.0000,0.0000,0.000,1.000,0.0,0.0167,1.0000,0.00,60,0,204.03,0,1
844.45,55,0.0000,0.0000,0.000,1.000,0.0,0.0167,1.0000,0.00,60,0,204.03,0,1
845.46,53,0.0000,0.0000,0.000,1.000,0.0,0.0167,1.0000,0.00,60,0,204.03,0,1
846.46,52,0.0000,0.0000,0.000,1.000,0.0,0.0167,1.0000,0.00,60,0,204.03,0,1
847.48,53,0.0000,0.0000,0.000,1.000,0.0,0.0167,1.0000,0.00,60,0,204.03,0,1
848.49,53,0.0000,0.0000,0.000,1.000,0.0,0.0167,1.0000,0.00,60,0,204.03,0,1
849.50,53,0.0000,0.0000,0.000,1.000,0.0,0.0167,1.0000,0.00,60,0,204.03,0,1
850.51,53,0.0000,0.0000,0.000,1.000,0.0,0.0167,1.0000,0.00,60,0,204.03,0,1
851.52,53,0.0000,0.0000,0.000,1.000,0.0,0.0167,1.0000,0.00,60,0,204.03,0,1
852.53,53,0.0000,0.0000,0.000,1.000,0.0,0.0167,1.0000,0.00,60,0,204.03,0,1
853.55,52,0.0000,0.0000,0.000,1.000,0.0,0.0167,1.0000,0.00,60,0,204.03,0,1
854.56,52,0.0000,0.0000,0.000,1.000,0.0,0.0167,1.0000,0.00,60,0,204.03,0,1
855.58,53,0.0000,0.0000,0.000,1.000,0.0,0.0167,1.0000,0.00,60,0,204.03,0,1
856.60,54,0.0000,0.0000,0.000,1.000,0.0,0.0167,1.0000,0.00,60,0,204.03,0,1
857.61,53,0.0000,0.0000,0.000,1.000,0.0,0.0167,1.0000,0.00,60,0,204.03,0,1
858.61,51,0.0000,0.0000,0.000,1.000,0.0,0.0167,1.0000,0.00,60,0,204.03,0,1
859.63,53,0.0000,0.0000,0.000,1.000,0.0,0.0167,1.0000,0.00,60,0,204.03,0,1
860.64,53,0.0000,0.0000,0.000,1.000,0.0,0.0167,1.0000,0.00,60,0,204.03,0,1
861.64,53,0.0000,0.0000,0.000,1.000,0.0,0.0167,1.0000,0.00,60,0,204.03,0,1
862.65,51,0.0000,0.0000,0.000,1.000,0.0,0.0167,1.0000,0.00,60,0,204.03,0,1
863.66,52,0.0000,0.0000,0.000,1.000,0.0,0.0167,1.0000,0.00,60,0,204.03,0,1
864.67,54,0.0000,0.0000,0.000,1.000,0.0,0.0167,1.0000,0.00,60,0,204.03,0,1
865.67,52,0.0000,0.0000,0.000,1.000,0.0,0.0167,1.0000,0.00,60,0,204.03,0,1
866.68,52,0.0000,0.0000,0.000,1.000,0.0,0.0167,1.0000,0.00,60,0,204.03,0,1
867.70,52,0.0000,0.0000,0.000,1.000,0.0,0.0167,1.0000,0.00,60,0,204.03,0,1
868.70,52,0.0000,0.0000,0.000,1.000,0.0,0.0167,1.0000,0.00,60,0,204.03,0,1
869.71,53,0.0000,0.0000,0.000,1.000,0.0,0.0167,1.0000,0.00,60,0,204.03,0,1
870.73,52,0.0000,0.0000,0.000,1.000,0.0,0.0167,1.0000,0.00,60,0,204.03,0,1
871.74,53,0.0000,0.0000,0.000,1.000,0.0,0.0167,1.0000,0.00,60,0,204.03,0,1
872.74,52,0.0000,0.0000,0.000,1.000,0.0,0.0167,1.0000,0.00,60,0,204.03,0,1
873.75,53,0.0000,0.0000,0.000,1.000,0.0,0.0167,1.0000,0.00,60,0,204.03,0,1
874.78,53,0.0000,0.0000,0.000,1.000,0.0,0.0167,1.0000,0.00,60,0,204.03,0,1
875.79,53,0.0000,0.0000,0.000,1.000,0.0,0.0167,1.0000,0.00,60,0,204.03,0,1
876.81,53,0.0000,0.0000,0.000,1.000,0.0,0.0167,1.0000,0.00,60,0,204.03,0,1
877.82,53,0.0000,0.0000,0.000,1.000,0.0,0.0167,1.0000,0.00,60,0,204.03,0,1
878.84,52,0.0000,0.0000,0.000,1.000,0.0,0.0167,1.0000,0.00,60,0,204.03,0,1
879.85,52,0.0000,0.0000,0.000,1.000,0.0,0.0167,1.0000,0.00,60,0,204.03,0,1
880.85,52,0.0000,0.0000,0.000,1.000,0.0,0.0167,1.0000,0.00,60,0,204.03,0,1
881.87,52,0.0000,0.0000,0.000,1.000,0.0,0.0167,1.0000,0.00,60,0,204.03,0,1
882.88,52,0.0000,0.0000,0.000,1.000,0.0,0.0167,1.0000,0.00,60,0,204.03,0,1
883.91,52,0.0000,0.0000,0.000,1.000,0.0,0.0167,1.0000,0.00,60,0,204.03,0,1
884.92,49,0.0000,0.0000,0.000,1.000,0.0,0.0167,1.0000,0.00,60,0,204.03,0,1
885.92,52,0.0000,0.0000,0.000,1.000,0.0,0.0167,1.0000,0.00,60,0,204.03,0,1
886.94,53,0.0000,0.0000,0.000,1.000,0.0,0.0167,1.0000,0.00,60,0,204.03,0,1
887.95,53,0.0000,0.0000,0.000,1.000,0.0,0.0167,1.0000,0.00,60,0,204.03,0,1
888.96,53,0.0000,0.0000,0.000,1.000,0.0,0.0167,1.0000,0.00,60,0,204.03,0,1
890.00,54,0.0000,0.0000,0.000,1.000,0.0,0.0167,1.0000,0.00,60,0,204.03,0,1
891.02,54,0.0000,0.0000,0.000,1.000,0.0,0.0167,1.0000,0.00,60,0,204.03,0,1
892.03,53,0.0000,0.0000,0.000,1.000,0.0,0.0167,1.0000,0.00,60,0,204.03,0,1
893.04,52,0.0000,0.0000,0.000,1.000,0.0,0.0167,1.0000,0.00,60,0,204.03,0,1
894.04,52,0.0000,0.0000,0.000,1.000,0.0,0.0167,1.0000,0.00,60,0,204.03,0,1
895.06,52,0.0000,0.0000,0.000,1.000,0.0,0.0167,1.0000,0.00,60,0,204.03,0,1
896.07,50,0.0000,0.0000,0.000,1.000,0.0,0.0167,1.0000,0.00,60,0,204.03,0,1
897.08,52,0.0000,0.0000,0.000,1.000,0.0,0.0167,1.0000,0.00,60,0,204.03,0,1
898.09,52,0.0000,0.0000,0.000,1.000,0.0,0.0167,1.0000,0.00,60,0,204.03,0,1
899.10,51,0.0000,0.0000,0.000,1.000,0.0,0.0167,1.0000,0.00,60,0,204.03,0,1
900.11,52,0.0000,0.0000,0.000,1.000,0.0,0.0167,1.0000,0.00,60,0,204.03,0,1
901.12,52,0.0000,0.0000,0.000,1.000,0.0,0.0167,1.0000,0.00,60,0,204.03,0,1
902.12,52,0.0000,0.0000,0.000,1.000,0.0,0.0167,1.0000,0.00,60,0,204.03,0,1
903.14,52,0.0000,0.0000,0.000,1.000,0.0,0.0167,1.0000,0.00,60,0,204.03,0,1
904.15,53,0.0000,0.0000,0.000,1.000,0.0,0.0167,1.0000,0.00,60,0,204.03,0,1
905.15,52,0.0000,0.0000,0.000,1.000,0.0,0.0167,1.0000,0.00,60,0,204.03,0,1
906.16,53,0.0000,0.0000,0.000,1.000,0.0,0.0167,1.0000,0.00,60,0,204.03,0,1
907.17,53,0.0000,0.0000,0.000,1.000,0.0,0.0167,1.0000,0.00,60,0,204.03,0,1
908.18,54,0.0000,0.0000,0.000,1.000,0.0,0.0167,1.0000,0.00,60,0,204.03,0,1
909.20,53,0.0000,0.0000,0.000,1.000,0.0,0.0167,1.0000,0.00,60,0,204.03,0,1
910.21,53,0.0000,0.0000,0.000,1.000,0.0,0.0167,1.0000,0.00,60,0,204.03,0,1
911.23,52,0.0000,0.0000,0.000,1.000,0.0,0.0167,1.0000,0.00,60,0,204.03,0,1
912.23,52,0.0000,0.0000,0.000,1.000,0.0,0.0167,1.0000,0.00,60,0,204.03,0,1
913.24,50,0.0000,0.0000,0.000,1.000,0.0,0.0167,1.0000,0.00,60,0,204.03,0,1
914.27,50,0.0000,0.0000,0.000,1.000,0.0,0.0167,1.0000,0.00,60,0,204.03,0,1
915.30,50,0.0000,0.0000,0.000,1.000,0.0,0.0167,1.0000,0.00,60,0,204.03,0,1
916.30,51,0.0000,0.0000,0.000,1.000,0.0,0.0167,1.0000,0.00,60,0,204.03,0,1
917.31,54,0.0000,0.0000,0.000,1.000,0.0,0.0167,1.0000,0.00,60,0,204.03,0,1
918.32,51,0.0000,0.0000,0.000,1.000,0.0,0.0167,1.0000,0.00,60,0,204.03,0,1
919.33,51,0.0000,0.0000,0.000,1.000,0.0,0.0167,1.0000,0.00,60,0,204.03,0,1
920.34,53,0.0000,0.0000,0.000,1.000,0.0,0.0167,1.0000,0.00,60,0,204.03,0,1
921.35,52,0.0000,0.0000,0.000,1.000,0.0,0.0167,1.0000,0.00,60,0,204.03,0,1
922.37,54,0.0000,0.0000,0.000,1.000,0.0,0.0167,1.0000,0.00,60,0,204.03,0,1
923.37,54,0.0000,0.0000,0.000,1.000,0.0,0.0167,1.0000,0.00,60,0,204.03,0,1
924.38,54,0.0000,0.0000,0.000,1.000,0.0,0.0167,1.0000,0.00,60,0,204.03,0,1
925.40,55,0.0000,0.0000,0.000,1.000,0.0,0.0167,1.0000,0.00,60,0,204.03,0,1
926.40,54,0.0000,0.0000,0.000,1.000,0.0,0.0167,1.0000,0.00,60,0,204.03,0,1
927.43,56,0.0000,0.0000,0.000,1.000,0.0,0.0167,1.0000,0.00,60,0,204.03,0,1
928.44,54,0.0000,0.0000,0.000,1.000,0.0,0.0167,1.0000,0.00,60,0,204.03,0,1
929.45,54,0.0000,0.0000,0.000,1.000,0.0,0.0167,1.0000,0.00,60,0,204.03,0,1
930.46,55,0.0000,0.0000,0.000,1.000,0.0,0.0167,1.0000,0.00,60,0,204.03,0,1
931.47,55,0.0000,0.0000,0.000,1.000,0.0,0.0167,1.0000,0.00,60,0,204.03,0,1
932.48,55,0.0000,0.0000,0.000,1.000,0.0,0.0167,1.0000,0.00,60,0,204.03,0,1
933.48,54,0.0000,0.0000,0.000,1.000,0.0,0.0167,1.0000,0.00,60,0,204.03,0,1
934.49,55,0.0000,0.0000,0.000,1.000,0.0,0.0167,1.0000,0.00,60,0,204.03,0,1
935.51,53,0.0000,0.0000,0.000,1.000,0.0,0.0167,1.0000,0.00,60,0,204.03,0,1
936.52,54,0.0000,0.0000,0.000,1.000,0.0,0.0167,1.0000,0.00,60,0,204.03,0,1
937.53,55,0.0000,0.0000,0.000,1.000,0.0,0.0167,1.0000,0.00,60,0,204.03,0,1
938.53,54,0.0000,0.0000,0.000,1.000,0.0,0.0167,1.0000,0.00,60,0,204.03,0,1
939.57,53,0.0000,0.0000,0.000,1.000,0.0,0.0167,1.0000,0.00,60,0,204.03,0,1
940.58,55,0.0000,0.0000,0.000,1.000,0.0,0.0167,1.0000,0.00,60,0,204.03,0,1
941.58,54,0.0000,0.0000,0.000,1.000,0.0,0.0167,1.0000,0.00,60,0,204.03,0,1
942.59,55,0.0000,0.0000,0.000,1.000,0.0,0.0167,1.0000,0.00,60,0,204.03,0,1
943.61,55,0.0000,0.0000,0.000,1.000,0.0,0.0167,1.0000,0.00,60,0,204.03,0,1
944.61,53,0.0000,0.0000,0.000,1.000,0.0,0.0167,1.0000,0.00,60,0,204.03,0,1
945.63,55,0.0000,0.0000,0.000,1.000,0.0,0.0167,1.0000,0.00,60,0,204.03,0,1
946.64,55,0.0000,0.0000,0.000,1.000,0.0,0.0167,1.0000,0.00,60,0,204.03,0,1
947.68,55,0.0000,0.0000,0.000,1.000,0.0,0.0167,1.0000,0.00,60,0,204.03,0,1
948.69,57,0.0000,0.0000,0.000,1.000,0.0,0.0167,1.0000,0.00,60,0,204.03,0,1
949.71,55,0.0000,0.0000,0.000,1.000,0.0,0.0167,1.0000,0.00,60,0,204.03,0,1
950.72,54,0.0000,0.0000,0.000,1.000,0.0,0.0167,1.0000,0.00,60,0,204.03,0,1
951.73,50,0.0000,0.0000,0.000,1.000,0.0,0.0167,1.0000,0.00,60,0,204.03,0,1
952.74,54,0.0000,0.0000,0.000,1.000,0.0,0.0167,1.0000,0.00,60,0,204.03,0,1
953.74,53,0.0000,0.0000,0.000,1.000,0.0,0.0167,1.0000,0.00,60,0,204.03,0,1
954.74,54,0.0000,0.0000,0.000,1.000,0.0,0.0167,1.0000,0.00,60,0,204.03,0,1
955.76,54,0.0000,0.0000,0.000,1.000,0.0,0.0167,1.0000,0.00,60,0,204.03,0,1
956.77,57,0.0000,0.0000,0.000,1.000,0.0,0.0167,1.0000,0.00,60,0,204.03,0,1
957.78,55,0.0000,0.0000,0.000,1.000,0.0,0.0167,1.0000,0.00,60,0,204.03,0,1
958.79,56,0.0000,0.0000,0.000,1.000,0.0,0.0167,1.0000,0.00,60,0,204.03,0,1
959.80,53,0.0000,0.0000,0.000,1.000,0.0,0.0167,1.0000,0.00,60,0,204.03,0,1
960.80,56,0.0000,0.0000,0.000,1.000,0.0,0.0167,1.0000,0.00,60,0,204.03,0,1
961.81,53,0.0000,0.0000,0.000,1.000,0.0,0.0167,1.0000,0.00,60,0,204.03,0,1
962.82,55,0.0000,0.0000,0.000,1.000,0.0,0.0167,1.0000,0.00,60,0,204.03,0,1
963.84,56,0.0000,0.0000,0.000,1.000,0.0,0.0167,1.0000,0.00,60,0,204.03,0,1
964.85,56,0.0000,0.0000,0.000,1.000,0.0,0.0167,1.0000,0.00,60,0,204.03,0,1
965.85,54,0.0000,0.0000,0.000,1.000,0.0,0.0167,1.0000,0.00,60,0,204.03,0,1
966.85,55,0.0000,0.0000,0.000,1.000,0.0,0.0167,1.0000,0.00,60,0,204.03,0,1
967.88,57,0.0000,0.0000,0.000,1.000,0.0,0.0167,1.0000,0.00,60,0,204.03,0,1
968.91,56,0.0000,0.0000,0.000,1.000,0.0,0.0167,1.0000,0.00,60,0,204.03,0,1
969.91,57,0.0000,0.0000,0.000,1.000,0.0,0.0167,1.0000,0.00,60,0,204.03,0,1
970.93,56,0.0000,0.0000,0.000,1.000,0.0,0.0167,1.0000,0.00,60,0,204.03,0,1
971.94,54,0.0000,0.0000,0.000,1.000,0.0,0.0167,1.0000,0.00,60,0,204.03,0,1
972.94,55,0.0000,0.0000,0.000,1.000,0.0,0.0167,1.0000,0.00,60,0,204.03,0,1
973.94,54,0.0000,0.0000,0.000,1.000,0.0,0.0167,1.0000,0.00,60,0,204.03,0,1
974.96,54,0.0000,0.0000,0.000,1.000,0.0,0.0167,1.0000,0.00,60,0,204.03,0,1
975.96,55,0.0000,0.0000,0.000,1.000,0.0,0.0167,1.0000,0.00,60,0,204.03,0,1
976.97,57,0.0000,0.0000,0.000,1.000,0.0,0.0167,1.0000,0.00,60,0,204.03,0,1
977.98,56,0.0000,0.0000,0.000,1.000,0.0,0.0167,1.0000,0.00,60,0,204.03,0,1
978.98,53,0.0000,0.0000,0.000,1.000,0.0,0.0167,1.0000,0.00,60,0,204.03,0,1
979.99,55,0.0000,0.0000,0.000,1.000,0.0,0.0167,1.0000,0.00,60,0,204.03,0,1
980.99,54,0.0000,0.0000,0.000,1.000,0.0,0.0167,1.0000,0.00,60,0,204.03,0,1
982.00,56,0.0000,0.0000,0.000,1.000,0.0,0.0167,1.0000,0.00,60,0,204.03,0,1
983.01,55,0.0000,0.0000,0.000,1.000,0.0,0.0167,1.0000,0.00,60,0,204.03,0,1
984.01,55,0.0000,0.0000,0.000,1.000,0.0,0.0167,1.0000,0.00,60,0,204.03,0,1
985.02,56,0.0000,0.0000,0.000,1.000,0.0,0.0167,1.0000,0.00,60,0,204.03,0,1
986.02,55,0.0000,0.0000,0.000,1.000,0.0,0.0167,1.0000,0.00,60,0,204.03,0,1
987.04,55,0.0000,0.0000,0.000,1.000,0.0,0.0167,1.0000,0.00,60,0,204.03,0,1
988.05,54,0.0000,0.0000,0.000,1.000,0.0,0.0167,1.0000,0.00,60,0,204.03,0,1
989.06,55,0.0000,0.0000,0.000,1.000,0.0,0.0167,1.0000,0.00,60,0,204.03,0,1
990.06,56,0.0000,0.0000,0.000,1.000,0.0,0.0167,1.0000,0.00,60,0,204.03,0,1
991.09,57,0.0000,0.0000,0.000,1.000,0.0,0.0167,1.0000,0.00,60,0,204.03,0,1
992.10,53,0.0000,0.0000,0.000,1.000,0.0,0.0167,1.0000,0.00,60,0,204.03,0,1
993.12,56,0.0000,0.0000,0.000,1.000,0.0,0.0167,1.0000,0.00,60,0,204.03,0,1
994.13,56,0.0000,0.0000,0.000,1.000,0.0,0.0167,1.0000,0.00,60,0,204.03,0,1
995.14,57,0.0000,0.0000,0.000,1.000,0.0,0.0167,1.0000,0.00,60,0,204.03,0,1
996.14,54,0.0000,0.0000,0.000,1.000,0.0,0.0167,1.0000,0.00,60,0,204.03,0,1
997.17,54,0.0000,0.0000,0.000,1.000,0.0,0.0167,1.0000,0.00,60,0,204.03,0,1
998.19,56,0.0000,0.0000,0.000,1.000,0.0,0.0167,1.0000,0.00,60,0,204.03,0,1
999.20,56,0.0000,0.0000,0.000,1.000,0.0,0.0167,1.0000,0.00,60,0,204.03,0,1
1000.20,54,0.0000,0.0000,0.000,1.000,0.0,0.0167,1.0000,0.00,60,0,204.03,0,1
1001.22,53,0.0000,0.0000,0.000,1.000,0.0,0.0167,1.0000,0.00,60,0,204.03,0,1
1002.24,55,0.0000,0.0000,0.000,1.000,0.0,0.0167,1.0000,0.00,60,0,204.03,0,1
1003.25,55,0.0000,0.0000,0.000,1.000,0.0,0.0167,1.0000,0.00,60,0,204.03,0,1
1004.26,55,0.0000,0.0000,0.000,1.000,0.0,0.0167,1.0000,0.00,60,0,204.03,0,1
1005.27,54,0.0000,0.0000,0.000,1.000,0.0,0.0167,1.0000,0.00,60,0,204.03,0,1
1006.29,56,0.0000,0.0000,0.000,1.000,0.0,0.0167,1.0000,0.00,60,0,204.03,0,1
1007.30,56,0.0000,0.0000,0.000,1.000,0.0,0.0167,1.0000,0.00,60,0,204.03,0,1
1008.30,56,0.0000,0.0000,0.000,1.000,0.0,0.0167,1.0000,0.00,60,0,204.03,0,1
1009.31,57,0.0000,0.0000,0.000,1.000,0.0,0.0167,1.0000,0.00,60,0,204.03,0,1
1010.33,55,0.0000,0.0000,0.000,1.000,0.0,0.0167,1.0000,0.00,60,0,204.03,0,1
1011.35,54,0.0000,0.0000,0.000,1.000,0.0,0.0167,1.0000,0.00,60,0,204.03,0,1
1012.37,55,0.0000,0.0000,0.000,1.000,0.0,0.0167,1.0000,0.00,60,0,204.03,0,1
1013.38,54,0.0000,0.0000,0.000,1.000,0.0,0.0167,1.0000,0.00,60,0,204.03,0,1
1014.38,55,0.0000,0.0000,0.000,1.000,0.0,0.0167,1.0000,0.00,60,0,204.03,0,1
1015.39,52,0.0000,0.0000,0.000,1.000,0.0,0.0167,1.0000,0.00,60,0,204.03,0,1
1016.40,53,0.0000,0.0000,0.000,1.000,0.0,0.0167,1.0000,0.00,60,0,204.03,0,1
1017.41,54,0.0000,0.0000,0.000,1.000,0.0,0.0167,1.0000,0.00,60,0,204.03,0,1
1018.42,55,0.0000,0.0000,0.000,1.000,0.0,0.0167,1.0000,0.00,60,0,204.03,0,1
1019.44,54,0.0000,0.0000,0.000,1.000,0.0,0.0167,1.0000,0.00,60,0,204.03,0,1
1020.45,55,0.0000,0.0000,0.000,1.000,0.0,0.0167,1.0000,0.00,60,0,204.03,0,1
1021.46,54,0.0000,0.0000,0.000,1.000,0.0,0.0167,1.0000,0.00,60,0,204.03,0,1
1022.47,55,0.0000,0.0000,0.000,1.000,0.0,0.0167,1.0000,0.00,60,0,204.03,0,1
1023.47,53,0.0000,0.0000,0.000,1.000,0.0,0.0167,1.0000,0.00,60,0,204.03,0,1
1024.47,53,0.0000,0.0000,0.000,1.000,0.0,0.0167,1.0000,0.00,60,0,204.03,0,1
1025.48,54,0.0000,0.0000,0.000,1.000,0.0,0.0167,1.0000,0.00,60,0,204.03,0,1
1026.49,53,0.0000,0.0000,0.000,0.999,0.0,0.0167,1.0000,0.00,60,0,204.03,0,1
1027.50,55,0.0000,0.0000,0.000,1.000,0.0,0.0167,1.0000,0.00,60,0,204.03,0,1
1028.51,55,0.0000,0.0000,0.000,1.000,0.0,0.0167,1.0000,0.00,60,0,204.03,0,1
1029.51,54,0.0000,0.0000,0.000,1.000,0.0,0.0167,1.0000,0.00,60,0,204.03,0,1
1030.52,54,0.0000,0.0000,0.000,1.001,0.0,0.0167,1.0000,0.00,60,0,204.03,0,1
1031.53,53,0.0000,0.0000,0.000,1.000,0.0,0.0167,1.0000,0.00,60,0,204.03,0,1
1032.54,54,0.0000,0.0000,0.000,0.999,0.0,0.0167,1.0000,0.00,60,0,204.03,0,1
1033.56,54,0.0000,0.0000,0.000,1.000,0.0,0.0167,1.0000,0.00,60,0,204.03,0,1
1035.84,33,0.0010,0.0315,0.014,0.273,0.9,0.0167,1.0000,1.00,60,0,204.06,1,1
1036.86,28,0.0370,0.0542,1.009,2.613,58.4,0.0167,1.0000,1.00,60,0,205.07,1,1
1037.88,42,0.0242,0.0531,0.999,0.999,60.0,0.0167,1.0000,1.00,60,0,206.08,1,1
1038.89,52,0.0195,0.0304,1.001,1.001,60.3,0.0167,1.0000,1.00,60,0,207.09,1,1
1039.90,51,0.0198,0.0457,1.000,1.000,60.5,0.0167,1.0000,1.00,60,0,208.10,1,1
1040.92,50,0.0204,0.0440,1.000,1.000,59.9,0.0167,1.0000,1.00,60,0,209.12,1,1
1041.92,51,0.0196,0.0302,0.998,0.998,60.0,0.0167,1.0000,1.00,60,0,210.12,1,1
1.23,2,0.0200,0.0200,0.032,4.644,1.6,0.0167,1.0000,1.00,72,0,0.02,1,1
2.24,54,0.0190,0.2576,1.018,1.018,60.5,0.0167,1.0000,1.00,72,0,1.05,1,1
3.24,72,0.0139,0.0140,1.000,1.000,60.0,0.0167,1.0000,1.00,72,0,2.05,1,1
4.24,72,0.0139,0.0140,1.000,1.000,60.0,0.0167,1.0000,1.00,72,0,3.05,1,1
5.24,72,0.0139,0.0143,1.000,1.000,60.0,0.0167,1.0000,1.00,72,0,4.05,1,1
6.24,72,0.0139,0.0140,1.000,1.000,60.0,0.0167,1.0000,1.00,72,0,5.05,1,1
7.24,72,0.0139,0.0145,1.000,1.000,60.9,0.0167,1.0000,1.00,72,0,6.05,1,1
8.24,72,0.0139,0.0140,1.000,1.000,60.0,0.0167,1.0000,1.00,72,0,7.05,1,1
9.24,72,0.0139,0.0139,1.000,1.000,60.0,0.0167,1.0000,1.00,72,0,8.05,1,1
10.24,72,0.0139,0.0140,1.000,1.000,60.0,0.0167,1.0000,1.00,72,0,9.05,1,1
11.24,72,0.0139,0.0144,1.000,1.000,59.9,0.0167,1.0000,1.00,72,0,10.05,1,1
13.17,57,0.0139,0.0141,0.410,0.410,24.3,0.0167,1.0000,1.00,72,0,10.84,1,1
14.19,53,0.0142,0.0200,0.744,2.124,44.4,0.0167,1.0000,1.00,72,0,11.58,1,1
15.20,60,0.0168,0.0515,1.000,1.000,59.3,0.0167,1.0000,1.00,72,0,12.59,1,1
16.21,73,0.0139,0.0142,1.000,1.000,60.2,0.0167,1.0000,1.00,72,0,13.61,1,1
17.21,72,0.0139,0.0155,1.000,1.000,59.9,0.0167,1.0000,1.00,72,0,14.61,1,1
18.21,72,0.0139,0.0142,1.000,1.000,60.0,0.0167,1.0000,1.00,72,0,15.61,1,1
19.25,63,0.0164,0.0518,1.000,1.000,60.8,0.0167,1.0000,1.00,72,0,16.64,1,1
20.26,71,0.0142,0.0297,1.000,1.000,59.7,0.0167,1.0000,1.00,72,0,17.65,1,1
21.26,72,0.0139,0.0144,1.000,1.000,60.0,0.0167,1.0000,1.00,72,0,18.65,1,1
22.26,72,0.0139,0.0143,1.000,1.000,60.0,0.0167,1.0000,1.00,72,0,19.65,1,1
23.26,72,0.0139,0.0144,1.000,1.000,60.0,0.0167,1.0000,1.00,72,0,20.65,1,1
24.27,73,0.0139,0.0140,1.000,1.000,60.2,0.0167,1.0000,1.00,72,0,21.66,1,1
25.28,73,0.0139,0.0142,1.000,1.000,60.2,0.0167,1.0000,1.00,72,0,22.68,1,1
26.30,73,0.0139,0.0139,1.000,1.000,60.2,0.0167,1.0000,1.00,72,0,23.69,1,1
27.30,72,0.0139,0.0139,1.000,1.000,60.0,0.0167,1.0000,1.00,72,0,24.69,1,1
28.30,72,0.0139,0.0144,1.000,1.000,60.0,0.0167,1.0000,1.00,72,0,25.69,1,1
29.30,72,0.0139,0.0141,1.000,1.000,60.0,0.0167,1.0000,1.00,72,0,26.69,1,1
30.30,72,0.0139,0.0143,1.000,1.000,60.0,0.0167,1.0000,1.00,72,0,27.69,1,1
31.30,72,0.0139,0.0139,1.000,1.000,60.0,0.0167,1.0000,1.00,72,0,28.69,1,1
32.30,72,0.0139,0.0141,1.000,1.000,60.0,0.0167,1.0000,1.00,72,0,29.69,1,1
33.30,72,0.0139,0.0143,1.000,1.000,60.0,0.0167,1.0000,1.00,72,0,30.69,1,1
34.31,73,0.0139,0.0141,1.000,1.000,60.2,0.0167,1.0000,1.00,72,0,31.71,1,1
35.31,72,0.0139,0.0141,1.000,1.000,60.0,0.0167,1.0000,1.00,72,0,32.71,1,1
36.31,72,0.0139,0.0142,1.000,1.000,60.0,0.0167,1.0000,1.00,72,0,33.71,1,1
37.33,40,0.0253,0.0553,1.000,1.000,60.2,0.0167,1.0000,1.00,72,0,34.72,1,1
38.33,51,0.0198,0.0522,1.000,1.000,59.6,0.0167,1.0000,1.00,72,0,35.73,1,1
39.35,73,0.0139,0.0140,1.000,1.000,60.2,0.0167,1.0000,1.00,72,0,36.74,1,1
40.36,73,0.0139,0.0141,1.000,1.000,60.2,0.0167,1.0000,1.00,72,0,37.76,1,1
41.39,60,0.0172,0.0547,1.000,1.000,60.1,0.0167,1.0000,1.00,72,0,38.79,1,1
42.40,36,0.0279,0.0557,1.000,1.000,59.8,0.0167,1.0000,1.00,72,0,39.79,1,1
43.42,50,0.0205,0.0378,1.000,1.000,60.4,0.0167,1.0000,1.00,72,0,40.82,1,1
44.43,50,0.0201,0.0401,1.000,1.000,59.6,0.0167,1.0000,1.00,72,0,41.82,1,1
45.43,50,0.0201,0.0516,1.000,1.000,59.8,0.0167,1.0000,1.00,72,0,42.83,1,1
46.44,68,0.0149,0.0178,1.000,1.000,60.4,0.0167,1.0000,1.00,72,0,43.84,1,1
47.45,67,0.0150,0.0178,1.000,1.000,59.5,0.0167,1.0000,1.00,72,0,44.85,1,1
48.46,64,0.0158,0.0687,1.000,1.000,60.4,0.0167,1.0000,1.00,72,0,45.85,1,1
49.47,67,0.0151,0.0181,1.000,1.000,60.4,0.0167,1.0000,1.00,72,0,46.86,1,1
50.48,67,0.0150,0.0178,1.000,1.000,59.7,0.0167,1.0000,1.00,72,0,47.87,1,1
51.48,67,0.0150,0.0180,1.000,1.000,59.8,0.0167,1.0000,1.00,72,0,48.87,1,1
52.49,67,0.0152,0.0180,1.000,1.000,60.1,0.0167,1.0000,1.00,72,0,49.89,1,1
53.50,67,0.0151,0.0178,1.000,1.000,60.4,0.0167,1.0000,1.00,72,0,50.90,1,1
54.52,67,0.0151,0.0180,1.000,1.000,59.3,0.0167,1.0000,1.00,72,0,51.91,1,1
55.52,68,0.0148,0.0180,1.000,1.000,60.7,0.0167,1.0000,1.00,72,0,52.92,1,1
56.55,36,0.0286,0.0550,1.000,1.000,60.2,0.0167,1.0000,1.00,72,0,53.95,1,1
57.56,47,0.0214,0.0535,1.000,1.000,59.5,0.0167,1.0000,1.00,72,0,54.95,1,1
58.60,29,0.0357,0.0539,1.000,1.000,59.9,0.0167,1.0000,1.00,72,0,55.99,1,1
59.63,36,0.0288,0.0542,1.000,1.000,60.7,0.0167,1.0000,1.00,72,0,57.03,1,1
60.65,41,0.0248,0.0433,1.000,1.000,59.9,0.0167,1.0000,1.00,72,0,58.05,1,1
61.70,47,0.0223,0.0514,1.000,1.000,60.0,0.0167,1.0000,1.00,72,0,59.10,1,1
62.70,35,0.0286,0.0518,1.000,1.000,59.9,0.0167,1.0000,1.00,72,0,60.10,1,1
63.71,45,0.0223,0.0374,1.000,1.000,59.7,0.0167,1.0000,1.00,72,0,61.10,1,1
64.72,45,0.0224,0.0424,1.000,1.000,60.4,0.0167,1.0000,1.00,72,0,62.11,1,1
65.72,44,0.0227,0.0422,1.000,1.000,60.0,0.0167,1.0000,1.00,72,0,63.11,1,1
66.73,46,0.0219,0.0539,1.000,1.000,59.7,0.0167,1.0000,1.00,72,0,64.12,1,1
67.74,57,0.0177,0.0513,1.000,1.000,60.4,0.0167,1.0000,1.00,72,0,65.13,1,1
68.74,31,0.0324,0.0537,1.000,1.000,59.7,0.0167,1.0000,1.00,72,0,66.14,1,1
69.75,45,0.0225,0.0533,1.000,1.000,60.3,0.0167,1.0000,1.00,72,0,67.15,1,1
70.77,71,0.0143,0.0177,1.000,1.000,60.2,0.0167,1.0000,1.00,72,0,68.16,1,1
71.78,71,0.0143,0.0177,1.000,1.000,60.2,0.0167,1.0000,1.00,72,0,69.17,1,1
72.83,33,0.0318,0.0543,1.000,1.000,59.2,0.0167,1.0000,1.00,72,0,70.22,1,1
73.84,34,0.0298,0.0539,1.000,1.000,60.2,0.0167,1.0000,1.00,72,0,71.23,1,1
74.84,49,0.0204,0.0535,1.000,1.000,59.9,0.0167,1.0000,1.00,72,0,72.24,1,1
75.86,69,0.0147,0.0175,1.000,1.000,60.2,0.0167,1.0000,1.00,72,0,73.25,1,1
76.87,33,0.0307,0.0535,1.000,1.000,60.2,0.0167,1.0000,1.00,72,0,74.26,1,1
77.91,35,0.0298,0.0540,1.000,1.000,60.5,0.0167,1.0000,1.00,72,0,75.31,1,1
78.91,33,0.0304,0.0536,1.000,1.000,59.9,0.0167,1.0000,1.00,72,0,76.31,1,1
79.92,54,0.0187,0.0221,1.000,1.000,59.4,0.0167,1.0000,1.00,72,0,77.32,1,1
80.94,54,0.0188,0.0226,1.000,1.000,60.0,0.0167,1.0000,1.00,72,0,78.33,1,1
81.95,54,0.0188,0.0233,1.000,1.000,60.2,0.0167,1.0000,1.00,72,0,79.35,1,1
82.96,53,0.0190,0.0232,1.000,1.000,60.5,0.0167,1.0000,1.00,72,0,80.36,1,1
83.98,54,0.0188,0.0244,1.000,1.000,60.2,0.0167,1.0000,1.00,72,0,81.37,1,1
84.99,54,0.0188,0.0239,1.000,1.000,60.0,0.0167,1.0000,1.00,72,0,82.39,1,1
86.01,55,0.0185,0.0323,1.000,1.000,60.0,0.0167,1.0000,1.00,72,0,83.40,1,1
87.01,53,0.0189,0.0242,1.000,1.000,60.0,0.0167,1.0000,1.00,72,0,84.40,1,1
88.02,55,0.0183,0.0229,1.000,1.000,59.6,0.0167,1.0000,1.00,72,0,85.41,1,1
89.03,55,0.0185,0.0222,1.000,1.000,60.1,0.0167,1.0000,1.00,72,0,86.43,1,1
90.04,54,0.0186,0.0318,1.000,1.000,60.6,0.0167,1.0000,1.00,72,0,87.43,1,1
91.05,55,0.0183,0.0319,1.000,1.000,59.6,0.0167,1.0000,1.00,72,0,88.44,1,1
92.06,55,0.0184,0.0238,1.000,1.000,60.3,0.0167,1.0000,1.00,72,0,89.45,1,1
93.06,53,0.0190,0.0222,1.000,1.000,59.7,0.0167,1.0000,1.00,72,0,90.46,1,1
94.06,54,0.0186,0.0221,1.000,1.000,59.8,0.0167,1.0000,1.00,72,0,91.46,1,1
95.07,55,0.0183,0.0243,1.000,1.000,60.5,0.0167,1.0000,1.00,72,0,92.47,1,1
96.08,54,0.0187,0.0324,1.000,1.000,59.4,0.0167,1.0000,1.00,72,0,93.48,1,1
97.09,53,0.0190,0.0371,1.000,1.000,60.5,0.0167,1.0000,1.00,72,0,94.48,1,1
98.09,53,0.0189,0.0238,1.000,1.000,59.8,0.0167,1.0000,1.00,72,0,95.49,1,1
99.11,55,0.0184,0.0315,1.000,1.000,60.1,0.0167,1.0000,1.00,72,0,96.50,1,1
100.13,55,0.0185,0.0217,1.000,1.000,59.9,0.0167,1.0000,1.00,72,0,97.52,1,1
101.14,55,0.0184,0.0236,1.000,1.000,60.1,0.0167,1.0000,1.00,72,0,98.54,1,1
102.14,54,0.0186,0.0242,1.000,1.000,59.8,0.0167,1.0000,1.00,72,0,99.54,1,1
103.16,54,0.0187,0.0312,1.000,1.000,60.3,0.0167,1.0000,1.00,72,0,100.55,1,1
104.17,53,0.0190,0.0224,1.000,1.000,60.5,0.0167,1.0000,1.00,72,0,101.56,1,1
105.18,54,0.0188,0.0241,1.000,1.000,60.0,0.0167,1.0000,1.00,72,0,102.58,1,1
106.20,55,0.0185,0.0232,1.000,1.000,60.0,0.0167,1.0000,1.00,72,0,103.59,1,1
107.20,54,0.0186,0.0242,1.000,1.000,59.7,0.0167,1.0000,1.00,72,0,104.60,1,1
108.21,52,0.0193,0.0732,1.000,1.000,59.7,0.0167,1.0000,1.00,72,0,105.60,1,1
109.22,54,0.0187,0.0283,1.000,1.000,60.2,0.0167,1.0000,1.00,72,0,106.61,1,1
110.24,53,0.0192,0.0310,1.000,1.000,59.9,0.0167,1.0000,1.00,72,0,107.63,1,1
111.25,53,0.0191,0.0293,1.000,1.000,60.2,0.0167,1.0000,1.00,72,0,108.65,1,1
112.26,23,0.0438,0.0543,1.000,1.000,59.5,0.0167,1.0000,1.00,72,0,109.65,1,1
113.30,20,0.0520,0.0538,1.000,1.000,60.6,0.0167,1.0000,1.00,72,0,110.69,1,1
114.30,33,0.0304,0.0543,1.000,1.000,59.8,0.0167,1.0000,1.00,72,0,111.70,1,1
115.32,32,0.0319,0.0531,1.000,1.000,59.7,0.0167,1.0000,1.00,72,0,112.72,1,1
116.36,40,0.0258,0.0441,1.000,1.000,60.0,0.0167,1.0000,1.00,72,0,113.75,1,1
117.37,42,0.0241,0.0391,1.000,1.000,60.2,0.0167,1.0000,1.00,72,0,114.76,1,1
118.38,41,0.0245,0.0432,1.000,1.000,59.7,0.0167,1.0000,1.00,72,0,115.77,1,1
119.38,42,0.0240,0.0452,1.000,1.000,60.4,0.0167,1.0000,1.00,72,0,116.78,1,1
120.40,42,0.0242,0.0440,1.000,1.000,60.1,0.0167,1.0000,1.00,72,0,117.79,1,1
121.42,42,0.0243,0.0360,1.000,1.000,59.8,0.0167,1.0000,1.00,72,0,118.82,1,1
122.44,40,0.0255,0.0432,1.000,1.000,59.8,0.0167,1.0000,1.00,72,0,119.83,1,1
123.46,42,0.0242,0.0437,1.000,1.000,60.9,0.0167,1.0000,1.00,72,0,120.85,1,1
124.46,40,0.0251,0.0467,1.000,1.000,59.8,0.0167,1.0000,1.00,72,0,121.85,1,1
125.47,42,0.0240,0.0442,1.000,1.000,59.4,0.0167,1.0000,1.00,72,0,122.86,1,1
126.48,41,0.0245,0.0460,1.000,1.000,60.7,0.0167,1.0000,1.00,72,0,123.87,1,1
127.49,40,0.0253,0.0430,1.000,1.000,59.2,0.0167,1.0000,1.00,72,0,124.88,1,1
128.50,39,0.0259,0.0464,1.000,1.000,60.3,0.0167,1.0000,1.00,72,0,125.89,1,1
129.50,41,0.0244,0.0428,1.000,1.000,59.9,0.0167,1.0000,1.00,72,0,126.90,1,1
130.50,41,0.0244,0.0414,1.000,1.000,59.9,0.0167,1.0000,1.00,72,0,127.90,1,1
131.51,42,0.0239,0.0439,1.000,1.000,60.7,0.0167,1.0000,1.00,72,0,128.90,1,1
132.52,41,0.0247,0.0440,1.000,1.000,59.3,0.0167,1.0000,1.00,72,0,129.91,1,1
133.54,44,0.0231,0.0366,1.000,1.000,61.0,0.0167,1.0000,1.00,72,0,130.93,1,1
134.56,42,0.0243,0.0438,1.000,1.000,59.8,0.0167,1.0000,1.00,72,0,131.95,1,1
135.56,43,0.0233,0.0372,1.000,1.000,59.8,0.0167,1.0000,1.00,72,0,132.95,1,1
136.57,45,0.0225,0.0319,1.000,1.000,60.2,0.0167,1.0000,1.00,72,0,133.97,1,1
137.58,43,0.0235,0.0444,1.000,1.000,59.4,0.0167,1.0000,1.00,72,0,134.98,1,1
138.61,43,0.0238,0.0417,1.000,1.000,60.7,0.0167,1.0000,1.00,72,0,136.00,1,1
139.63,42,0.0243,0.0422,1.000,1.000,59.8,0.0167,1.0000,1.00,72,0,137.02,1,1
140.64,41,0.0248,0.0421,1.000,1.000,60.0,0.0167,1.0000,1.00,72,0,138.04,1,1
141.64,42,0.0238,0.0431,1.000,1.000,60.0,0.0167,1.0000,1.00,72,0,139.04,1,1
142.65,49,0.0206,0.0515,1.000,1.000,60.3,0.0167,1.0000,1.00,72,0,140.05,1,1
143.67,62,0.0163,0.0195,1.000,1.000,59.3,0.0167,1.0000,1.00,72,0,141.06,1,1
144.67,61,0.0164,0.0195,1.000,1.000,60.9,0.0167,1.0000,1.00,72,0,142.06,1,1
145.67,61,0.0165,0.0204,1.000,1.000,59.6,0.0167,1.0000,1.00,72,0,143.07,1,1
146.69,62,0.0164,0.0202,1.000,1.000,60.1,0.0167,1.0000,1.00,72,0,144.08,1,1
147.69,60,0.0168,0.0202,1.000,1.000,59.7,0.0167,1.0000,1.00,72,0,145.09,1,1
148.70,59,0.0171,0.0214,1.000,1.000,60.7,0.0167,1.0000,1.00,72,0,146.09,1,1
149.70,60,0.0167,0.0205,1.000,1.000,59.7,0.0167,1.0000,1.00,72,0,147.10,1,1
150.70,59,0.0170,0.0202,1.000,1.000,60.0,0.0167,1.0000,1.00,72,0,148.10,1,1
151.75,36,0.0291,0.0603,1.000,1.000,60.1,0.0167,1.0000,1.00,72,0,149.15,1,1
152.75,34,0.0294,0.0513,1.000,1.000,60.0,0.0167,1.0000,1.00,72,0,150.15,1,1
153.76,26,0.0387,0.0549,1.000,1.000,59.6,0.0167,1.0000,1.00,72,0,151.15,1,1
154.78,44,0.0231,0.0393,1.000,1.000,60.1,0.0167,1.0000,1.00,72,0,152.17,1,1
155.80,43,0.0237,0.0442,1.000,1.000,60.9,0.0167,1.0000,1.00,72,0,153.19,1,1
156.80,43,0.0233,0.0405,1.000,1.000,59.8,0.0167,1.0000,1.00,72,0,154.19,1,1
157.81,42,0.0240,0.0408,1.000,1.000,59.5,0.0167,1.0000,1.00,72,0,155.20,1,1
158.83,43,0.0238,0.0418,1.000,1.000,60.6,0.0167,1.0000,1.00,72,0,156.22,1,1
159.85,42,0.0244,0.0436,1.000,1.000,59.6,0.0167,1.0000,1.00,72,0,157.25,1,1
160.88,43,0.0238,0.0431,1.000,1.000,59.6,0.0167,1.0000,1.00,72,0,158.27,1,1
161.90,42,0.0244,0.0424,1.000,1.000,60.5,0.0167,1.0000,1.00,72,0,159.29,1,1
162.92,44,0.0231,0.0384,1.000,1.000,60.0,0.0167,1.0000,1.00,72,0,160.31,1,1
163.92,43,0.0233,0.0397,1.000,1.000,59.9,0.0167,1.0000,1.00,72,0,161.31,1,1
164.93,45,0.0225,0.0381,1.000,1.000,60.3,0.0167,1.0000,1.00,72,0,162.32,1,1
165.95,45,0.0227,0.0377,1.000,1.000,59.7,0.0167,1.0000,1.00,72,0,163.35,1,1
166.96,45,0.0224,0.0392,1.000,1.000,60.6,0.0167,1.0000,1.00,72,0,164.35,1,1
167.97,44,0.0229,0.0405,1.000,1.000,59.5,0.0167,1.0000,1.00,72,0,165.36,1,1
168.98,44,0.0231,0.0426,1.000,1.000,60.1,0.0167,1.0000,1.00,72,0,166.38,1,1
170.02,46,0.0225,0.0445,1.000,1.000,59.8,0.0167,1.0000,1.00,72,0,167.41,1,1
171.03,39,0.0259,0.0522,1.000,1.000,60.5,0.0167,1.0000,1.00,72,0,168.42,1,1
172.04,58,0.0175,0.0208,1.000,1.000,60.2,0.0167,1.0000,1.00,72,0,169.43,1,1
173.04,58,0.0173,0.0218,1.000,1.000,60.0,0.0167,1.0000,1.00,72,0,170.43,1,1
174.05,58,0.0173,0.0210,1.000,1.000,59.7,0.0167,1.0000,1.00,72,0,171.44,1,1
175.05,57,0.0176,0.0211,1.000,1.000,60.0,0.0167,1.0000,1.00,72,0,172.44,1,1
176.05,55,0.0182,0.0687,1.000,1.000,59.8,0.0167,1.0000,1.00,72,0,173.44,1,1
177.06,59,0.0171,0.0218,1.000,1.000,60.4,0.0167,1.0000,1.00,72,0,174.45,1,1
178.08,59,0.0173,0.0209,1.000,1.000,59.9,0.0167,1.0000,1.00,72,0,175.47,1,1
179.09,59,0.0172,0.0218,1.000,1.000,60.1,0.0167,1.0000,1.00,72,0,176.49,1,1
180.10,59,0.0170,0.0215,1.000,1.000,59.7,0.0167,1.0000,1.00,72,0,177.49,1,1
181.11,60,0.0169,0.0220,1.000,1.000,60.1,0.0167,1.0000,1.00,72,0,178.51,1,1
182.12,59,0.0170,0.0219,1.000,1.000,59.8,0.0167,1.0000,1.00,72,0,179.51,1,1
183.12,59,0.0171,0.0206,1.000,1.000,60.6,0.0167,1.0000,1.00,72,0,180.52,1,1
184.13,58,0.0173,0.0219,1.000,1.000,59.7,0.0167,1.0000,1.00,72,0,181.52,1,1
185.14,58,0.0175,0.0218,1.000,1.000,60.2,0.0167,1.0000,1.00,72,0,182.54,1,1
186.15,58,0.0174,0.0215,1.000,1.000,59.5,0.0167,1.0000,1.00,72,0,183.54,1,1
187.15,58,0.0172,0.0212,1.000,1.000,61.0,0.0167,1.0000,1.00,72,0,184.54,1,1
188.16,59,0.0171,0.0211,1.000,1.000,59.4,0.0167,1.0000,1.00,72,0,185.55,1,1
189.17,58,0.0173,0.0208,1.000,1.000,60.6,0.0167,1.0000,1.00,72,0,186.56,1,1
190.17,58,0.0173,0.0217,1.000,1.000,59.8,0.0167,1.0000,1.00,72,0,187.56,1,1
191.18,58,0.0174,0.0202,1.000,1.000,59.6,0.0167,1.0000,1.00,72,0,188.57,1,1
192.18,58,0.0173,0.0205,1.000,1.000,59.8,0.0167,1.0000,1.00,72,0,189.57,1,1
193.18,57,0.0176,0.0210,1.000,1.000,60.7,0.0167,1.0000,1.00,72,0,190.58,1,1
194.20,58,0.0175,0.0211,1.000,1.000,60.1,0.0167,1.0000,1.00,72,0,191.59,1,1
195.20,57,0.0176,0.0210,1.000,1.000,59.9,0.0167,1.0000,1.00,72,0,192.59,1,1
196.20,56,0.0179,0.0212,1.000,1.000,59.9,0.0167,1.0000,1.00,72,0,193.60,1,1
197.21,57,0.0177,0.0209,1.000,1.000,59.6,0.0167,1.0000,1.00,72,0,194.60,1,1
198.25,42,0.0249,0.0528,1.000,1.000,60.3,0.0167,1.0000,1.00,72,0,195.65,1,1
199.27,20,0.0507,0.0523,1.000,1.000,60.2,0.0167,1.0000,1.00,72,0,196.66,1,1
200.28,20,0.0508,0.0528,1.000,1.000,60.0,0.0167,1.0000,1.00,72,0,197.68,1,1
201.31,34,0.0302,0.0561,1.000,1.000,59.4,0.0167,1.0000,1.00,72,0,198.70,1,1
202.32,20,0.0506,0.0523,1.000,1.000,60.3,0.0167,1.0000,1.00,72,0,199.72,1,1
203.33,20,0.0505,0.0548,1.000,1.000,60.3,0.0167,1.0000,1.00,72,0,200.73,1,1
204.35,34,0.0299,0.0547,1.000,1.000,59.9,0.0167,1.0000,1.00,72,0,201.74,1,1
205.36,20,0.0507,0.0536,1.000,1.000,60.2,0.0167,1.0000,1.00,72,0,202.76,1,1
206.37,55,0.0182,0.0495,1.000,1.000,59.8,0.0167,1.0000,1.00,72,0,203.76,1,1
207.37,61,0.0165,0.0196,1.000,1.000,59.8,0.0167,1.0000,1.00,72,0,204.76,1,1
208.42,56,0.0187,0.0511,1.000,1.000,60.2,0.0167,1.0000,1.00,72,0,205.81,1,1
209.44,20,0.0509,0.0535,1.000,1.000,59.9,0.0167,1.0000,1.00,72,0,206.83,1,1
210.46,34,0.0300,0.0540,1.000,1.000,60.7,0.0167,1.0000,1.00,72,0,207.85,1,1
211.46,37,0.0271,0.0597,1.000,1.000,59.8,0.0167,1.0000,1.00,72,0,208.85,1,1
212.47,50,0.0201,0.0418,1.000,1.000,59.6,0.0167,1.0000,1.00,72,0,209.86,1,1
213.47,48,0.0210,0.0411,1.000,1.000,60.6,0.0167,1.0000,1.00,72,0,210.87,1,1
214.48,49,0.0206,0.0400,1.000,1.000,59.5,0.0167,1.0000,1.00,72,0,211.88,1,1
215.51,52,0.0197,0.0412,1.000,1.000,60.5,0.0167,1.0000,1.00,72,0,212.90,1,1
216.52,49,0.0207,0.0401,1.000,1.000,60.1,0.0167,1.0000,1.00,72,0,213.92,1,1
217.53,50,0.0201,0.0321,1.000,1.000,59.7,0.0167,1.0000,1.00,72,0,214.92,1,1
218.53,48,0.0209,0.0425,1.000,1.000,59.9,0.0167,1.0000,1.00,72,0,215.92,1,1
219.53,47,0.0214,0.0352,1.000,1.000,59.7,0.0167,1.0000,1.00,72,0,216.93,1,1
220.54,48,0.0210,0.0438,1.000,1.000,60.5,0.0167,1.0000,1.00,72,0,217.94,1,1
221.56,49,0.0207,0.0398,1.000,1.000,60.0,0.0167,1.0000,1.00,72,0,218.95,1,1
222.57,49,0.0206,0.0403,1.000,1.000,60.4,0.0167,1.0000,1.00,72,0,219.96,1,1
223.58,49,0.0205,0.0384,1.000,1.000,59.6,0.0167,1.0000,1.00,72,0,220.97,1,1
224.59,49,0.0208,0.0416,1.000,1.000,60.0,0.0167,1.0000,1.00,72,0,221.99,1,1
225.62,49,0.0211,0.0413,1.000,1.000,60.1,0.0167,1.0000,1.00,72,0,223.02,1,1
226.63,49,0.0205,0.0344,1.000,1.000,59.8,0.0167,1.0000,1.00,72,0,224.02,1,1
227.64,48,0.0211,0.0418,1.000,1.000,60.3,0.0167,1.0000,1.00,72,0,225.03,1,1
228.64,47,0.0213,0.0354,1.000,1.000,59.9,0.0167,1.0000,1.00,72,0,226.04,1,1
229.66,47,0.0216,0.0408,1.000,1.000,60.2,0.0167,1.0000,1.00,72,0,227.05,1,1
230.67,49,0.0207,0.0383,1.000,1.000,60.0,0.0167,1.0000,1.00,72,0,228.07,1,1
231.68,48,0.0210,0.0364,1.000,1.000,59.6,0.0167,1.0000,1.00,72,0,229.07,1,1
232.69,47,0.0215,0.0416,1.000,1.000,60.2,0.0167,1.0000,1.00,72,0,230.08,1,1
233.71,50,0.0204,0.0399,1.000,1.000,59.7,0.0167,1.0000,1.00,72,0,231.11,1,1
234.72,48,0.0211,0.0386,1.000,1.000,60.4,0.0167,1.0000,1.00,72,0,232.12,1,1
235.73,47,0.0214,0.0467,1.000,1.000,59.8,0.0167,1.0000,1.00,72,0,233.12,1,1
236.74,48,0.0211,0.0441,1.000,1.000,60.3,0.0167,1.0000,1.00,72,0,234.13,1,1
237.76,47,0.0216,0.0454,1.000,1.000,60.0,0.0167,1.0000,1.00,72,0,235.15,1,1
238.77,48,0.0211,0.0448,1.000,1.000,60.2,0.0167,1.0000,1.00,72,0,236.17,1,1
239.79,47,0.0216,0.0913,1.000,1.000,60.2,0.0167,1.0000,1.00,72,0,237.18,1,1
240.79,49,0.0205,0.0402,1.000,1.000,59.7,0.0167,1.0000,1.00,72,0,238.18,1,1
241.79,49,0.0204,0.0442,1.000,1.000,59.9,0.0167,1.0000,1.00,72,0,239.19,1,1
242.80,49,0.0206,0.0401,1.000,1.000,60.4,0.0167,1.0000,1.00,72,0,240.20,1,1
243.81,49,0.0206,0.0460,1.000,1.000,60.5,0.0167,1.0000,1.00,72,0,241.20,1,1
244.83,49,0.0209,0.0340,1.000,1.000,59.6,0.0167,1.0000,1.00,72,0,242.23,1,1
245.85,48,0.0212,0.0401,1.000,1.000,59.9,0.0167,1.0000,1.00,72,0,243.25,1,1
246.88,51,0.0202,0.0372,1.000,1.000,60.1,0.0167,1.0000,1.00,72,0,244.28,1,1
247.89,52,0.0194,0.0339,1.000,1.000,60.5,0.0167,1.0000,1.00,72,0,245.29,1,1
248.91,49,0.0208,0.0466,1.000,1.000,59.8,0.0167,1.0000,1.00,72,0,246.31,1,1
249.92,50,0.0201,0.0389,1.000,1.000,59.8,0.0167,1.0000,1.00,72,0,247.31,1,1
250.94,49,0.0209,0.0390,1.000,1.000,60.6,0.0167,1.0000,1.00,72,0,248.34,1,1
251.96,51,0.0201,0.0314,1.000,1.000,59.6,0.0167,1.0000,1.00,72,0,249.36,1,1
252.98,49,0.0208,0.0368,1.000,1.000,59.8,0.0167,1.0000,1.00,72,0,250.38,1,1
254.00,49,0.0207,0.0376,1.000,1.000,60.1,0.0167,1.0000,1.00,72,0,251.39,1,1
255.00,50,0.0200,0.0323,1.000,1.000,60.0,0.0167,1.0000,1.00,72,0,252.39,1,1
256.01,49,0.0205,0.0317,1.000,1.000,60.6,0.0167,1.0000,1.00,72,0,253.40,1,1
257.01,50,0.0200,0.0319,1.000,1.000,59.9,0.0167,1.0000,1.00,72,0,254.40,1,1
258.01,49,0.0205,0.0329,1.000,1.000,59.8,0.0167,1.0000,1.00,72,0,255.40,1,1
259.02,50,0.0202,0.0409,1.000,1.000,60.4,0.0167,1.0000,1.00,72,0,256.41,1,1
260.03,52,0.0194,0.0428,1.000,1.000,59.4,0.0167,1.0000,1.00,72,0,257.43,1,1
261.05,51,0.0199,0.0393,1.000,1.000,60.2,0.0167,1.0000,1.00,72,0,258.44,1,1
262.05,50,0.0201,0.0407,1.000,1.000,59.8,0.0167,1.0000,1.00,72,0,259.44,1,1
263.07,50,0.0205,0.0459,1.000,1.000,60.5,0.0167,1.0000,1.00,72,0,260.47,1,1
264.09,51,0.0198,0.0398,1.000,1.000,60.3,0.0167,1.0000,1.00,72,0,261.48,1,1
265.09,48,0.0210,0.0421,1.000,1.000,59.6,0.0167,1.0000,1.00,72,0,262.49,1,1
266.11,51,0.0198,0.0451,1.000,1.000,60.3,0.0167,1.0000,1.00,72,0,263.50,1,1
267.12,48,0.0211,0.0419,1.000,1.000,59.3,0.0167,1.0000,1.00,72,0,264.51,1,1
268.14,50,0.0204,0.0408,1.000,1.000,60.7,0.0167,1.0000,1.00,72,0,265.53,1,1
269.14,49,0.0205,0.0424,1.000,1.000,59.8,0.0167,1.0000,1.00,72,0,266.53,1,1
270.15,49,0.0205,0.0456,1.000,1.000,59.7,0.0167,1.0000,1.00,72,0,267.54,1,1
271.15,49,0.0205,0.0420,1.000,1.000,60.6,0.0167,1.0000,1.00,72,0,268.55,1,1
272.16,48,0.0209,0.0418,1.000,1.000,59.7,0.0167,1.0000,1.00,72,0,269.55,1,1
273.17,50,0.0203,0.0338,1.000,1.000,60.0,0.0167,1.0000,1.00,72,0,270.57,1,1
274.19,51,0.0199,0.0319,1.000,1.000,60.1,0.0167,1.0000,1.00,72,0,271.58,1,1
275.20,51,0.0198,0.0461,1.000,1.000,60.5,0.0167,1.0000,1.00,72,0,272.59,1,1
276.21,49,0.0206,0.0410,1.000,1.000,59.4,0.0167,1.0000,1.00,72,0,273.60,1,1
277.23,50,0.0205,0.0395,1.000,1.000,60.4,0.0167,1.0000,1.00,72,0,274.63,1,1
278.26,50,0.0206,0.0421,1.000,1.000,60.2,0.0167,1.0000,1.00,72,0,275.66,1,1
279.27,50,0.0202,0.0455,1.000,1.000,59.4,0.0167,1.0000,1.00,72,0,276.67,1,1
280.27,49,0.0204,0.0408,1.000,1.000,60.0,0.0167,1.0000,1.00,72,0,277.67,1,1
281.29,48,0.0211,0.0428,1.000,1.000,60.1,0.0167,1.0000,1.00,72,0,278.68,1,1
282.29,49,0.0204,0.0322,1.000,1.000,60.0,0.0167,1.0000,1.00,72,0,279.68,1,1
283.31,51,0.0201,0.0322,1.000,1.000,60.6,0.0167,1.0000,1.00,72,0,280.71,1,1
284.32,51,0.0197,0.0420,1.000,1.000,59.8,0.0167,1.0000,1.00,72,0,281.71,1,1
285.32,51,0.0198,0.0437,1.000,1.000,59.5,0.0167,1.0000,1.00,72,0,282.72,1,1
286.37,37,0.0283,0.0533,1.000,1.000,60.2,0.0167,1.0000,1.00,72,0,283.76,1,1
287.39,20,0.0507,0.0530,1.000,1.000,60.1,0.0167,1.0000,1.00,72,0,284.78,1,1
288.40,20,0.0507,0.0526,1.000,1.000,60.1,0.0167,1.0000,1.00,72,0,285.79,1,1
289.43,20,0.0516,0.0582,1.000,1.000,60.1,0.0167,1.0000,1.00,72,0,286.83,1,1
290.44,27,0.0374,0.0526,1.000,1.000,60.3,0.0167,1.0000,1.00,72,0,287.84,1,1
291.46,39,0.0261,0.0529,1.000,1.000,59.9,0.0167,1.0000,1.00,72,0,288.85,1,1
292.50,35,0.0298,0.0530,1.000,1.000,59.5,0.0167,1.0000,1.00,72,0,289.90,1,1
293.51,66,0.0152,0.0406,1.000,1.000,59.8,0.0167,1.0000,1.00,72,0,290.90,1,1
294.52,69,0.0147,0.0170,1.000,1.000,60.3,0.0167,1.0000,1.00,72,0,291.91,1,1
295.56,47,0.0223,0.0550,1.000,1.000,60.1,0.0167,1.0000,1.00,72,0,292.96,1,1
296.57,26,0.0386,0.0522,1.000,1.000,59.8,0.0167,1.0000,1.00,72,0,293.96,1,1
297.58,33,0.0307,0.0547,1.000,1.000,60.2,0.0167,1.0000,1.00,72,0,294.98,1,1
298.60,61,0.0166,0.0216,1.000,1.000,60.1,0.0167,1.0000,1.00,72,0,295.99,1,1
299.60,59,0.0171,0.0213,1.000,1.000,59.6,0.0167,1.0000,1.00,72,0,297.00,1,1
300.62,59,0.0173,0.0213,1.000,1.000,60.9,0.0167,1.0000,1.00,72,0,298.02,1,1
301.63,60,0.0167,0.0218,1.000,1.000,59.8,0.0167,1.0000,1.00,72,0,299.02,1,1
302.63,59,0.0170,0.0219,1.000,1.000,60.0,0.0167,1.0000,1.00,72,0,300.02,1,1
303.63,60,0.0167,0.0216,1.000,1.000,59.8,0.0167,1.0000,1.00,72,0,301.02,1,1
304.63,58,0.0173,0.0691,1.000,1.000,59.8,0.0167,1.0000,1.00,72,0,302.03,1,1
305.63,47,0.0213,0.0520,1.000,1.000,59.9,0.0167,1.0000,1.00,72,0,303.03,1,1
306.64,38,0.0265,0.0526,1.000,1.000,60.6,0.0167,1.0000,1.00,72,0,304.03,1,1
307.66,27,0.0377,0.0602,1.000,1.000,59.9,0.0167,1.0000,1.00,72,0,305.05,1,1
308.70,35,0.0297,0.0519,1.000,1.000,59.7,0.0167,1.0000,1.00,72,0,306.09,1,1
309.70,50,0.0202,0.0526,1.000,1.000,60.5,0.0167,1.0000,1.00,72,0,307.10,1,1
310.74,38,0.0272,0.0526,1.000,1.000,60.0,0.0167,1.0000,1.00,72,0,308.13,1,1
311.75,20,0.0505,0.0530,1.000,1.000,59.3,0.0167,1.0000,1.00,72,0,309.14,1,1
312.79,35,0.0298,0.0526,1.000,1.000,60.4,0.0167,1.0000,1.00,72,0,310.18,1,1
313.81,35,0.0292,0.0525,1.000,1.000,59.8,0.0167,1.0000,1.00,72,0,311.21,1,1
314.82,37,0.0272,0.0524,1.000,1.000,60.6,0.0167,1.0000,1.00,72,0,312.21,1,1
315.84,49,0.0209,0.0450,1.000,1.000,59.4,0.0167,1.0000,1.00,72,0,313.24,1,1
316.87,50,0.0206,0.0464,1.000,1.000,60.3,0.0167,1.0000,1.00,72,0,314.27,1,1
317.89,50,0.0203,0.0445,1.000,1.000,60.1,0.0167,1.0000,1.00,72,0,315.28,1,1
318.90,51,0.0198,0.0332,1.000,1.000,60.4,0.0167,1.0000,1.00,72,0,316.29,1,1
319.91,50,0.0202,0.0404,1.000,1.000,59.5,0.0167,1.0000,1.00,72,0,317.30,1,1
320.91,50,0.0201,0.0466,1.000,1.000,59.7,0.0167,1.0000,1.00,72,0,318.31,1,1
321.92,48,0.0210,0.0453,1.000,1.000,60.4,0.0167,1.0000,1.00,72,0,319.32,1,1
322.92,48,0.0208,0.0395,1.000,1.000,60.0,0.0167,1.0000,1.00,72,0,320.32,1,1
323.93,50,0.0201,0.0441,1.000,1.000,59.8,0.0167,1.0000,1.00,72,0,321.32,1,1
324.93,48,0.0209,0.0436,1.000,1.000,60.7,0.0167,1.0000,1.00,72,0,322.33,1,1
325.94,48,0.0210,0.0422,1.000,1.000,59.5,0.0167,1.0000,1.00,72,0,323.33,1,1
326.98,51,0.0204,0.0474,1.000,1.000,60.4,0.0167,1.0000,1.00,72,0,324.38,1,1
327.99,49,0.0206,0.0408,1.000,1.000,60.4,0.0167,1.0000,1.00,72,0,325.39,1,1
329.00,50,0.0202,0.0424,1.000,1.000,59.4,0.0167,1.0000,1.00,72,0,326.40,1,1
330.02,49,0.0207,0.0450,1.000,1.000,60.3,0.0167,1.0000,1.00,72,0,327.41,1,1
331.03,49,0.0208,0.0389,1.000,1.000,59.9,0.0167,1.0000,1.00,72,0,328.43,1,1
332.05,49,0.0208,0.0409,1.000,1.000,59.9,0.0167,1.0000,1.00,72,0,329.45,1,1
333.07,49,0.0208,0.0409,1.000,1.000,60.0,0.0167,1.0000,1.00,72,0,330.46,1,1
334.10,49,0.0210,0.0435,1.000,1.000,60.3,0.0167,1.0000,1.00,72,0,331.49,1,1
335.12,46,0.0221,0.0420,1.000,1.000,59.9,0.0167,1.0000,1.00,72,0,332.51,1,1
336.12,47,0.0214,0.0433,1.000,1.000,59.6,0.0167,1.0000,1.00,72,0,333.52,1,1
337.13,45,0.0225,0.0422,1.000,1.000,60.2,0.0167,1.0000,1.00,72,0,334.53,1,1
338.14,46,0.0220,0.0440,1.000,1.000,60.4,0.0167,1.0000,1.00,72,0,335.54,1,1
339.16,49,0.0207,0.0406,1.000,1.000,60.1,0.0167,1.0000,1.00,72,0,336.55,1,1
340.18,49,0.0208,0.0409,1.000,1.000,59.8,0.0167,1.0000,1.00,72,0,337.57,1,1
341.19,48,0.0211,0.0406,1.000,1.000,60.4,0.0167,1.0000,1.00,72,0,338.58,1,1
342.22,48,0.0214,0.0389,1.000,1.000,59.3,0.0167,1.0000,1.00,72,0,339.61,1,1
343.23,49,0.0207,0.0381,1.000,1.000,60.2,0.0167,1.0000,1.00,72,0,340.63,1,1
344.25,47,0.0216,0.0398,1.000,1.000,60.0,0.0167,1.0000,1.00,72,0,341.64,1,1
345.26,47,0.0216,0.0423,1.000,1.000,60.1,0.0167,1.0000,1.00,72,0,342.66,1,1
346.28,48,0.0211,0.0395,1.000,1.000,60.2,0.0167,1.0000,1.00,72,0,343.67,1,1
347.30,47,0.0217,0.0444,1.000,1.000,59.7,0.0167,1.0000,1.00,72,0,344.69,1,1
348.31,50,0.0202,0.0411,1.000,1.000,60.4,0.0167,1.0000,1.00,72,0,345.70,1,1
349.31,46,0.0217,0.0400,1.000,1.000,60.0,0.0167,1.0000,1.00,72,0,346.70,1,1
350.31,49,0.0206,0.0335,1.000,1.000,59.5,0.0167,1.0000,1.00,72,0,347.71,1,1
351.34,49,0.0208,0.0395,1.000,1.000,60.7,0.0167,1.0000,1.00,72,0,348.73,1,1
352.34,47,0.0213,0.0454,1.000,1.000,60.0,0.0167,1.0000,1.00,72,0,349.73,1,1
353.34,48,0.0209,0.0447,1.000,1.000,59.9,0.0167,1.0000,1.00,72,0,350.73,1,1
354.34,48,0.0209,0.0425,1.000,1.000,59.7,0.0167,1.0000,1.00,72,0,351.74,1,1
355.34,49,0.0204,0.0409,1.000,1.000,59.9,0.0167,1.0000,1.00,72,0,352.74,1,1
356.37,49,0.0210,0.0416,1.000,1.000,60.2,0.0167,1.0000,1.00,72,0,353.77,1,1
357.39,49,0.0207,0.0419,1.000,1.000,60.1,0.0167,1.0000,1.00,72,0,354.78,1,1
358.39,48,0.0209,0.0425,1.000,1.000,59.8,0.0167,1.0000,1.00,72,0,355.79,1,1
359.39,49,0.0205,0.0414,1.000,1.000,59.9,0.0167,1.0000,1.00,72,0,356.79,1,1
360.40,45,0.0224,0.0418,1.000,1.000,60.6,0.0167,1.0000,1.00,72,0,357.79,1,1
361.41,49,0.0207,0.0454,1.000,1.000,60.3,0.0167,1.0000,1.00,72,0,358.81,1,1
362.43,47,0.0217,0.0408,1.000,1.000,59.7,0.0167,1.0000,1.00,72,0,359.83,1,1
363.45,49,0.0207,0.0468,1.000,1.000,60.3,0.0167,1.0000,1.00,72,0,360.84,1,1
364.45,46,0.0219,0.0400,1.000,1.000,59.5,0.0167,1.0000,1.00,72,0,361.85,1,1
365.47,48,0.0212,0.0418,1.000,1.000,60.0,0.0167,1.0000,1.00,72,0,362.86,1,1
366.48,49,0.0206,0.0400,1.000,1.000,60.6,0.0167,1.0000,1.00,72,0,363.87,1,1
367.50,50,0.0204,0.0311,1.000,1.000,59.8,0.0167,1.0000,1.00,72,0,364.89,1,1
368.51,50,0.0203,0.0420,1.000,1.000,60.0,0.0167,1.0000,1.00,72,0,365.91,1,1
369.53,49,0.0207,0.0342,1.000,1.000,60.3,0.0167,1.0000,1.00,72,0,366.92,1,1
370.55,48,0.0214,0.0686,1.000,1.000,59.4,0.0167,1.0000,1.00,72,0,367.95,1,1
371.57,49,0.0207,0.0458,1.000,1.000,60.0,0.0167,1.0000,1.00,72,0,368.96,1,1
372.59,50,0.0204,0.0331,1.000,1.000,59.8,0.0167,1.0000,1.00,72,0,369.98,1,1
373.60,49,0.0206,0.0402,1.000,1.000,60.3,0.0167,1.0000,1.00,72,0,370.99,1,1
374.62,50,0.0203,0.0462,1.000,1.000,60.1,0.0167,1.0000,1.00,72,0,372.01,1,1
375.62,49,0.0205,0.0426,1.000,1.000,59.8,0.0167,1.0000,1.00,72,0,373.01,1,1
376.63,48,0.0211,0.0414,1.000,1.000,60.3,0.0167,1.0000,1.00,72,0,374.02,1,1
377.65,50,0.0203,0.0446,1.000,1.000,60.0,0.0167,1.0000,1.00,72,0,375.04,1,1
378.66,50,0.0203,0.0386,1.000,1.000,60.2,0.0167,1.0000,1.00,72,0,376.05,1,1
379.67,48,0.0210,0.0437,1.000,1.000,59.5,0.0167,1.0000,1.00,72,0,377.06,1,1
380.69,48,0.0212,0.0363,1.000,1.000,60.8,0.0167,1.0000,1.00,72,0,378.08,1,1
381.69,47,0.0214,0.0372,1.000,1.000,59.7,0.0167,1.0000,1.00,72,0,379.09,1,1
382.72,48,0.0215,0.0394,1.000,1.000,60.2,0.0167,1.0000,1.00,72,0,380.12,1,1
383.73,48,0.0210,0.0424,1.000,1.000,59.6,0.0167,1.0000,1.00,72,0,381.12,1,1
384.74,48,0.0210,0.0419,1.000,1.000,60.4,0.0167,1.0000,1.00,72,0,382.13,1,1
385.75,49,0.0207,0.0437,1.000,1.000,59.2,0.0167,1.0000,1.00,72,0,383.15,1,1
386.79,47,0.0220,0.0419,1.000,1.000,60.0,0.0167,1.0000,1.00,72,0,384.18,1,1
387.80,47,0.0216,0.0369,1.000,1.000,60.1,0.0167,1.0000,1.00,72,0,385.19,1,1
388.81,47,0.0215,0.0457,1.000,1.000,60.3,0.0167,1.0000,1.00,72,0,386.21,1,1
389.84,46,0.0223,0.0399,1.000,1.000,60.6,0.0167,1.0000,1.00,72,0,387.23,1,1
390.84,48,0.0208,0.0394,1.000,1.000,60.0,0.0167,1.0000,1.00,72,0,388.23,1,1
391.85,48,0.0212,0.0410,1.000,1.000,59.9,0.0167,1.0000,1.00,72,0,389.25,1,1
392.88,48,0.0214,0.0424,1.000,1.000,59.4,0.0167,1.0000,1.00,72,0,390.28,1,1
393.89,47,0.0215,0.0416,1.000,1.000,60.5,0.0167,1.0000,1.00,72,0,391.28,1,1
394.91,46,0.0221,0.0426,1.000,1.000,60.0,0.0167,1.0000,1.00,72,0,392.30,1,1
395.91,47,0.0214,0.0386,1.000,1.000,59.6,0.0167,1.0000,1.00,72,0,393.31,1,1
396.92,46,0.0218,0.0442,1.000,1.000,60.8,0.0167,1.0000,1.00,72,0,394.31,1,1
397.93,49,0.0206,0.0344,1.000,1.000,59.4,0.0167,1.0000,1.00,72,0,395.32,1,1
398.94,46,0.0221,0.0460,1.000,1.000,60.1,0.0167,1.0000,1.00,72,0,396.34,1,1
399.96,45,0.0225,0.0406,1.000,1.000,60.2,0.0167,1.0000,1.00,72,0,397.35,1,1
400.98,46,0.0224,0.0412,1.000,1.000,60.2,0.0167,1.0000,1.00,72,0,398.38,1,1
402.00,48,0.0213,0.0428,1.000,1.000,59.8,0.0167,1.0000,1.00,72,0,399.40,1,1
403.01,47,0.0213,0.0408,1.000,1.000,59.9,0.0167,1.0000,1.00,72,0,400.40,1,1
404.01,47,0.0214,0.0378,1.000,1.000,59.7,0.0167,1.0000,1.00,72,0,401.41,1,1
405.02,46,0.0219,0.0416,1.000,1.000,60.6,0.0167,1.0000,1.00,72,0,402.41,1,1
406.04,47,0.0217,0.0390,1.000,1.000,59.7,0.0167,1.0000,1.00,72,0,403.43,1,1
407.05,47,0.0215,0.0409,1.000,1.000,60.4,0.0167,1.0000,1.00,72,0,404.44,1,1
408.06,48,0.0210,0.0411,1.000,1.000,59.5,0.0167,1.0000,1.00,72,0,405.45,1,1
409.08,49,0.0207,0.0417,1.000,1.000,60.1,0.0167,1.0000,1.00,72,0,406.47,1,1
410.08,47,0.0213,0.0465,1.000,1.000,60.9,0.0167,1.0000,1.00,72,0,407.47,1,1
411.09,50,0.0203,0.0456,1.000,1.000,59.1,0.0167,1.0000,1.00,72,0,408.49,1,1
412.11,46,0.0220,0.0419,1.000,1.000,60.2,0.0167,1.0000,1.00,72,0,409.50,1,1
413.12,45,0.0225,0.0416,1.000,1.000,60.3,0.0167,1.0000,1.00,72,0,410.51,1,1
414.13,46,0.0221,0.0419,1.000,1.000,60.1,0.0167,1.0000,1.00,72,0,411.53,1,1
415.14,46,0.0218,0.0437,1.000,1.000,59.9,0.0167,1.0000,1.00,72,0,412.53,1,1
416.15,46,0.0220,0.0424,1.000,1.000,60.3,0.0167,1.0000,1.00,72,0,413.54,1,1
417.15,47,0.0214,0.0409,1.000,1.000,59.7,0.0167,1.0000,1.00,72,0,414.55,1,1
418.16,47,0.0215,0.0420,1.000,1.000,60.4,0.0167,1.0000,1.00,72,0,415.56,1,1
419.17,46,0.0219,0.0396,1.000,1.000,59.5,0.0167,1.0000,1.00,72,0,416.56,1,1
420.19,46,0.0221,0.0454,1.000,1.000,60.1,0.0167,1.0000,1.00,72,0,417.58,1,1
421.19,48,0.0210,0.0399,1.000,1.000,60.5,0.0167,1.0000,1.00,72,0,418.59,1,1
422.21,48,0.0211,0.0424,1.000,1.000,60.1,0.0167,1.0000,1.00,72,0,419.60,1,1
423.21,49,0.0205,0.0334,1.000,1.000,59.7,0.0167,1.0000,1.00,72,0,420.61,1,1
424.22,46,0.0218,0.0410,1.000,1.000,59.9,0.0167,1.0000,1.00,72,0,421.61,1,1
425.23,47,0.0215,0.0369,1.000,1.000,60.4,0.0167,1.0000,1.00,72,0,422.62,1,1
426.24,46,0.0220,0.0423,1.000,1.000,60.3,0.0167,1.0000,1.00,72,0,423.63,1,1
427.26,46,0.0223,0.0409,1.000,1.000,59.6,0.0167,1.0000,1.00,72,0,424.66,1,1
428.27,47,0.0214,0.0415,1.000,1.000,60.5,0.0167,1.0000,1.00,72,0,425.66,1,1
429.29,49,0.0208,0.0427,1.000,1.000,59.7,0.0167,1.0000,1.00,72,0,426.68,1,1
430.30,46,0.0220,0.0407,1.000,1.000,59.3,0.0167,1.0000,1.00,72,0,427.70,1,1
431.33,47,0.0220,0.0410,1.000,1.000,60.1,0.0167,1.0000,1.00,72,0,428.73,1,1
432.35,46,0.0220,0.0452,1.000,1.000,60.1,0.0167,1.0000,1.00,72,0,429.74,1,1
433.35,47,0.0213,0.0430,1.000,1.000,59.9,0.0167,1.0000,1.00,72,0,430.74,1,1
434.36,48,0.0210,0.0422,1.000,1.000,60.4,0.0167,1.0000,1.00,72,0,431.75,1,1
435.36,45,0.0223,0.0677,1.000,1.000,59.8,0.0167,1.0000,1.00,72,0,432.76,1,1
436.37,48,0.0211,0.0409,1.000,1.000,60.2,0.0167,1.0000,1.00,72,0,433.77,1,1
437.41,49,0.0210,0.0421,1.000,1.000,60.2,0.0167,1.0000,1.00,72,0,434.80,1,1
438.41,48,0.0208,0.0360,1.000,1.000,60.0,0.0167,1.0000,1.00,72,0,435.80,1,1
439.41,46,0.0218,0.0437,1.000,1.000,59.7,0.0167,1.0000,1.00,72,0,436.80,1,1
440.42,46,0.0219,0.0412,1.000,1.000,60.6,0.0167,1.0000,1.00,72,0,437.81,1,1
441.44,47,0.0217,0.0400,1.000,1.000,59.7,0.0167,1.0000,1.00,72,0,438.83,1,1
442.46,48,0.0212,0.0401,1.000,1.000,59.9,0.0167,1.0000,1.00,72,0,439.85,1,1
443.47,48,0.0211,0.0405,1.000,1.000,60.3,0.0167,1.0000,1.00,72,0,440.86,1,1
444.48,48,0.0211,0.0370,1.000,1.000,60.4,0.0167,1.0000,1.00,72,0,441.87,1,1
445.48,47,0.0213,0.0416,1.000,1.000,60.0,0.0167,1.0000,1.00,72,0,442.87,1,1
446.49,47,0.0216,0.0396,1.000,1.000,59.2,0.0167,1.0000,1.00,72,0,443.89,1,1
447.50,46,0.0218,0.0409,1.000,1.000,60.9,0.0167,1.0000,1.00,72,0,444.89,1,1
448.50,47,0.0214,0.0358,1.000,1.000,59.5,0.0167,1.0000,1.00,72,0,445.90,1,1
449.51,48,0.0210,0.0411,1.000,1.000,60.4,0.0167,1.0000,1.00,72,0,446.91,1,1
450.52,45,0.0223,0.0448,1.000,1.000,59.7,0.0167,1.0000,1.00,72,0,447.91,1,1
451.53,46,0.0220,0.0404,1.000,1.000,60.4,0.0167,1.0000,1.00,72,0,448.92,1,1
452.54,46,0.0221,0.0410,1.000,1.000,60.1,0.0167,1.0000,1.00,72,0,449.94,1,1
453.56,49,0.0208,0.0401,1.000,1.000,59.8,0.0167,1.0000,1.00,72,0,450.96,1,1
454.57,47,0.0213,0.0437,1.000,1.000,59.8,0.0167,1.0000,1.00,72,0,451.96,1,1
455.58,46,0.0220,0.0447,1.000,1.000,60.2,0.0167,1.0000,1.00,72,0,452.97,1,1
456.58,48,0.0209,0.0402,1.000,1.000,59.9,0.0167,1.0000,1.00,72,0,453.98,1,1
457.59,48,0.0210,0.0408,1.000,1.000,59.6,0.0167,1.0000,1.00,72,0,454.98,1,1
458.61,48,0.0212,0.0418,1.000,1.000,60.0,0.0167,1.0000,1.00,72,0,456.00,1,1
459.62,48,0.0211,0.0343,1.000,1.000,60.1,0.0167,1.0000,1.00,72,0,457.01,1,1
460.63,47,0.0215,0.0407,1.000,1.000,60.3,0.0167,1.0000,1.00,72,0,458.03,1,1
461.64,46,0.0219,0.0436,1.000,1.000,59.7,0.0167,1.0000,1.00,72,0,459.03,1,1
462.65,45,0.0225,0.0445,1.000,1.000,60.1,0.0167,1.0000,1.00,72,0,460.04,1,1
463.67,47,0.0217,0.0463,1.000,1.000,59.9,0.0167,1.0000,1.00,72,0,461.06,1,1
464.68,48,0.0211,0.0351,1.000,1.000,60.1,0.0167,1.0000,1.00,72,0,462.08,1,1
465.69,47,0.0214,0.0435,1.000,1.000,60.5,0.0167,1.0000,1.00,72,0,463.09,1,1
466.73,46,0.0225,0.0462,1.000,1.000,59.9,0.0167,1.0000,1.00,72,0,464.12,1,1
467.74,48,0.0211,0.0399,1.000,1.000,60.3,0.0167,1.0000,1.00,72,0,465.13,1,1
468.76,48,0.0212,0.0417,1.000,1.000,59.9,0.0167,1.0000,1.00,72,0,466.15,1,1
469.76,47,0.0213,0.0443,1.000,1.000,59.9,0.0167,1.0000,1.00,72,0,467.15,1,1
470.77,48,0.0211,0.0450,1.000,1.000,60.2,0.0167,1.0000,1.00,72,0,468.17,1,1
471.80,47,0.0219,0.0369,1.000,1.000,60.3,0.0167,1.0000,1.00,72,0,469.20,1,1
472.82,46,0.0222,0.0424,1.000,1.000,59.7,0.0167,1.0000,1.00,72,0,470.22,1,1
473.86,50,0.0207,0.0377,1.000,1.000,59.8,0.0167,1.0000,1.00,72,0,471.25,1,1
474.88,47,0.0216,0.0435,1.000,1.000,60.0,0.0167,1.0000,1.00,72,0,472.27,1,1
475.88,48,0.0209,0.0407,1.000,1.000,59.8,0.0167,1.0000,1.00,72,0,473.27,1,1
476.88,47,0.0213,0.0435,1.000,1.000,59.8,0.0167,1.0000,1.00,72,0,474.28,1,1
477.89,46,0.0220,0.0444,1.000,1.000,60.2,0.0167,1.0000,1.00,72,0,475.29,1,1
478.90,47,0.0215,0.0403,1.000,1.000,60.4,0.0167,1.0000,1.00,72,0,476.30,1,1
479.92,46,0.0222,0.0425,1.000,1.000,59.8,0.0167,1.0000,1.00,72,0,477.32,1,1
480.93,48,0.0209,0.0414,1.000,1.000,59.7,0.0167,1.0000,1.00,72,0,478.32,1,1
481.93,47,0.0213,0.0398,1.000,1.000,60.0,0.0167,1.0000,1.00,72,0,479.32,1,1
482.95,47,0.0218,0.0422,1.000,1.000,60.6,0.0167,1.0000,1.00,72,0,480.35,1,1
483.97,48,0.0212,0.0384,1.000,1.000,60.0,0.0167,1.0000,1.00,72,0,481.36,1,1
484.98,47,0.0215,0.0401,1.000,1.000,59.5,0.0167,1.0000,1.00,72,0,482.37,1,1
485.99,48,0.0211,0.0424,1.000,1.000,60.1,0.0167,1.0000,1.00,72,0,483.39,1,1
487.00,47,0.0215,0.0383,1.000,1.000,60.3,0.0167,1.0000,1.00,72,0,484.40,1,1
488.02,47,0.0216,0.0405,1.000,1.000,60.1,0.0167,1.0000,1.00,72,0,485.41,1,1
489.03,46,0.0221,0.0403,1.000,1.000,60.0,0.0167,1.0000,1.00,72,0,486.43,1,1
490.04,47,0.0214,0.0394,1.000,1.000,59.7,0.0167,1.0000,1.00,72,0,487.43,1,1
491.05,45,0.0224,0.0414,1.000,1.000,60.6,0.0167,1.0000,1.00,72,0,488.44,1,1
492.05,46,0.0219,0.0390,1.000,1.000,59.6,0.0167,1.0000,1.00,72,0,489.45,1,1
493.06,47,0.0214,0.0406,1.000,1.000,59.8,0.0167,1.0000,1.00,72,0,490.45,1,1
494.08,46,0.0222,0.0413,1.000,1.000,60.8,0.0167,1.0000,1.00,72,0,491.47,1,1
495.08,48,0.0209,0.0417,1.000,1.000,59.9,0.0167,1.0000,1.00,72,0,492.47,1,1
496.09,47,0.0215,0.0403,1.000,1.000,59.5,0.0167,1.0000,1.00,72,0,493.48,1,1
497.09,49,0.0205,0.0407,1.000,1.000,59.9,0.0167,1.0000,1.00,72,0,494.49,1,1
498.11,48,0.0212,0.0417,1.000,1.000,61.0,0.0167,1.0000,1.00,72,0,495.50,1,1
499.14,49,0.0210,0.0455,1.000,1.000,59.3,0.0167,1.0000,1.00,72,0,496.53,1,1
500.15,47,0.0216,0.0400,1.000,1.000,60.0,0.0167,1.0000,1.00,72,0,497.55,1,1
501.16,47,0.0215,0.0693,1.000,1.000,60.5,0.0167,1.0000,1.00,72,0,498.56,1,1
502.17,48,0.0211,0.0400,1.000,1.000,60.3,0.0167,1.0000,1.00,72,0,499.57,1,1
503.19,50,0.0203,0.0381,1.000,1.000,59.2,0.0167,1.0000,1.00,72,0,500.58,1,1
504.20,49,0.0208,0.0428,1.000,1.000,59.9,0.0167,1.0000,1.00,72,0,501.60,1,1
505.21,49,0.0205,0.0418,1.000,1.000,60.7,0.0167,1.0000,1.00,72,0,502.60,1,1
506.22,48,0.0210,0.0422,1.000,1.000,59.6,0.0167,1.0000,1.00,72,0,503.61,1,1
507.23,50,0.0202,0.0419,1.000,1.000,60.3,0.0167,1.0000,1.00,72,0,504.62,1,1
508.24,47,0.0216,0.0412,1.000,1.000,60.0,0.0167,1.0000,1.00,72,0,505.64,1,1
509.24,47,0.0213,0.0421,1.000,1.000,59.9,0.0167,1.0000,1.00,72,0,506.64,1,1
510.24,48,0.0208,0.0432,1.000,1.000,60.0,0.0167,1.0000,1.00,72,0,507.64,1,1
511.25,47,0.0214,0.0408,1.000,1.000,59.5,0.0167,1.0000,1.00,72,0,508.65,1,1
512.27,48,0.0211,0.0436,1.000,1.000,60.2,0.0167,1.0000,1.00,72,0,509.66,1,1
513.27,47,0.0213,0.0425,1.000,1.000,59.9,0.0167,1.0000,1.00,72,0,510.66,1,1
514.28,47,0.0214,0.0436,1.000,1.000,60.5,0.0167,1.0000,1.00,72,0,511.67,1,1
515.28,46,0.0219,0.0425,1.000,1.000,59.6,0.0167,1.0000,1.00,72,0,512.68,1,1
516.30,49,0.0207,0.0466,1.000,1.000,60.1,0.0167,1.0000,1.00,72,0,513.69,1,1
517.33,50,0.0206,0.0408,1.000,1.000,60.2,0.0167,1.0000,1.00,72,0,514.72,1,1
518.34,48,0.0211,0.0400,1.000,1.000,60.3,0.0167,1.0000,1.00,72,0,515.73,1,1
519.35,49,0.0207,0.0451,1.000,1.000,60.3,0.0167,1.0000,1.00,72,0,516.75,1,1
520.38,51,0.0201,0.0410,1.000,1.000,59.5,0.0167,1.0000,1.00,72,0,517.77,1,1
521.38,50,0.0200,0.0461,1.000,1.000,59.9,0.0167,1.0000,1.00,72,0,518.77,1,1
522.39,50,0.0203,0.0403,1.000,1.000,60.0,0.0167,1.0000,1.00,72,0,519.79,1,1
523.39,46,0.0217,0.0417,1.000,1.000,60.0,0.0167,1.0000,1.00,72,0,520.79,1,1
524.40,48,0.0209,0.0421,1.000,1.000,59.9,0.0167,1.0000,1.00,72,0,521.79,1,1
525.42,49,0.0209,0.0420,1.000,1.000,60.6,0.0167,1.0000,1.00,72,0,522.81,1,1
526.42,50,0.0201,0.0402,1.000,1.000,59.8,0.0167,1.0000,1.00,72,0,523.82,1,1
527.43,49,0.0205,0.0387,1.000,1.000,59.8,0.0167,1.0000,1.00,72,0,524.82,1,1
528.44,47,0.0215,0.0417,1.000,1.000,60.2,0.0167,1.0000,1.00,72,0,525.83,1,1
529.45,50,0.0203,0.0391,1.000,1.000,60.1,0.0167,1.0000,1.00,72,0,526.85,1,1
530.48,49,0.0209,0.0444,1.000,1.000,59.5,0.0167,1.0000,1.00,72,0,527.87,1,1
531.49,49,0.0207,0.0401,1.000,1.000,60.1,0.0167,1.0000,1.00,72,0,528.89,1,1
532.51,49,0.0208,0.0394,1.000,1.000,60.8,0.0167,1.0000,1.00,72,0,529.91,1,1
533.52,52,0.0194,0.0425,1.000,1.000,59.5,0.0167,1.0000,1.00,72,0,530.91,1,1
534.55,49,0.0211,0.0423,1.000,1.000,59.9,0.0167,1.0000,1.00,72,0,531.95,1,1
535.59,49,0.0211,0.0430,1.000,1.000,60.1,0.0167,1.0000,1.00,72,0,532.98,1,1
536.61,49,0.0208,0.0424,1.000,1.000,59.9,0.0167,1.0000,1.00,72,0,534.00,1,1
537.61,47,0.0214,0.0413,1.000,1.000,60.6,0.0167,1.0000,1.00,72,0,535.01,1,1
538.62,48,0.0210,0.0408,1.000,1.000,59.5,0.0167,1.0000,1.00,72,0,536.01,1,1
539.63,46,0.0219,0.0405,1.000,1.000,60.6,0.0167,1.0000,1.00,72,0,537.02,1,1
540.64,47,0.0216,0.0404,1.000,1.000,59.2,0.0167,1.0000,1.00,72,0,538.03,1,1
541.66,46,0.0223,0.0441,1.000,1.000,60.5,0.0167,1.0000,1.00,72,0,539.06,1,1
542.69,48,0.0214,0.0402,1.000,1.000,60.2,0.0167,1.0000,1.00,72,0,540.09,1,1
543.73,49,0.0211,0.0420,1.000,1.000,59.8,0.0167,1.0000,1.00,72,0,541.12,1,1
544.73,48,0.0209,0.0431,1.000,1.000,59.9,0.0167,1.0000,1.00,72,0,542.13,1,1
545.74,47,0.0214,0.0430,1.000,1.000,60.6,0.0167,1.0000,1.00,72,0,543.13,1,1
546.76,47,0.0216,0.0455,1.000,1.000,60.0,0.0167,1.0000,1.00,72,0,544.15,1,1
547.78,47,0.0218,0.0413,1.000,1.000,59.4,0.0167,1.0000,1.00,72,0,545.18,1,1
548.78,49,0.0204,0.0317,1.000,1.000,59.9,0.0167,1.0000,1.00,72,0,546.18,1,1
549.81,48,0.0213,0.0457,1.000,1.000,60.6,0.0167,1.0000,1.00,72,0,547.20,1,1
550.82,48,0.0211,0.0446,1.000,1.000,60.1,0.0167,1.0000,1.00,72,0,548.22,1,1
551.84,49,0.0208,0.0386,1.000,1.000,59.8,0.0167,1.0000,1.00,72,0,549.24,1,1
552.85,48,0.0210,0.0417,1.000,1.000,59.6,0.0167,1.0000,1.00,72,0,550.24,1,1
553.87,48,0.0212,0.0397,1.000,1.000,59.9,0.0167,1.0000,1.00,72,0,551.26,1,1
554.90,50,0.0206,0.0386,1.000,1.000,60.3,0.0167,1.0000,1.00,72,0,552.29,1,1
555.90,49,0.0205,0.0422,1.000,1.000,59.8,0.0167,1.0000,1.00,72,0,553.29,1,1
556.90,48,0.0208,0.0457,1.000,1.000,60.0,0.0167,1.0000,1.00,72,0,554.29,1,1
557.91,48,0.0210,0.0419,1.000,1.000,60.5,0.0167,1.0000,1.00,72,0,555.30,1,1
558.91,47,0.0213,0.0394,1.000,1.000,59.9,0.0167,1.0000,1.00,72,0,556.30,1,1
559.92,47,0.0214,0.0425,1.000,1.000,59.6,0.0167,1.0000,1.00,72,0,557.31,1,1
560.92,49,0.0204,0.0399,1.000,1.000,60.9,0.0167,1.0000,1.00,72,0,558.31,1,1
561.92,48,0.0209,0.0418,1.000,1.000,59.7,0.0167,1.0000,1.00,72,0,559.32,1,1
562.93,47,0.0214,0.0401,1.000,1.000,59.6,0.0167,1.0000,1.00,72,0,560.32,1,1
563.96,47,0.0218,0.0415,1.000,1.000,60.5,0.0167,1.0000,1.00,72,0,561.35,1,1
564.96,46,0.0219,0.0672,1.000,1.000,59.6,0.0167,1.0000,1.00,72,0,562.36,1,1
565.96,45,0.0222,0.0368,1.000,1.000,60.0,0.0167,1.0000,1.00,72,0,563.36,1,1
566.97,47,0.0214,0.0397,1.000,1.000,60.6,0.0167,1.0000,1.00,72,0,564.36,1,1
567.98,46,0.0220,0.0387,1.000,1.000,60.2,0.0167,1.0000,1.00,72,0,565.38,1,1
568.98,47,0.0213,0.0406,1.000,1.000,60.0,0.0167,1.0000,1.00,72,0,566.38,1,1
570.00,46,0.0220,0.0384,1.000,1.000,60.2,0.0167,1.0000,1.00,72,0,567.39,1,1
571.01,46,0.0219,0.0405,1.000,1.000,59.4,0.0167,1.0000,1.00,72,0,568.40,1,1
572.01,47,0.0213,0.0430,1.000,1.000,60.0,0.0167,1.0000,1.00,72,0,569.40,1,1
573.01,46,0.0218,0.0427,1.000,1.000,60.8,0.0167,1.0000,1.00,72,0,570.41,1,1
574.03,48,0.0211,0.0373,1.000,1.000,59.1,0.0167,1.0000,1.00,72,0,571.42,1,1
575.04,47,0.0217,0.0415,1.000,1.000,60.9,0.0167,1.0000,1.00,72,0,572.44,1,1
576.07,47,0.0217,0.0403,1.000,1.000,59.7,0.0167,1.0000,1.00,72,0,573.46,1,1
577.08,47,0.0216,0.0419,1.000,1.000,60.2,0.0167,1.0000,1.00,72,0,574.47,1,1
578.11,48,0.0216,0.0416,1.000,1.000,59.9,0.0167,1.0000,1.00,72,0,575.51,1,1
579.14,48,0.0213,0.0367,1.000,1.000,59.7,0.0167,1.0000,1.00,72,0,576.53,1,1
580.15,47,0.0215,0.0362,1.000,1.000,60.3,0.0167,1.0000,1.00,72,0,577.54,1,1
581.15,47,0.0213,0.0421,1.000,1.000,60.0,0.0167,1.0000,1.00,72,0,578.54,1,1
582.16,47,0.0215,0.0414,1.000,1.000,60.3,0.0167,1.0000,1.00,72,0,579.55,1,1
583.18,48,0.0213,0.0415,1.000,1.000,59.7,0.0167,1.0000,1.00,72,0,580.58,1,1
584.20,47,0.0216,0.0383,1.000,1.000,60.2,0.0167,1.0000,1.00,72,0,581.59,1,1
585.20,49,0.0206,0.0429,1.000,1.000,59.5,0.0167,1.0000,1.00,72,0,582.60,1,1
586.21,47,0.0214,0.0398,1.000,1.000,60.8,0.0167,1.0000,1.00,72,0,583.60,1,1
587.22,48,0.0210,0.0406,1.000,1.000,59.5,0.0167,1.0000,1.00,72,0,584.61,1,1
588.22,49,0.0205,0.0431,1.000,1.000,59.8,0.0167,1.0000,1.00,72,0,585.61,1,1
589.23,47,0.0215,0.0458,1.000,1.000,60.3,0.0167,1.0000,1.00,72,0,586.62,1,1
590.23,48,0.0209,0.0440,1.000,1.000,59.9,0.0167,1.0000,1.00,72,0,587.63,1,1
591.24,50,0.0201,0.0386,1.000,1.000,59.8,0.0167,1.0000,1.00,72,0,588.63,1,1
592.26,48,0.0213,0.0401,1.000,1.000,60.8,0.0167,1.0000,1.00,72,0,589.65,1,1
593.27,48,0.0211,0.0397,1.000,1.000,60.1,0.0167,1.0000,1.00,72,0,590.66,1,1
594.28,48,0.0210,0.0398,1.000,1.000,59.4,0.0167,1.0000,1.00,72,0,591.67,1,1
595.29,48,0.0210,0.0376,1.000,1.000,60.4,0.0167,1.0000,1.00,72,0,592.68,1,1
596.29,47,0.0214,0.0391,1.000,1.000,59.7,0.0167,1.0000,1.00,72,0,593.69,1,1
597.30,47,0.0214,0.0387,1.000,1.000,59.7,0.0167,1.0000,1.00,72,0,594.69,1,1
598.31,47,0.0216,0.0408,1.000,1.000,60.1,0.0167,1.0000,1.00,72,0,595.71,1,1
599.33,48,0.0211,0.0375,1.000,1.000,60.2,0.0167,1.0000,1.00,72,0,596.72,1,1
600.33,48,0.0210,0.0393,1.000,1.000,60.6,0.0167,1.0000,1.00,72,0,597.73,1,1
601.34,50,0.0200,0.0469,1.000,1.000,59.9,0.0167,1.0000,1.00,72,0,598.73,1,1
602.36,49,0.0210,0.0396,1.000,1.000,59.3,0.0167,1.0000,1.00,72,0,599.76,1,1
603.38,50,0.0203,0.0459,1.000,1.000,60.1,0.0167,1.0000,1.00,72,0,600.77,1,1
604.39,47,0.0214,0.0403,1.000,1.000,60.6,0.0167,1.0000,1.00,72,0,601.78,1,1
605.39,47,0.0213,0.0417,1.000,1.000,59.8,0.0167,1.0000,1.00,72,0,602.78,1,1
606.40,49,0.0207,0.0398,1.000,1.000,60.1,0.0167,1.0000,1.00,72,0,603.80,1,1
607.43,49,0.0209,0.0437,1.000,1.000,59.6,0.0167,1.0000,1.00,72,0,604.82,1,1
608.43,48,0.0210,0.0431,1.000,1.000,60.6,0.0167,1.0000,1.00,72,0,605.83,1,1
609.46,49,0.0209,0.0423,1.000,1.000,59.5,0.0167,1.0000,1.00,72,0,606.85,1,1
610.46,48,0.0210,0.0423,1.000,1.000,60.6,0.0167,1.0000,1.00,72,0,607.86,1,1
611.48,48,0.0212,0.0390,1.000,1.000,59.9,0.0167,1.0000,1.00,72,0,608.88,1,1
612.48,48,0.0209,0.0380,1.000,1.000,59.9,0.0167,1.0000,1.00,72,0,609.88,1,1
613.49,48,0.0209,0.0435,1.000,1.000,59.9,0.0167,1.0000,1.00,72,0,610.88,1,1
614.50,49,0.0207,0.0343,1.000,1.000,60.1,0.0167,1.0000,1.00,72,0,611.90,1,1
615.51,48,0.0210,0.0425,1.000,1.000,59.7,0.0167,1.0000,1.00,72,0,612.90,1,1
616.52,48,0.0211,0.0430,1.000,1.000,60.2,0.0167,1.0000,1.00,72,0,613.91,1,1
617.54,48,0.0211,0.0348,1.000,1.000,60.1,0.0167,1.0000,1.00,72,0,614.93,1,1
618.55,49,0.0208,0.0425,1.000,1.000,59.9,0.0167,1.0000,1.00,72,0,615.95,1,1
619.56,48,0.0210,0.0449,1.000,1.000,60.6,0.0167,1.0000,1.00,72,0,616.95,1,1
620.57,48,0.0209,0.0402,1.000,1.000,59.7,0.0167,1.0000,1.00,72,0,617.96,1,1
621.60,48,0.0215,0.0524,1.000,1.000,60.1,0.0167,1.0000,1.00,72,0,618.99,1,1
622.61,59,0.0172,0.0502,1.000,1.000,60.2,0.0167,1.0000,1.00,72,0,620.01,1,1
623.62,61,0.0166,0.0526,1.000,1.000,60.2,0.0167,1.0000,1.00,72,0,621.02,1,1
624.63,45,0.0224,0.0505,1.000,1.000,59.5,0.0167,1.0000,1.00,72,0,622.03,1,1
625.65,52,0.0195,0.0446,1.000,1.000,60.1,0.0167,1.0000,1.00,72,0,623.04,1,1
626.66,53,0.0192,0.0252,1.000,1.000,60.1,0.0167,1.0000,1.00,72,0,624.06,1,1
627.69,54,0.0189,0.0277,1.000,1.000,59.7,0.0167,1.0000,1.00,72,0,625.08,1,1
628.69,52,0.0193,0.0291,1.000,1.000,60.7,0.0167,1.0000,1.00,72,0,626.08,1,1
629.69,49,0.0204,0.0694,1.000,1.000,59.9,0.0167,1.0000,1.00,72,0,627.08,1,1
630.72,51,0.0202,0.0450,1.000,1.000,59.3,0.0167,1.0000,1.00,72,0,628.11,1,1
631.73,53,0.0190,0.0449,1.000,1.000,60.4,0.0167,1.0000,1.00,72,0,629.12,1,1
632.73,51,0.0196,0.0455,1.000,1.000,59.9,0.0167,1.0000,1.00,72,0,630.13,1,1
633.74,52,0.0193,0.0321,1.000,1.000,60.6,0.0167,1.0000,1.00,72,0,631.13,1,1
634.74,50,0.0201,0.0458,1.000,1.000,59.8,0.0167,1.0000,1.00,72,0,632.14,1,1
635.78,52,0.0200,0.0444,1.000,1.000,59.6,0.0167,1.0000,1.00,72,0,633.18,1,1
636.78,51,0.0196,0.0459,1.000,1.000,59.9,0.0167,1.0000,1.00,72,0,634.18,1,1
637.80,53,0.0191,0.0427,1.000,1.000,60.2,0.0167,1.0000,1.00,72,0,635.19,1,1
638.80,53,0.0189,0.0460,1.000,1.000,59.9,0.0167,1.0000,1.00,72,0,636.19,1,1
639.81,54,0.0187,0.0269,1.000,1.000,60.6,0.0167,1.0000,1.00,72,0,637.20,1,1
640.81,53,0.0189,0.0324,1.000,1.000,59.9,0.0167,1.0000,1.00,72,0,638.20,1,1
641.81,52,0.0194,0.0425,1.000,1.000,59.6,0.0167,1.0000,1.00,72,0,639.21,1,1
642.82,53,0.0190,0.0451,1.000,1.000,60.7,0.0167,1.0000,1.00,72,0,640.21,1,1
643.84,53,0.0193,0.0450,1.000,1.000,59.7,0.0167,1.0000,1.00,72,0,641.23,1,1
644.85,53,0.0190,0.0458,1.000,1.000,59.7,0.0167,1.0000,1.00,72,0,642.24,1,1
645.85,52,0.0193,0.0471,1.000,1.000,60.8,0.0167,1.0000,1.00,72,0,643.24,1,1
646.85,51,0.0197,0.0470,1.000,1.000,59.7,0.0167,1.0000,1.00,72,0,644.25,1,1
647.87,52,0.0196,0.0465,1.000,1.000,59.8,0.0167,1.0000,1.00,72,0,645.27,1,1
648.88,52,0.0193,0.0448,1.000,1.000,59.7,0.0167,1.0000,1.00,72,0,646.27,1,1
649.90,54,0.0190,0.0422,1.000,1.000,60.5,0.0167,1.0000,1.00,72,0,647.30,1,1
650.91,53,0.0190,0.0434,1.000,1.000,59.6,0.0167,1.0000,1.00,72,0,648.30,1,1
651.93,53,0.0192,0.0471,1.000,1.000,60.8,0.0167,1.0000,1.00,72,0,649.32,1,1
652.96,53,0.0194,0.0439,1.000,1.000,59.2,0.0167,1.0000,1.00,72,0,650.36,1,1
653.98,52,0.0196,0.0468,1.000,1.000,60.8,0.0167,1.0000,1.00,72,0,651.38,1,1
654.99,53,0.0190,0.0397,1.000,1.000,59.6,0.0167,1.0000,1.00,72,0,652.38,1,1
655.99,38,0.0264,0.0508,1.000,1.000,59.8,0.0167,1.0000,1.00,72,0,653.39,1,1
657.00,67,0.0151,0.0399,1.000,1.000,60.4,0.0167,1.0000,1.00,72,0,654.39,1,1
658.02,40,0.0256,0.0522,1.000,1.000,59.6,0.0167,1.0000,1.00,72,0,655.42,1,1
659.03,36,0.0278,0.0524,1.000,1.000,59.9,0.0167,1.0000,1.00,72,0,656.42,1,1
660.03,67,0.0149,0.0483,1.000,1.000,60.0,0.0167,1.0000,1.00,72,0,657.42,1,1
661.03,43,0.0234,0.0525,1.000,1.000,60.7,0.0167,1.0000,1.00,72,0,658.42,1,1
662.03,38,0.0264,0.0512,1.000,1.000,59.8,0.0167,1.0000,1.00,72,0,659.43,1,1
663.08,46,0.0227,0.0522,1.000,1.000,60.3,0.0167,1.0000,1.00,72,0,660.47,1,1
664.11,35,0.0295,0.0526,1.000,1.000,60.1,0.0167,1.0000,1.00,72,0,661.50,1,1
665.13,40,0.0254,0.0563,1.000,1.000,60.0,0.0167,1.0000,1.00,72,0,662.52,1,1
666.14,65,0.0155,0.0190,1.000,1.000,59.5,0.0167,1.0000,1.00,72,0,663.53,1,1
667.15,65,0.0156,0.0191,1.000,1.000,60.2,0.0167,1.0000,1.00,72,0,664.54,1,1
668.16,65,0.0156,0.0187,1.000,1.000,60.3,0.0167,1.0000,1.00,72,0,665.55,1,1
669.16,65,0.0154,0.0193,1.000,1.000,60.0,0.0167,1.0000,1.00,72,0,666.56,1,1
670.18,65,0.0156,0.0185,1.000,1.000,60.1,0.0167,1.0000,1.00,72,0,667.57,1,1
671.18,63,0.0159,0.0195,1.000,1.000,59.8,0.0167,1.0000,1.00,72,0,668.57,1,1
672.19,64,0.0158,0.0194,1.000,1.000,60.2,0.0167,1.0000,1.00,72,0,669.59,1,1
673.20,63,0.0160,0.0195,1.000,1.000,59.6,0.0167,1.0000,1.00,72,0,670.59,1,1
674.21,63,0.0160,0.0197,1.000,1.000,60.5,0.0167,1.0000,1.00,72,0,671.60,1,1
675.21,63,0.0159,0.0191,1.000,1.000,59.8,0.0167,1.0000,1.00,72,0,672.60,1,1
676.22,63,0.0161,0.0194,1.000,1.000,60.3,0.0167,1.0000,1.00,72,0,673.62,1,1
677.23,63,0.0159,0.0196,1.000,1.000,59.8,0.0167,1.0000,1.00,72,0,674.62,1,1
678.23,56,0.0179,0.0524,1.000,1.000,59.8,0.0167,1.0000,1.00,72,0,675.62,1,1
679.24,20,0.0507,0.0533,1.000,1.000,60.2,0.0167,1.0000,1.00,72,0,676.64,1,1
680.27,35,0.0294,0.0528,1.000,1.000,60.2,0.0167,1.0000,1.00,72,0,677.67,1,1
681.28,36,0.0279,0.0536,1.000,1.000,59.7,0.0167,1.0000,1.00,72,0,678.67,1,1
682.28,61,0.0164,0.0210,1.000,1.000,60.0,0.0167,1.0000,1.00,72,0,679.67,1,1
683.28,61,0.0164,0.0200,1.000,1.000,59.9,0.0167,1.0000,1.00,72,0,680.67,1,1
684.28,61,0.0164,0.0218,1.000,1.000,59.8,0.0167,1.0000,1.00,72,0,681.68,1,1
685.29,26,0.0385,0.0527,1.000,1.000,60.9,0.0167,1.0000,1.00,72,0,682.68,1,1
686.33,35,0.0300,0.0529,1.000,1.000,60.0,0.0167,1.0000,1.00,72,0,683.73,1,1
687.35,42,0.0242,0.0502,1.000,1.000,60.0,0.0167,1.0000,1.00,72,0,684.75,1,1
688.35,49,0.0205,0.0457,1.000,1.000,59.9,0.0167,1.0000,1.00,72,0,685.75,1,1
689.36,48,0.0210,0.0697,1.000,1.000,59.4,0.0167,1.0000,1.00,72,0,686.76,1,1
690.38,50,0.0202,0.0458,1.000,1.000,60.2,0.0167,1.0000,1.00,72,0,687.77,1,1
691.39,52,0.0196,0.0319,1.000,1.000,60.0,0.0167,1.0000,1.00,72,0,688.79,1,1
692.42,50,0.0206,0.0436,1.000,1.000,60.3,0.0167,1.0000,1.00,72,0,689.82,1,1
693.44,50,0.0203,0.0418,1.000,1.000,60.2,0.0167,1.0000,1.00,72,0,690.83,1,1
694.45,50,0.0203,0.0405,1.000,1.000,60.0,0.0167,1.0000,1.00,72,0,691.85,1,1
695.46,52,0.0194,0.0393,1.000,1.000,59.5,0.0167,1.0000,1.00,72,0,692.86,1,1
696.49,53,0.0195,0.0413,1.000,1.000,60.1,0.0167,1.0000,1.00,72,0,693.89,1,1
697.50,50,0.0202,0.0457,1.000,1.000,60.3,0.0167,1.0000,1.00,72,0,694.90,1,1
698.51,49,0.0205,0.0335,1.000,1.000,59.6,0.0167,1.0000,1.00,72,0,695.90,1,1
699.53,50,0.0204,0.0348,1.000,1.000,60.8,0.0167,1.0000,1.00,72,0,696.92,1,1
700.53,51,0.0197,0.0322,1.000,1.000,59.7,0.0167,1.0000,1.00,72,0,697.93,1,1
701.55,50,0.0204,0.0370,1.000,1.000,59.8,0.0167,1.0000,1.00,72,0,698.95,1,1
702.58,51,0.0201,0.0400,1.000,1.000,60.6,0.0167,1.0000,1.00,72,0,699.97,1,1
703.58,48,0.0209,0.0436,1.000,1.000,59.8,0.0167,1.0000,1.00,72,0,700.98,1,1
704.60,50,0.0203,0.0318,1.000,1.000,60.0,0.0167,1.0000,1.00,72,0,701.99,1,1
705.61,50,0.0203,0.0454,1.000,1.000,60.2,0.0167,1.0000,1.00,72,0,703.00,1,1
706.62,51,0.0198,0.0413,1.000,1.000,59.5,0.0167,1.0000,1.00,72,0,704.01,1,1
707.63,50,0.0202,0.0432,1.000,1.000,60.4,0.0167,1.0000,1.00,72,0,705.02,1,1
708.65,50,0.0204,0.0425,1.000,1.000,59.9,0.0167,1.0000,1.00,72,0,706.04,1,1
709.67,50,0.0205,0.0428,1.000,1.000,59.7,0.0167,1.0000,1.00,72,0,707.06,1,1
710.70,53,0.0194,0.0324,1.000,1.000,60.1,0.0167,1.0000,1.00,72,0,708.10,1,1
711.71,50,0.0202,0.0460,1.000,1.000,60.5,0.0167,1.0000,1.00,72,0,709.10,1,1
712.72,50,0.0203,0.0395,1.000,1.000,60.2,0.0167,1.0000,1.00,72,0,710.12,1,1
713.73,46,0.0219,0.0453,1.000,1.000,59.5,0.0167,1.0000,1.00,72,0,711.12,1,1
714.74,50,0.0201,0.0319,1.000,1.000,59.7,0.0167,1.0000,1.00,72,0,712.13,1,1
715.76,49,0.0209,0.0403,1.000,1.000,60.6,0.0167,1.0000,1.00,72,0,713.15,1,1
716.78,48,0.0212,0.0383,1.000,1.000,59.9,0.0167,1.0000,1.00,72,0,714.17,1,1
717.78,49,0.0205,0.0443,1.000,1.000,59.7,0.0167,1.0000,1.00,72,0,715.18,1,1
718.79,49,0.0205,0.0463,1.000,1.000,60.7,0.0167,1.0000,1.00,72,0,716.18,1,1
719.80,50,0.0202,0.0421,1.000,1.000,59.4,0.0167,1.0000,1.00,72,0,717.19,1,1
720.82,50,0.0205,0.0450,1.000,1.000,60.5,0.0167,1.0000,1.00,72,0,718.21,1,1
721.83,50,0.0203,0.0455,1.000,1.000,59.2,0.0167,1.0000,1.00,72,0,719.23,1,1
722.84,49,0.0205,0.0434,1.000,1.000,60.8,0.0167,1.0000,1.00,72,0,720.23,1,1
723.86,49,0.0208,0.0459,1.000,1.000,59.7,0.0167,1.0000,1.00,72,0,721.25,1,1
724.87,50,0.0202,0.0336,1.000,1.000,59.5,0.0167,1.0000,1.00,72,0,722.26,1,1
725.88,49,0.0207,0.0434,1.000,1.000,60.2,0.0167,1.0000,1.00,72,0,723.27,1,1
726.88,49,0.0204,0.0319,1.000,1.000,59.9,0.0167,1.0000,1.00,72,0,724.27,1,1
727.91,50,0.0206,0.0455,1.000,1.000,60.1,0.0167,1.0000,1.00,72,0,725.31,1,1
728.92,51,0.0197,0.0426,1.000,1.000,60.6,0.0167,1.0000,1.00,72,0,726.31,1,1
729.94,49,0.0209,0.0453,1.000,1.000,59.7,0.0167,1.0000,1.00,72,0,727.33,1,1
730.95,49,0.0205,0.0456,1.000,1.000,59.6,0.0167,1.0000,1.00,72,0,728.34,1,1
731.95,51,0.0197,0.0313,1.000,1.000,60.7,0.0167,1.0000,1.00,72,0,729.35,1,1
732.97,49,0.0208,0.0399,1.000,1.000,59.8,0.0167,1.0000,1.00,72,0,730.37,1,1
733.98,49,0.0205,0.0396,1.000,1.000,59.6,0.0167,1.0000,1.00,72,0,731.37,1,1
734.99,49,0.0206,0.0416,1.000,1.000,60.5,0.0167,1.0000,1.00,72,0,732.38,1,1
736.02,50,0.0206,0.0389,1.000,1.000,60.2,0.0167,1.0000,1.00,72,0,733.41,1,1
737.02,48,0.0209,0.0408,1.000,1.000,59.9,0.0167,1.0000,1.00,72,0,734.41,1,1
738.04,48,0.0213,0.0437,1.000,1.000,59.7,0.0167,1.0000,1.00,72,0,735.43,1,1
739.05,48,0.0209,0.0412,1.000,1.000,60.7,0.0167,1.0000,1.00,72,0,736.44,1,1
740.07,48,0.0213,0.0382,1.000,1.000,59.8,0.0167,1.0000,1.00,72,0,737.46,1,1
741.08,48,0.0212,0.0397,1.000,1.000,59.9,0.0167,1.0000,1.00,72,0,738.48,1,1
742.10,49,0.0208,0.0431,1.000,1.000,59.9,0.0167,1.0000,1.00,72,0,739.50,1,1
743.11,48,0.0209,0.0381,1.000,1.000,59.8,0.0167,1.0000,1.00,72,0,740.50,1,1
744.13,49,0.0208,0.0430,1.000,1.000,59.9,0.0167,1.0000,1.00,72,0,741.52,1,1
745.13,47,0.0214,0.0442,1.000,1.000,60.7,0.0167,1.0000,1.00,72,0,742.52,1,1
746.15,49,0.0208,0.0400,1.000,1.000,59.9,0.0167,1.0000,1.00,72,0,743.54,1,1
747.17,48,0.0212,0.0416,1.000,1.000,59.9,0.0167,1.0000,1.00,72,0,744.56,1,1
748.17,49,0.0204,0.0426,1.000,1.000,60.0,0.0167,1.0000,1.00,72,0,745.56,1,1
749.18,50,0.0203,0.0414,1.000,1.000,60.1,0.0167,1.0000,1.00,72,0,746.58,1,1
750.20,50,0.0203,0.0334,1.000,1.000,60.2,0.0167,1.0000,1.00,72,0,747.59,1,1
751.20,49,0.0204,0.0404,1.000,1.000,59.9,0.0167,1.0000,1.00,72,0,748.59,1,1
752.21,48,0.0210,0.0751,1.000,1.000,59.6,0.0167,1.0000,1.00,72,0,749.60,1,1
753.22,48,0.0211,0.0402,1.000,1.000,60.2,0.0167,1.0000,1.00,72,0,750.61,1,1
754.22,47,0.0214,0.0415,1.000,1.000,60.7,0.0167,1.0000,1.00,72,0,751.62,1,1
755.23,47,0.0215,0.0373,1.000,1.000,59.5,0.0167,1.0000,1.00,72,0,752.63,1,1
756.24,48,0.0209,0.0369,1.000,1.000,59.8,0.0167,1.0000,1.00,72,0,753.63,1,1
757.25,49,0.0206,0.0342,1.000,1.000,60.4,0.0167,1.0000,1.00,72,0,754.64,1,1
758.26,48,0.0211,0.0384,1.000,1.000,60.1,0.0167,1.0000,1.00,72,0,755.66,1,1
759.28,46,0.0221,0.0413,1.000,1.000,60.1,0.0167,1.0000,1.00,72,0,756.67,1,1
760.30,48,0.0213,0.0418,1.000,1.000,59.5,0.0167,1.0000,1.00,72,0,757.70,1,1
761.32,48,0.0212,0.0351,1.000,1.000,60.8,0.0167,1.0000,1.00,72,0,758.71,1,1
762.35,47,0.0218,0.0382,1.000,1.000,59.5,0.0167,1.0000,1.00,72,0,759.74,1,1
763.35,47,0.0214,0.0425,1.000,1.000,59.8,0.0167,1.0000,1.00,72,0,760.74,1,1
764.37,48,0.0213,0.0452,1.000,1.000,60.7,0.0167,1.0000,1.00,72,0,761.76,1,1
765.38,48,0.0211,0.0437,1.000,1.000,59.4,0.0167,1.0000,1.00,72,0,762.78,1,1
766.39,49,0.0206,0.0409,1.000,1.000,60.4,0.0167,1.0000,1.00,72,0,763.79,1,1
767.41,50,0.0204,0.0427,1.000,1.000,59.7,0.0167,1.0000,1.00,72,0,764.81,1,1
768.42,50,0.0202,0.0324,1.000,1.000,60.4,0.0167,1.0000,1.00,72,0,765.82,1,1
769.44,50,0.0202,0.0325,1.000,1.000,60.3,0.0167,1.0000,1.00,72,0,766.83,1,1
770.45,50,0.0203,0.0361,1.000,1.000,60.0,0.0167,1.0000,1.00,72,0,767.84,1,1
771.46,48,0.0209,0.0418,1.000,1.000,59.7,0.0167,1.0000,1.00,72,0,768.85,1,1
772.46,49,0.0205,0.0450,1.000,1.000,59.7,0.0167,1.0000,1.00,72,0,769.85,1,1
773.49,48,0.0214,0.0388,1.000,1.000,60.3,0.0167,1.0000,1.00,72,0,770.88,1,1
774.49,47,0.0213,0.0422,1.000,1.000,59.9,0.0167,1.0000,1.00,72,0,771.88,1,1
775.49,49,0.0204,0.0366,1.000,1.000,59.9,0.0167,1.0000,1.00,72,0,772.89,1,1
776.51,50,0.0204,0.0418,1.000,1.000,59.8,0.0167,1.0000,1.00,72,0,773.91,1,1
777.52,48,0.0210,0.0404,1.000,1.000,60.6,0.0167,1.0000,1.00,72,0,774.91,1,1
778.52,49,0.0205,0.0412,1.000,1.000,59.8,0.0167,1.0000,1.00,72,0,775.92,1,1
779.53,48,0.0209,0.0437,1.000,1.000,59.7,0.0167,1.0000,1.00,72,0,776.92,1,1
780.54,49,0.0206,0.0405,1.000,1.000,60.5,0.0167,1.0000,1.00,72,0,777.93,1,1
781.54,49,0.0205,0.0422,1.000,1.000,59.7,0.0167,1.0000,1.00,72,0,778.94,1,1
782.55,49,0.0205,0.0324,1.000,1.000,60.6,0.0167,1.0000,1.00,72,0,779.94,1,1
783.56,49,0.0206,0.0466,1.000,1.000,59.4,0.0167,1.0000,1.00,72,0,780.95,1,1
784.57,50,0.0202,0.0415,1.000,1.000,60.4,0.0167,1.0000,1.00,72,0,781.96,1,1
785.57,48,0.0210,0.0417,1.000,1.000,59.6,0.0167,1.0000,1.00,72,0,782.97,1,1
786.58,48,0.0210,0.0436,1.000,1.000,60.5,0.0167,1.0000,1.00,72,0,783.98,1,1
787.59,48,0.0210,0.0405,1.000,1.000,59.5,0.0167,1.0000,1.00,72,0,784.98,1,1
788.60,48,0.0210,0.0387,1.000,1.000,60.4,0.0167,1.0000,1.00,72,0,785.99,1,1
789.62,47,0.0217,0.0405,1.000,1.000,59.7,0.0167,1.0000,1.00,72,0,787.02,1,1
790.64,47,0.0216,0.0406,1.000,1.000,60.0,0.0167,1.0000,1.00,72,0,788.03,1,1
791.64,50,0.0200,0.0327,1.000,1.000,60.0,0.0167,1.0000,1.00,72,0,789.03,1,1
792.66,49,0.0208,0.0379,1.000,1.000,60.8,0.0167,1.0000,1.00,72,0,790.05,1,1
793.67,47,0.0215,0.0420,1.000,1.000,59.5,0.0167,1.0000,1.00,72,0,791.06,1,1
794.67,47,0.0214,0.0403,1.000,1.000,59.8,0.0167,1.0000,1.00,72,0,792.07,1,1
795.67,47,0.0213,0.0423,1.000,1.000,60.8,0.0167,1.0000,1.00,72,0,793.07,1,1
796.68,46,0.0219,0.0404,1.000,1.000,59.6,0.0167,1.0000,1.00,72,0,794.07,1,1
797.71,47,0.0218,0.0452,1.000,1.000,60.5,0.0167,1.0000,1.00,72,0,795.10,1,1
798.74,47,0.0219,0.0409,1.000,1.000,59.2,0.0167,1.0000,1.00,72,0,796.13,1,1
799.75,48,0.0211,0.0456,1.000,1.000,60.2,0.0167,1.0000,1.00,72,0,797.14,1,1
800.76,48,0.0211,0.0404,1.000,1.000,60.2,0.0167,1.0000,1.00,72,0,798.16,1,1
801.77,49,0.0205,0.0410,1.000,1.000,59.8,0.0167,1.0000,1.00,72,0,799.16,1,1
802.77,46,0.0218,0.0405,1.000,1.000,60.8,0.0167,1.0000,1.00,72,0,800.17,1,1
803.79,48,0.0211,0.0392,1.000,1.000,59.2,0.0167,1.0000,1.00,72,0,801.18,1,1
804.79,47,0.0214,0.0458,1.000,1.000,60.6,0.0167,1.0000,1.00,72,0,802.19,1,1
805.81,50,0.0203,0.0461,1.000,1.000,60.0,0.0167,1.0000,1.00,72,0,803.20,1,1
806.82,48,0.0210,0.0430,1.000,1.000,59.5,0.0167,1.0000,1.00,72,0,804.21,1,1
807.84,48,0.0212,0.0407,1.000,1.000,60.8,0.0167,1.0000,1.00,72,0,805.23,1,1
808.85,48,0.0211,0.0390,1.000,1.000,59.2,0.0167,1.0000,1.00,72,0,806.24,1,1
809.86,48,0.0211,0.0399,1.000,1.000,60.1,0.0167,1.0000,1.00,72,0,807.26,1,1
810.87,48,0.0210,0.0408,1.000,1.000,60.6,0.0167,1.0000,1.00,72,0,808.26,1,1
811.88,49,0.0206,0.0406,1.000,1.000,59.4,0.0167,1.0000,1.00,72,0,809.27,1,1
812.90,47,0.0216,0.0412,0.999,0.999,60.0,0.0167,1.0000,1.00,72,0,810.29,1,1
813.90,47,0.0213,0.0385,1.001,1.001,60.0,0.0167,1.0000,1.00,72,0,811.29,1,1
814.92,46,0.0222,0.0528,1.000,1.000,60.7,0.0167,1.0000,1.00,72,0,812.31,1,1
815.94,46,0.0221,0.0675,1.000,1.000,59.9,0.0167,1.0000,1.00,72,0,813.33,1,1
818.05,47,0.0217,0.0449,0.481,0.481,28.8,0.0167,1.0000,1.00,72,0,814.35,1,1
820.24,1,0.0236,0.0236,0.011,1.482,0.0,0.0167,1.0000,1.00,72,0,814.35,1,1
821.28,37,0.0256,0.0432,0.914,1.038,55.1,0.0167,1.0000,1.00,72,0,815.29,1,1
822.28,66,0.0153,0.0317,1.000,1.000,59.5,0.0167,1.0000,1.00,72,0,816.30,1,1
823.29,67,0.0150,0.0188,0.999,0.999,60.6,0.0167,1.0000,1.00,72,0,817.31,1,1
824.29,68,0.0147,0.0187,1.001,1.001,59.9,0.0167,1.0000,1.00,72,0,818.31,1,1
825.30,67,0.0150,0.0330,1.000,1.000,59.7,0.0167,1.0000,1.00,72,0,819.32,1,1
826.31,69,0.0147,0.0186,1.000,1.000,60.2,0.0167,1.0000,1.00,72,0,820.33,1,1
827.32,69,0.0146,0.0186,1.001,1.001,59.6,0.0167,1.0000,1.00,72,0,821.34,1,1
828.32,69,0.0145,0.0182,0.999,0.999,60.7,0.0167,1.0000,1.00,72,0,822.34,1,1
829.33,69,0.0146,0.0184,0.999,0.999,59.5,0.0167,1.0000,1.00,72,0,823.35,1,1
830.34,68,0.0148,0.0184,1.001,1.001,60.5,0.0167,1.0000,1.00,72,0,824.36,1,1
831.35,70,0.0145,0.0184,1.000,1.000,60.1,0.0167,1.0000,1.00,72,0,825.37,1,1
832.36,70,0.0145,0.0179,1.000,1.000,59.3,0.0167,1.0000,1.00,72,0,826.38,1,1
833.37,69,0.0146,0.0186,1.000,1.000,60.4,0.0167,1.0000,1.00,72,0,827.39,1,1
834.39,69,0.0147,0.0184,1.000,1.000,60.3,0.0167,1.0000,1.00,72,0,828.40,1,1
835.40,69,0.0147,0.0186,1.000,1.000,60.1,0.0167,1.0000,1.00,72,0,829.42,1,1
836.41,69,0.0146,0.0185,1.001,1.001,59.6,0.0167,1.0000,1.00,72,0,830.43,1,1
837.41,68,0.0147,0.0179,1.000,1.000,60.0,0.0167,1.0000,1.00,72,0,831.43,1,1
838.41,68,0.0147,0.0194,1.000,1.000,59.8,0.0167,1.0000,1.00,72,0,832.43,1,1
839.43,69,0.0147,0.0179,1.001,1.001,60.0,0.0167,1.0000,1.00,72,0,833.45,1,1
840.43,68,0.0148,0.0187,1.000,1.000,60.6,0.0167,1.0000,1.00,72,0,834.45,1,1
841.44,67,0.0149,0.0186,1.000,1.000,59.9,0.0167,1.0000,1.00,72,0,835.45,1,1
842.44,68,0.0148,0.0185,0.999,0.999,59.7,0.0167,1.0000,1.00,72,0,836.46,1,1
843.44,69,0.0146,0.0198,1.000,1.000,59.8,0.0167,1.0000,1.00,72,0,837.46,1,1
844.45,70,0.0144,0.0187,1.000,1.000,60.4,0.0167,1.0000,1.00,72,0,838.47,1,1
845.47,69,0.0147,0.0183,1.000,1.000,60.0,0.0167,1.0000,1.00,72,0,839.49,1,1
846.48,70,0.0144,0.0189,1.001,1.001,59.6,0.0167,1.0000,1.00,72,0,840.50,1,1
847.48,69,0.0145,0.0182,0.999,0.999,60.8,0.0167,1.0000,1.00,72,0,841.50,1,1
848.49,69,0.0147,0.0208,1.000,1.000,59.2,0.0167,1.0000,1.00,72,0,842.51,1,1
849.51,69,0.0147,0.0180,1.000,1.000,60.2,0.0167,1.0000,1.00,72,0,843.52,1,1
850.52,60,0.0169,0.0423,0.999,0.999,59.9,0.0167,1.0000,1.00,72,0,844.54,1,1
851.56,25,0.0414,0.0446,1.000,1.000,59.9,0.0167,1.0000,1.00,72,0,845.58,1,1
852.59,25,0.0414,0.0435,0.999,0.999,59.9,0.0167,1.0000,1.00,72,0,846.61,1,1
853.63,25,0.0413,0.0431,0.999,0.999,60.9,0.0167,1.0000,1.00,72,0,847.64,1,1
854.63,41,0.0245,0.0450,1.000,1.000,59.7,0.0167,1.0000,1.00,72,0,848.65,1,1
855.64,60,0.0168,0.0424,1.002,1.002,60.5,0.0167,1.0000,1.00,72,0,849.66,1,1
856.64,72,0.0139,0.0144,1.000,1.000,60.0,0.0167,1.0000,1.00,72,0,850.66,1,1
857.64,72,0.0139,0.0141,1.000,1.000,60.0,0.0167,1.0000,1.00,72,0,851.66,1,1
858.65,68,0.0148,0.0771,1.000,1.000,59.6,0.0167,1.0000,1.00,72,0,852.67,1,1
859.65,72,0.0139,0.0144,1.000,1.000,60.0,0.0167,1.0000,1.00,72,0,853.67,1,1
860.65,72,0.0139,0.0141,0.999,0.999,59.9,0.0167,1.0000,1.00,72,0,854.67,1,1
861.68,41,0.0250,0.0435,0.999,0.999,60.4,0.0167,1.0000,1.00,72,0,855.69,1,1
862.69,35,0.0290,0.0432,1.002,1.002,60.3,0.0167,1.0000,1.00,72,0,856.71,1,1
863.69,36,0.0278,0.0445,0.998,0.998,59.9,0.0167,1.0000,1.00,72,0,857.71,1,1
864.71,42,0.0242,0.0424,1.001,1.001,60.1,0.0167,1.0000,1.00,72,0,858.73,1,1
865.72,25,0.0403,0.0444,1.000,1.000,59.5,0.0167,1.0000,1.00,72,0,859.73,1,1
866.76,43,0.0242,0.0428,1.000,1.000,60.5,0.0167,1.0000,1.00,72,0,860.77,1,1
867.78,32,0.0319,0.0424,1.001,1.001,59.8,0.0167,1.0000,1.00,72,0,861.80,1,1
868.79,41,0.0246,0.0433,0.999,0.999,59.5,0.0167,1.0000,1.00,72,0,862.80,1,1
869.82,42,0.0247,0.0424,0.999,0.999,60.7,0.0167,1.0000,1.00,72,0,863.84,1,1
870.83,59,0.0171,0.0418,1.002,1.002,59.5,0.0167,1.0000,1.00,72,0,864.85,1,1
871.84,69,0.0146,0.0183,1.000,1.000,60.5,0.0167,1.0000,1.00,72,0,865.86,1,1
872.85,68,0.0148,0.0188,1.001,1.001,59.7,0.0167,1.0000,1.00,72,0,866.87,1,1
873.85,69,0.0146,0.0193,1.000,1.000,60.7,0.0167,1.0000,1.00,72,0,867.87,1,1
874.86,69,0.0146,0.0181,1.000,1.000,59.4,0.0167,1.0000,1.00,72,0,868.88,1,1
875.87,68,0.0148,0.0190,1.000,1.000,60.6,0.0167,1.0000,1.00,72,0,869.89,1,1
876.88,68,0.0148,0.0198,1.000,1.000,59.5,0.0167,1.0000,1.00,72,0,870.90,1,1
877.88,68,0.0148,0.0192,1.000,1.000,60.6,0.0167,1.0000,1.00,72,0,871.90,1,1
878.89,68,0.0147,0.0185,1.001,1.001,59.9,0.0167,1.0000,1.00,72,0,872.90,1,1
879.89,68,0.0147,0.0183,1.000,1.000,59.9,0.0167,1.0000,1.00,72,0,873.91,1,1
880.89,68,0.0147,0.0188,1.000,1.000,59.9,0.0167,1.0000,1.00,72,0,874.91,1,1
881.89,69,0.0145,0.0181,1.000,1.000,60.0,0.0167,1.0000,1.00,72,0,875.91,1,1
882.90,69,0.0146,0.0195,1.000,1.000,60.4,0.0167,1.0000,1.00,72,0,876.92,1,1
883.90,68,0.0148,0.0188,1.000,1.000,59.7,0.0167,1.0000,1.00,72,0,877.92,1,1
884.91,68,0.0148,0.0198,1.000,1.000,59.5,0.0167,1.0000,1.00,72,0,878.93,1,1
885.91,67,0.0149,0.0194,1.002,1.002,60.0,0.0167,1.0000,1.00,72,0,879.93,1,1
886.92,67,0.0151,0.0182,0.998,0.998,60.3,0.0167,1.0000,1.00,72,0,880.94,1,1
887.92,67,0.0150,0.0189,1.002,1.002,59.9,0.0167,1.0000,1.00,72,0,881.94,1,1
888.93,67,0.0150,0.0190,0.999,0.999,60.6,0.0167,1.0000,1.00,72,0,882.95,1,1
889.94,67,0.0150,0.0196,1.000,1.000,59.6,0.0167,1.0000,1.00,72,0,883.96,1,1
890.94,68,0.0148,0.0187,1.000,1.000,60.6,0.0167,1.0000,1.00,72,0,884.96,1,1
891.96,68,0.0149,0.0195,1.000,1.000,59.3,0.0167,1.0000,1.00,72,0,885.98,1,1
892.97,68,0.0149,0.0193,1.000,1.000,60.3,0.0167,1.0000,1.00,72,0,886.99,1,1
893.97,67,0.0150,0.0193,1.000,1.000,59.8,0.0167,1.0000,1.00,72,0,887.99,1,1
894.98,67,0.0150,0.0184,1.000,1.000,60.8,0.0167,1.0000,1.00,72,0,888.99,1,1
895.99,68,0.0149,0.0188,1.001,1.001,59.2,0.0167,1.0000,1.00,72,0,890.01,1,1
897.00,68,0.0149,0.0193,1.000,1.000,60.3,0.0167,1.0000,1.00,72,0,891.02,1,1
898.00,66,0.0152,0.0192,1.000,1.000,59.9,0.0167,1.0000,1.00,72,0,892.02,1,1
899.01,67,0.0150,0.0197,1.000,1.000,60.5,0.0167,1.0000,1.00,72,0,893.03,1,1
900.02,35,0.0287,0.0441,0.999,0.999,59.7,0.0167,1.0000,1.00,72,0,894.03,1,1
901.05,25,0.0414,0.0438,1.000,1.000,59.9,0.0167,1.0000,1.00,72,0,895.07,1,1
902.06,32,0.0315,0.0430,0.999,0.999,60.5,0.0167,1.0000,1.00,72,0,896.08,1,1
903.06,56,0.0179,0.0426,1.002,1.002,59.8,0.0167,1.0000,1.00,72,0,897.08,1,1
904.10,49,0.0212,0.0719,0.999,0.999,59.7,0.0167,1.0000,1.00,72,0,898.12,1,1
905.11,52,0.0193,0.0427,1.001,1.001,60.7,0.0167,1.0000,1.00,72,0,899.12,1,1
906.13,55,0.0186,0.0405,1.000,1.000,59.5,0.0167,1.0000,1.00,72,0,900.15,1,1
907.14,54,0.0187,0.0378,0.999,0.999,60.4,0.0167,1.0000,1.00,72,0,901.16,1,1
908.15,57,0.0177,0.0398,1.001,1.001,59.6,0.0167,1.0000,1.00,72,0,902.17,1,1
909.16,56,0.0181,0.0301,1.000,1.000,60.3,0.0167,1.0000,1.00,72,0,903.18,1,1
910.16,54,0.0186,0.0399,0.999,0.999,59.7,0.0167,1.0000,1.00,72,0,904.18,1,1
911.17,55,0.0183,0.0375,1.000,1.000,59.7,0.0167,1.0000,1.00,72,0,905.19,1,1
912.18,56,0.0180,0.0393,1.000,1.000,60.4,0.0167,1.0000,1.00,72,0,906.20,1,1
913.19,58,0.0175,0.0291,1.000,1.000,60.2,0.0167,1.0000,1.00,72,0,907.21,1,1
914.21,56,0.0182,0.0390,0.999,0.999,59.8,0.0167,1.0000,1.00,72,0,908.23,1,1
915.21,55,0.0182,0.0396,1.001,1.001,59.9,0.0167,1.0000,1.00,72,0,909.23,1,1
916.21,57,0.0175,0.0357,1.000,1.000,60.0,0.0167,1.0000,1.00,72,0,910.23,1,1
917.23,56,0.0181,0.0381,0.999,0.999,60.2,0.0167,1.0000,1.00,72,0,911.25,1,1
918.23,54,0.0186,0.0403,1.002,1.002,60.0,0.0167,1.0000,1.00,72,0,912.25,1,1
919.24,54,0.0187,0.0294,0.997,0.997,60.3,0.0167,1.0000,1.00,72,0,913.26,1,1
920.25,55,0.0184,0.0381,1.002,1.002,59.5,0.0167,1.0000,1.00,72,0,914.27,1,1
921.25,56,0.0179,0.0401,1.000,1.000,60.9,0.0167,1.0000,1.00,72,0,915.27,1,1
922.25,55,0.0182,0.0392,0.999,0.999,59.7,0.0167,1.0000,1.00,72,0,916.27,1,1
923.26,56,0.0180,0.0406,1.000,1.000,59.7,0.0167,1.0000,1.00,72,0,917.28,1,1
924.27,58,0.0174,0.0358,1.001,1.001,60.4,0.0167,1.0000,1.00,72,0,918.29,1,1
925.27,56,0.0179,0.0413,0.999,0.999,59.8,0.0167,1.0000,1.00,72,0,919.29,1,1
926.28,55,0.0183,0.0409,1.002,1.002,59.7,0.0167,1.0000,1.00,72,0,920.30,1,1
927.28,56,0.0178,0.0294,0.999,0.999,60.0,0.0167,1.0000,1.00,72,0,921.30,1,1
928.28,57,0.0176,0.0299,1.000,1.000,60.9,0.0167,1.0000,1.00,72,0,922.30,1,1
929.28,56,0.0179,0.0367,0.999,0.999,59.8,0.0167,1.0000,1.00,72,0,923.30,1,1
930.30,57,0.0178,0.0300,1.000,1.000,60.2,0.0167,1.0000,1.00,72,0,924.31,1,1
931.31,55,0.0184,0.0370,1.002,1.002,59.3,0.0167,1.0000,1.00,72,0,925.33,1,1
932.31,56,0.0179,0.0299,1.000,1.000,60.9,0.0167,1.0000,1.00,72,0,926.33,1,1
933.32,54,0.0187,0.0410,1.000,1.000,59.3,0.0167,1.0000,1.00,72,0,927.34,1,1
934.33,55,0.0182,0.0353,1.001,1.001,59.9,0.0167,1.0000,1.00,72,0,928.34,1,1
935.34,54,0.0187,0.0395,0.999,0.999,60.5,0.0167,1.0000,1.00,72,0,929.35,1,1
936.35,55,0.0185,0.0363,1.001,1.001,60.0,0.0167,1.0000,1.00,72,0,930.37,1,1
937.36,57,0.0177,0.0285,1.000,1.000,60.4,0.0167,1.0000,1.00,72,0,931.38,1,1
938.37,54,0.0186,0.0395,1.000,1.000,59.7,0.0167,1.0000,1.00,72,0,932.38,1,1
939.39,56,0.0183,0.0389,0.999,0.999,59.6,0.0167,1.0000,1.00,72,0,933.41,1,1
940.39,55,0.0183,0.0381,1.001,1.001,60.7,0.0167,1.0000,1.00,72,0,934.41,1,1
941.42,57,0.0179,0.0296,0.998,0.998,59.7,0.0167,1.0000,1.00,72,0,935.43,1,1
942.44,56,0.0182,0.0378,1.001,1.001,59.8,0.0167,1.0000,1.00,72,0,936.45,1,1
943.44,56,0.0180,0.0384,1.001,1.001,60.5,0.0167,1.0000,1.00,72,0,937.46,1,1
944.45,55,0.0182,0.0380,1.000,1.000,59.9,0.0167,1.0000,1.00,72,0,938.46,1,1
945.45,56,0.0179,0.0376,0.999,0.999,59.9,0.0167,1.0000,1.00,72,0,939.46,1,1
946.45,56,0.0180,0.0388,1.001,1.001,59.7,0.0167,1.0000,1.00,72,0,940.47,1,1
947.47,53,0.0191,0.0373,0.999,0.999,60.1,0.0167,1.0000,1.00,72,0,941.48,1,1
948.49,56,0.0182,0.0387,1.001,1.001,59.9,0.0167,1.0000,1.00,72,0,942.50,1,1
949.50,56,0.0181,0.0398,1.000,1.000,60.2,0.0167,1.0000,1.00,72,0,943.52,1,1
950.50,55,0.0182,0.0382,1.001,1.001,59.9,0.0167,1.0000,1.00,72,0,944.52,1,1
951.51,52,0.0194,0.0712,0.999,0.999,60.3,0.0167,1.0000,1.00,72,0,945.53,1,1
952.52,57,0.0177,0.0375,0.999,0.999,60.3,0.0167,1.0000,1.00,72,0,946.54,1,1
953.53,54,0.0187,0.0393,1.001,1.001,59.5,0.0167,1.0000,1.00,72,0,947.55,1,1
954.56,55,0.0186,0.0392,0.998,0.998,60.4,0.0167,1.0000,1.00,72,0,948.57,1,1
955.57,56,0.0182,0.0300,1.000,1.000,60.0,0.0167,1.0000,1.00,72,0,949.59,1,1
956.60,58,0.0177,0.0293,1.002,1.002,59.5,0.0167,1.0000,1.00,72,0,950.62,1,1
957.61,56,0.0180,0.0383,1.000,1.000,60.4,0.0167,1.0000,1.00,72,0,951.63,1,1
958.63,56,0.0183,0.0383,1.000,1.000,59.6,0.0167,1.0000,1.00,72,0,952.65,1,1
959.65,57,0.0178,0.0292,1.000,1.000,60.1,0.0167,1.0000,1.00,72,0,953.66,1,1
960.65,53,0.0190,0.0407,0.999,0.999,60.5,0.0167,1.0000,1.00,72,0,954.67,1,1
961.66,54,0.0186,0.0401,1.001,1.001,59.8,0.0167,1.0000,1.00,72,0,955.68,1,1
962.67,52,0.0195,0.0391,0.999,0.999,60.2,0.0167,1.0000,1.00,72,0,956.69,1,1
963.68,54,0.0186,0.0398,1.000,1.000,59.7,0.0167,1.0000,1.00,72,0,957.69,1,1
964.69,53,0.0190,0.0411,0.999,0.999,60.4,0.0167,1.0000,1.00,72,0,958.70,1,1
965.70,55,0.0184,0.0396,1.001,1.001,60.2,0.0167,1.0000,1.00,72,0,959.72,1,1
966.70,53,0.0189,0.0406,1.000,1.000,59.8,0.0167,1.0000,1.00,72,0,960.72,1,1
967.70,54,0.0185,0.0373,0.998,0.998,59.8,0.0167,1.0000,1.00,72,0,961.72,1,1
968.72,53,0.0192,0.0405,1.000,1.000,60.0,0.0167,1.0000,1.00,72,0,962.74,1,1
969.73,55,0.0184,0.0403,1.001,1.001,60.5,0.0167,1.0000,1.00,72,0,963.75,1,1
970.75,51,0.0201,0.0414,1.000,1.000,59.6,0.0167,1.0000,1.00,72,0,964.77,0,1
971.77,50,0.0204,0.0392,1.001,1.001,59.9,0.0167,1.0000,1.00,72,0,965.79,0,1
972.77,52,0.0192,0.0409,0.999,0.999,60.0,0.0167,1.0000,1.00,72,0,966.79,0,1
973.78,54,0.0187,0.0386,0.999,0.999,60.5,0.0167,1.0000,1.00,72,0,967.80,0,1
974.79,54,0.0187,0.0403,1.001,1.001,59.5,0.0167,1.0000,1.00,72,0,968.81,1,1
975.80,54,0.0188,0.0414,1.001,1.001,60.2,0.0167,1.0000,1.00,72,0,969.82,1,1
976.81,53,0.0190,0.0409,0.999,0.999,60.6,0.0167,1.0000,1.00,72,0,970.83,1,1
977.81,54,0.0185,0.0294,1.000,1.000,59.9,0.0167,1.0000,1.00,72,0,971.83,1,1
978.83,45,0.0225,0.0493,0.999,0.999,59.2,0.0167,1.0000,1.00,72,0,972.84,1,1
979.84,28,0.0362,0.0522,0.998,0.998,60.1,0.0167,1.0000,1.00,72,0,973.86,1,1
980.87,29,0.0354,0.0508,1.002,1.002,60.5,0.0167,1.0000,1.00,72,0,974.88,1,1
981.91,29,0.0359,0.0504,0.999,0.999,59.5,0.0167,1.0000,1.00,72,0,975.93,1,1
982.94,31,0.0333,0.0530,1.000,1.000,60.1,0.0167,1.0000,1.00,72,0,976.96,1,1
983.96,30,0.0341,0.0606,1.001,1.001,60.6,0.0167,1.0000,1.00,72,0,977.98,1,1
984.96,29,0.0345,0.0499,1.000,1.000,60.0,0.0167,1.0000,1.00,72,0,978.98,1,1
986.00,29,0.0356,0.0546,1.000,1.000,60.1,0.0167,1.0000,1.00,72,0,980.01,1,1
987.00,30,0.0335,0.0493,1.001,1.001,59.8,0.0167,1.0000,1.00,72,0,981.02,1,1
988.03,29,0.0355,0.0590,0.998,0.998,60.1,0.0167,1.0000,1.00,72,0,982.05,1,1
989.05,30,0.0340,0.0586,1.002,1.002,59.9,0.0167,1.0000,1.00,72,0,983.07,1,1
990.07,29,0.0352,0.0480,1.000,1.000,59.8,0.0167,1.0000,1.00,72,0,984.09,1,1
991.08,31,0.0325,0.0579,1.000,1.000,60.6,0.0167,1.0000,1.00,72,0,985.09,1,1
992.09,29,0.0349,0.0590,0.999,0.999,60.2,0.0167,1.0000,1.00,72,0,986.11,1,1
993.10,29,0.0348,0.0506,1.002,1.002,59.7,0.0167,1.0000,1.00,72,0,987.11,1,1
994.11,30,0.0337,0.0528,0.999,0.999,60.3,0.0167,1.0000,1.00,72,0,988.12,1,1
995.13,30,0.0340,0.0581,0.999,0.999,59.7,0.0167,1.0000,1.00,72,0,989.15,1,1
996.13,30,0.0334,0.0530,1.002,1.002,59.9,0.0167,1.0000,1.00,72,0,990.15,1,1
997.17,31,0.0333,0.0489,0.999,0.999,59.9,0.0167,1.0000,1.00,72,0,991.18,1,1
998.20,31,0.0334,0.0588,0.999,0.999,59.8,0.0167,1.0000,1.00,72,0,992.22,1,1
999.21,28,0.0361,0.0598,1.001,1.001,60.4,0.0167,1.0000,1.00,72,0,993.23,1,1
1000.25,32,0.0323,0.0523,0.999,0.999,59.9,0.0167,1.0000,1.00,72,0,994.26,1,1
1001.26,30,0.0337,0.0588,0.999,0.999,60.2,0.0167,1.0000,1.00,72,0,995.28,1,1
1002.30,31,0.0335,0.0572,1.001,1.001,59.7,0.0167,1.0000,1.00,72,0,996.32,1,1
1003.33,29,0.0356,0.0515,1.000,1.000,60.0,0.0167,1.0000,1.00,72,0,997.35,1,1
1004.34,29,0.0347,0.0511,0.999,0.999,60.5,0.0167,1.0000,1.00,72,0,998.35,1,1
1005.37,30,0.0343,0.0635,1.001,1.001,59.4,0.0167,1.0000,1.00,72,0,999.38,1,1
1006.40,30,0.0343,0.0494,0.998,0.998,60.2,0.0167,1.0000,1.00,72,0,1000.41,1,1
1007.43,28,0.0368,0.0902,1.001,1.001,60.2,0.0167,1.0000,1.00,72,0,1001.44,1,1
1008.46,32,0.0322,0.0532,1.001,1.001,60.2,0.0167,1.0000,1.00,72,0,1002.47,1,1
1009.46,29,0.0347,0.0540,1.001,1.001,59.6,0.0167,1.0000,1.00,72,0,1003.48,1,1
1010.49,29,0.0355,0.0563,0.999,0.999,60.2,0.0167,1.0000,1.00,72,0,1004.51,1,1
1011.53,29,0.0359,0.0539,0.999,0.999,60.5,0.0167,1.0000,1.00,72,0,1005.55,1,1
1012.56,30,0.0343,0.0554,1.001,1.001,59.4,0.0167,1.0000,1.00,72,0,1006.58,1,1
1013.59,29,0.0353,0.0516,0.999,0.999,60.5,0.0167,1.0000,1.00,72,0,1007.60,1,1
1014.59,38,0.0265,0.1085,1.002,1.002,59.6,0.0167,1.0000,1.00,72,0,1008.61,1,1
1015.60,35,0.0288,0.0733,1.000,1.000,60.5,0.0167,1.0000,1.00,72,0,1009.62,1,1
1016.62,39,0.0262,0.0509,0.998,0.998,59.7,0.0167,1.0000,1.00,72,0,1010.64,1,1
1017.64,35,0.0291,0.0522,1.002,1.002,60.0,0.0167,1.0000,1.00,72,0,1011.66,1,1
1018.66,34,0.0299,0.0500,0.999,0.999,60.0,0.0167,1.0000,1.00,72,0,1012.67,1,1
1019.68,33,0.0309,0.0487,1.001,1.001,59.9,0.0167,1.0000,1.00,72,0,1013.69,1,1
1020.68,33,0.0305,0.0437,0.998,0.998,60.6,0.0167,1.0000,1.00,72,0,1014.70,1,1
1021.72,33,0.0313,0.0480,0.998,0.998,60.0,0.0167,1.0000,1.00,72,0,1015.73,1,1
1022.74,33,0.0310,0.0464,1.001,1.001,59.8,0.0167,1.0000,1.00,72,0,1016.75,1,1
1023.75,33,0.0307,0.0546,1.000,1.000,60.2,0.0167,1.0000,1.00,72,0,1017.77,1,1
1024.79,33,0.0315,0.0455,1.002,1.002,59.7,0.0167,1.0000,1.00,72,0,1018.81,1,1
1025.80,33,0.0307,0.0561,0.999,0.999,60.3,0.0167,1.0000,1.00,72,0,1019.82,1,1
1026.83,34,0.0303,0.0471,0.998,0.998,60.0,0.0167,1.0000,1.00,72,0,1020.85,1,1
1027.85,33,0.0310,0.0463,1.001,1.001,59.7,0.0167,1.0000,1.00,72,0,1021.87,1,1
1028.89,34,0.0304,0.0527,0.998,0.998,59.8,0.0167,1.0000,1.00,72,0,1022.91,1,1
1029.91,33,0.0309,0.0452,1.000,1.000,60.8,0.0167,1.0000,1.00,72,0,1023.93,1,1
1030.92,32,0.0316,0.0547,1.004,1.004,59.5,0.0167,1.0000,1.00,72,0,1024.94,1,1
1031.93,33,0.0306,0.0597,1.000,1.000,60.4,0.0167,1.0000,1.00,72,0,1025.95,1,1
1032.97,33,0.0314,0.0572,0.999,0.999,59.8,0.0167,1.0000,1.00,72,0,1026.98,1,1
1033.98,33,0.0308,0.0559,1.001,1.001,60.0,0.0167,1.0000,1.00,72,0,1028.00,1,1
1035.01,32,0.0321,0.0462,0.997,0.997,60.2,0.0167,1.0000,1.00,72,0,1029.03,1,1
1036.02,33,0.0305,0.0583,1.003,1.003,59.7,0.0167,1.0000,1.00,72,0,1030.03,1,1
1037.04,33,0.0311,0.0559,0.999,0.999,60.4,0.0167,1.0000,1.00,72,0,1031.06,1,1
1038.05,33,0.0305,0.0554,1.000,1.000,59.6,0.0167,1.0000,1.00,72,0,1032.07,1,1
1039.07,34,0.0301,0.0551,1.000,1.000,60.6,0.0167,1.0000,1.00,72,0,1033.09,1,1
1040.08,33,0.0304,0.0506,1.000,1.000,59.8,0.0167,1.0000,1.00,72,0,1034.09,1,1
1041.09,34,0.0299,0.0513,1.001,1.001,60.0,0.0167,1.0000,1.00,72,0,1035.11,1,1
1042.10,35,0.0288,0.0519,0.999,0.999,60.4,0.0167,1.0000,1.00,72,0,1036.12,1,1
1043.13,34,0.0303,0.0527,0.999,0.999,59.2,0.0167,1.0000,1.00,72,0,1037.15,1,1
1044.15,35,0.0290,0.0507,1.001,1.001,60.1,0.0167,1.0000,1.00,72,0,1038.17,1,1
1045.15,34,0.0296,0.0512,0.999,0.999,60.6,0.0167,1.0000,1.00,72,0,1039.17,1,1
1046.17,34,0.0298,0.0460,1.001,1.001,59.3,0.0167,1.0000,1.00,72,0,1040.18,1,1
1047.17,34,0.0295,0.0460,0.999,0.999,60.7,0.0167,1.0000,1.00,72,0,1041.19,1,1
1048.20,35,0.0293,0.0549,0.999,0.999,59.4,0.0167,1.0000,1.00,72,0,1042.21,1,1
1049.22,35,0.0293,0.0480,1.001,1.001,60.5,0.0167,1.0000,1.00,72,0,1043.24,1,1
1050.25,35,0.0293,0.0457,1.001,1.001,59.5,0.0167,1.0000,1.00,72,0,1044.26,1,1
1051.26,35,0.0289,0.0488,1.000,1.000,60.4,0.0167,1.0000,1.00,72,0,1045.28,1,1
1052.29,36,0.0285,0.0547,0.999,0.999,60.3,0.0167,1.0000,1.00,72,0,1046.30,1,1
1053.32,35,0.0294,0.0468,1.001,1.001,60.2,0.0167,1.0000,1.00,72,0,1047.33,1,1
1054.35,35,0.0296,0.0535,1.000,1.000,59.8,0.0167,1.0000,1.00,72,0,1048.37,1,1
1055.40,35,0.0298,0.0535,0.998,0.998,60.3,0.0167,1.0000,1.00,72,0,1049.41,1,1
1056.41,33,0.0306,0.0504,1.001,1.001,59.5,0.0167,1.0000,1.00,72,0,1050.42,1,1
1057.41,33,0.0304,0.0591,1.002,1.002,59.9,0.0167,1.0000,1.00,72,0,1051.43,1,1
1058.42,33,0.0307,0.0412,0.999,0.999,60.2,0.0167,1.0000,1.00,72,0,1052.44,1,1
1059.44,32,0.0317,0.0488,1.001,1.001,60.2,0.0167,1.0000,1.00,72,0,1053.45,1,1
1060.47,32,0.0324,0.0454,0.999,0.999,59.8,0.0167,1.0000,1.00,72,0,1054.49,1,1
1061.48,32,0.0314,0.0467,1.000,1.000,60.6,0.0167,1.0000,1.00,72,0,1055.50,1,1
1062.49,31,0.0327,0.0796,1.000,1.000,59.2,0.0167,1.0000,1.00,72,0,1056.51,1,1
1063.50,33,0.0193,0.0585,0.631,1.001,38.6,0.0167,1.0000,0.00,72,0,1057.15,1,1
1064.52,32,0.0000,0.0000,0.000,1.001,0.0,0.0167,1.0000,0.00,72,0,1057.15,1,1
1065.57,33,0.0000,0.0000,0.000,0.999,0.0,0.0167,1.0000,0.00,72,0,1057.15,1,1
1066.60,32,0.0000,0.0000,0.000,1.001,0.0,0.0167,1.0000,0.00,72,0,1057.15,1,1
1067.64,34,0.0114,0.0435,0.374,0.998,22.1,0.0167,1.0000,1.00,72,0,1057.54,1,1
1068.65,33,0.0305,0.0481,1.001,1.001,60.6,0.0167,1.0000,1.00,72,0,1058.54,1,1
1069.67,34,0.0301,0.0450,0.999,0.999,59.5,0.0167,1.0000,1.00,72,0,1059.57,1,1
1070.69,33,0.0307,0.0572,1.000,1.000,60.2,0.0167,1.0000,1.00,72,0,1060.58,1,1
1071.69,32,0.0312,0.0551,0.997,0.997,59.9,0.0167,1.0000,1.00,72,0,1061.58,1,1
1072.73,33,0.0315,0.0471,0.998,0.998,59.4,0.0167,1.0000,1.00,72,0,1062.62,1,1
1073.73,33,0.0208,0.0450,0.685,1.007,41.0,0.0167,1.0000,0.00,72,0,1063.31,1,1
1074.75,30,0.0000,0.0000,0.000,1.000,0.0,0.0167,1.0000,0.00,72,0,1063.31,1,1
1075.75,31,0.0000,0.0000,0.000,1.000,0.0,0.0167,1.0000,0.00,72,0,1063.31,0,1
1076.75,56,0.0000,0.0000,0.000,1.001,0.0,0.0167,1.0000,0.00,72,0,1063.31,0,1
1077.77,59,0.0000,0.0000,0.000,1.000,0.0,0.0167,1.0000,0.00,72,0,1063.31,0,1
1078.78,60,0.0000,0.0000,0.000,1.000,0.0,0.0167,1.0000,0.00,72,0,1063.31,0,1
1079.79,61,0.0000,0.0000,0.000,1.000,0.0,0.0167,1.0000,0.00,72,0,1063.31,0,1
1080.79,59,0.0000,0.0000,0.000,1.000,0.0,0.0167,1.0000,0.00,72,0,1063.31,0,1
1081.79,61,0.0000,0.0000,0.000,1.000,0.0,0.0167,1.0000,0.00,72,0,1063.31,0,1
1082.80,61,0.0000,0.0000,0.000,1.000,0.0,0.0167,1.0000,0.00,72,0,1063.31,0,1
1083.81,61,0.0000,0.0000,0.000,1.000,0.0,0.0167,1.0000,0.00,72,0,1063.31,0,1
1084.81,60,0.0000,0.0000,0.000,1.000,0.0,0.0167,1.0000,0.00,72,0,1063.31,0,1
1085.81,60,0.0000,0.0000,0.000,1.000,0.0,0.0167,1.0000,0.00,72,0,1063.31,0,1
1086.82,62,0.0000,0.0000,0.000,1.000,0.0,0.0167,1.0000,0.00,72,0,1063.31,0,1
1087.83,62,0.0000,0.0000,0.000,1.000,0.0,0.0167,1.0000,0.00,72,0,1063.31,0,1
1088.84,60,0.0000,0.0000,0.000,1.000,0.0,0.0167,1.0000,0.00,72,0,1063.31,0,1
1089.85,60,0.0000,0.0000,0.000,1.000,0.0,0.0167,1.0000,0.00,72,0,1063.31,0,1
1090.86,60,0.0000,0.0000,0.000,1.000,0.0,0.0167,1.0000,0.00,72,0,1063.31,0,1
1091.87,60,0.0000,0.0000,0.000,1.000,0.0,0.0167,1.0000,0.00,72,0,1063.31,0,1
1092.88,61,0.0000,0.0000,0.000,1.000,0.0,0.0167,1.0000,0.00,72,0,1063.31,0,1
1093.89,61,0.0000,0.0000,0.000,1.000,0.0,0.0167,1.0000,0.00,72,0,1063.31,0,1
1094.90,62,0.0000,0.0000,0.000,1.000,0.0,0.0167,1.0000,0.00,72,0,1063.31,0,1
1095.92,60,0.0000,0.0000,0.000,1.000,0.0,0.0167,1.0000,0.00,72,0,1063.31,0,1
1096.92,61,0.0000,0.0000,0.000,1.000,0.0,0.0167,1.0000,0.00,72,0,1063.31,0,1
1097.93,61,0.0000,0.0000,0.000,1.000,0.0,0.0167,1.0000,0.00,72,0,1063.31,0,1
1098.93,58,0.0000,0.0000,0.000,1.000,0.0,0.0167,1.0000,0.00,72,0,1063.31,0,1
1099.94,61,0.0000,0.0000,0.000,1.000,0.0,0.0167,1.0000,0.00,72,0,1063.31,0,1
1100.94,60,0.0000,0.0000,0.000,1.000,0.0,0.0167,1.0000,0.00,72,0,1063.31,0,1
1101.95,62,0.0000,0.0000,0.000,1.000,0.0,0.0167,1.0000,0.00,72,0,1063.31,0,1
1102.96,62,0.0000,0.0000,0.000,1.000,0.0,0.0167,1.0000,0.00,72,0,1063.31,0,1
1103.97,49,0.0000,0.0000,0.000,1.000,0.0,0.0167,1.0000,0.00,72,0,1063.31,0,1
1104.99,24,0.0000,0.0000,0.000,1.000,0.0,0.0167,1.0000,0.00,72,0,1063.31,0,1
1106.02,42,0.0000,0.0000,0.000,1.000,0.0,0.0167,1.0000,0.00,72,0,1063.31,0,1
1107.04,38,0.0000,0.0000,0.000,1.000,0.0,0.0167,1.0000,0.00,72,0,1063.31,0,1
1108.06,56,0.0000,0.0000,0.000,1.000,0.0,0.0167,1.0000,0.00,72,0,1063.31,0,1
1109.06,55,0.0000,0.0000,0.000,1.000,0.0,0.0167,1.0000,0.00,72,0,1063.31,0,1
1110.07,55,0.0000,0.0000,0.000,1.000,0.0,0.0167,1.0000,0.00,72,0,1063.31,0,1
1111.07,54,0.0000,0.0000,0.000,1.000,0.0,0.0167,1.0000,0.00,72,0,1063.31,0,1
1112.08,56,0.0000,0.0000,0.000,1.000,0.0,0.0167,1.0000,0.00,72,0,1063.31,0,1
1113.09,56,0.0000,0.0000,0.000,1.000,0.0,0.0167,1.0000,0.00,72,0,1063.31,0,1
1114.11,57,0.0000,0.0000,0.000,1.000,0.0,0.0167,1.0000,0.00,72,0,1063.31,0,1
1115.11,55,0.0000,0.0000,0.000,1.000,0.0,0.0167,1.0000,0.00,72,0,1063.31,0,1
1116.12,55,0.0000,0.0000,0.000,1.000,0.0,0.0167,1.0000,0.00,72,0,1063.31,0,1
1117.13,57,0.0000,0.0000,0.000,1.000,0.0,0.0167,1.0000,0.00,72,0,1063.31,0,1
1118.14,54,0.0000,0.0000,0.000,1.000,0.0,0.0167,1.0000,0.00,72,0,1063.31,0,1
1119.14,57,0.0000,0.0000,0.000,1.000,0.0,0.0167,1.0000,0.00,72,0,1063.31,0,1
1120.15,56,0.0000,0.0000,0.000,1.000,0.0,0.0167,1.0000,0.00,72,0,1063.31,0,1
1121.15,56,0.0000,0.0000,0.000,1.000,0.0,0.0167,1.0000,0.00,72,0,1063.31,0,1
1122.16,55,0.0000,0.0000,0.000,1.000,0.0,0.0167,1.0000,0.00,72,0,1063.31,0,1
1123.16,56,0.0000,0.0000,0.000,1.000,0.0,0.0167,1.0000,0.00,72,0,1063.31,0,1
1124.17,56,0.0000,0.0000,0.000,1.000,0.0,0.0167,1.0000,0.00,72,0,1063.31,0,1
1125.17,58,0.0000,0.0000,0.000,1.000,0.0,0.0167,1.0000,0.00,72,0,1063.31,0,1
1126.17,57,0.0000,0.0000,0.000,1.000,0.0,0.0167,1.0000,0.00,72,0,1063.31,0,1
1127.18,56,0.0000,0.0000,0.000,1.000,0.0,0.0167,1.0000,0.00,72,0,1063.31,0,1
1128.20,55,0.0000,0.0000,0.000,1.000,0.0,0.0167,1.0000,0.00,72,0,1063.31,0,1
1129.21,56,0.0000,0.0000,0.000,1.000,0.0,0.0167,1.0000,0.00,72,0,1063.31,0,1
1130.21,56,0.0000,0.0000,0.000,1.000,0.0,0.0167,1.0000,0.00,72,0,1063.31,0,1
1131.23,54,0.0000,0.0000,0.000,1.000,0.0,0.0167,1.0000,0.00,72,0,1063.31,0,1
1132.23,56,0.0000,0.0000,0.000,1.000,0.0,0.0167,1.0000,0.00,72,0,1063.31,0,1
1133.25,54,0.0000,0.0000,0.000,1.000,0.0,0.0167,1.0000,0.00,72,0,1063.31,0,1
1134.25,54,0.0000,0.0000,0.000,1.000,0.0,0.0167,1.0000,0.00,72,0,1063.31,0,1
1135.26,56,0.0000,0.0000,0.000,1.000,0.0,0.0167,1.0000,0.00,72,0,1063.31,0,1
1136.26,54,0.0000,0.0000,0.000,1.000,0.0,0.0167,1.0000,0.00,72,0,1063.31,0,1
1137.27,55,0.0000,0.0000,0.000,1.000,0.0,0.0167,1.0000,0.00,72,0,1063.31,0,1
1138.28,57,0.0000,0.0000,0.000,1.000,0.0,0.0167,1.0000,0.00,72,0,1063.31,0,1
1139.29,56,0.0000,0.0000,0.000,1.000,0.0,0.0167,1.0000,0.00,72,0,1063.31,0,1
1140.31,56,0.0000,0.0000,0.000,1.000,0.0,0.0167,1.0000,0.00,72,0,1063.31,0,1
1141.32,57,0.0000,0.0000,0.000,1.000,0.0,0.0167,1.0000,0.00,72,0,1063.31,0,1
1142.33,56,0.0000,0.0000,0.000,1.000,0.0,0.0167,1.0000,0.00,72,0,1063.31,0,1
1143.35,57,0.0000,0.0000,0.000,1.000,0.0,0.0167,1.0000,0.00,72,0,1063.31,0,1
1144.36,58,0.0000,0.0000,0.000,1.000,0.0,0.0167,1.0000,0.00,72,0,1063.31,0,1
1145.37,55,0.0000,0.0000,0.000,1.000,0.0,0.0167,1.0000,0.00,72,0,1063.31,0,1
1146.38,53,0.0000,0.0000,0.000,1.000,0.0,0.0167,1.0000,0.00,72,0,1063.31,0,1
1147.40,56,0.0000,0.0000,0.000,1.000,0.0,0.0167,1.0000,0.00,72,0,1063.31,0,1
1148.40,56,0.0000,0.0000,0.000,1.000,0.0,0.0167,1.0000,0.00,72,0,1063.31,0,1
1149.41,54,0.0000,0.0000,0.000,1.000,0.0,0.0167,1.0000,0.00,72,0,1063.31,0,1
1150.41,55,0.0000,0.0000,0.000,1.000,0.0,0.0167,1.0000,0.00,72,0,1063.31,0,1
1151.41,57,0.0000,0.0000,0.000,1.000,0.0,0.0167,1.0000,0.00,72,0,1063.31,0,1
1152.42,56,0.0000,0.0000,0.000,1.000,0.0,0.0167,1.0000,0.00,72,0,1063.31,0,1
1153.42,58,0.0000,0.0000,0.000,1.000,0.0,0.0167,1.0000,0.00,72,0,1063.31,0,1
1154.43,55,0.0000,0.0000,0.000,1.000,0.0,0.0167,1.0000,0.00,72,0,1063.31,0,1
1155.44,57,0.0000,0.0000,0.000,1.000,0.0,0.0167,1.0000,0.00,72,0,1063.31,0,1
1156.45,58,0.0000,0.0000,0.000,1.000,0.0,0.0167,1.0000,0.00,72,0,1063.31,0,1
1157.45,57,0.0000,0.0000,0.000,1.000,0.0,0.0167,1.0000,0.00,72,0,1063.31,0,1
1158.47,57,0.0000,0.0000,0.000,1.000,0.0,0.0167,1.0000,0.00,72,0,1063.31,0,1
1159.48,58,0.0000,0.0000,0.000,1.000,0.0,0.0167,1.0000,0.00,72,0,1063.31,0,1
1160.48,57,0.0000,0.0000,0.000,1.000,0.0,0.0167,1.0000,0.00,72,0,1063.31,0,1
1161.50,56,0.0000,0.0000,0.000,1.000,0.0,0.0167,1.0000,0.00,72,0,1063.31,0,1
1162.51,57,0.0000,0.0000,0.000,1.000,0.0,0.0167,1.0000,0.00,72,0,1063.31,0,1
1163.53,57,0.0000,0.0000,0.000,1.000,0.0,0.0167,1.0000,0.00,72,0,1063.31,0,1
1164.53,59,0.0000,0.0000,0.000,1.000,0.0,0.0167,1.0000,0.00,72,0,1063.31,0,1
1165.54,59,0.0000,0.0000,0.000,1.000,0.0,0.0167,1.0000,0.00,72,0,1063.31,0,1
1166.54,56,0.0000,0.0000,0.000,1.000,0.0,0.0167,1.0000,0.00,72,0,1063.31,0,1
1167.55,56,0.0000,0.0000,0.000,1.000,0.0,0.0167,1.0000,0.00,72,0,1063.31,0,1
1168.56,57,0.0000,0.0000,0.000,1.000,0.0,0.0167,1.0000,0.00,72,0,1063.31,0,1
1169.57,57,0.0000,0.0000,0.000,1.000,0.0,0.0167,1.0000,0.00,72,0,1063.31,0,1
1170.60,60,0.0000,0.0000,0.000,1.000,0.0,0.0167,1.0000,0.00,72,0,1063.31,0,1
1171.61,58,0.0000,0.0000,0.000,1.000,0.0,0.0167,1.0000,0.00,72,0,1063.31,0,1
1172.62,57,0.0000,0.0000,0.000,1.000,0.0,0.0167,1.0000,0.00,72,0,1063.31,0,1
1173.62,56,0.0000,0.0000,0.000,1.000,0.0,0.0167,1.0000,0.00,72,0,1063.31,0,1
1174.64,53,0.0000,0.0000,0.000,1.000,0.0,0.0167,1.0000,0.00,72,0,1063.31,0,1
1175.65,55,0.0000,0.0000,0.000,1.000,0.0,0.0167,1.0000,0.00,72,0,1063.31,0,1
1176.66,56,0.0000,0.0000,0.000,1.000,0.0,0.0167,1.0000,0.00,72,0,1063.31,0,1
1177.68,57,0.0000,0.0000,0.000,1.000,0.0,0.0167,1.0000,0.00,72,0,1063.31,0,1
1178.68,57,0.0000,0.0000,0.000,1.000,0.0,0.0167,1.0000,0.00,72,0,1063.31,0,1
1179.69,54,0.0000,0.0000,0.000,1.000,0.0,0.0167,1.0000,0.00,72,0,1063.31,0,1
1180.69,57,0.0000,0.0000,0.000,1.000,0.0,0.0167,1.0000,0.00,72,0,1063.31,0,1
1181.72,54,0.0000,0.0000,0.000,1.000,0.0,0.0167,1.0000,0.00,72,0,1063.31,0,1
1182.72,55,0.0000,0.0000,0.000,1.000,0.0,0.0167,1.0000,0.00,72,0,1063.31,0,1
1183.74,54,0.0000,0.0000,0.000,1.000,0.0,0.0167,1.0000,0.00,72,0,1063.31,0,1
1184.74,56,0.0000,0.0000,0.000,1.000,0.0,0.0167,1.0000,0.00,72,0,1063.31,0,1
1185.75,54,0.0000,0.0000,0.000,1.000,0.0,0.0167,1.0000,0.00,72,0,1063.31,0,1
1186.77,56,0.0000,0.0000,0.000,1.000,0.0,0.0167,1.0000,0.00,72,0,1063.31,0,1
1187.78,55,0.0000,0.0000,0.000,1.000,0.0,0.0167,1.0000,0.00,72,0,1063.31,0,1
1188.80,54,0.0000,0.0000,0.000,1.000,0.0,0.0167,1.0000,0.00,72,0,1063.31,0,1
1189.81,54,0.0000,0.0000,0.000,1.000,0.0,0.0167,1.0000,0.00,72,0,1063.31,0,1
1190.82,54,0.0000,0.0000,0.000,1.000,0.0,0.0167,1.0000,0.00,72,0,1063.31,0,1
1191.84,54,0.0000,0.0000,0.000,1.000,0.0,0.0167,1.0000,0.00,72,0,1063.31,0,1
1192.85,55,0.0000,0.0000,0.000,1.000,0.0,0.0167,1.0000,0.00,72,0,1063.31,0,1
1193.86,53,0.0000,0.0000,0.000,1.000,0.0,0.0167,1.0000,0.00,72,0,1063.31,0,1
1194.88,55,0.0000,0.0000,0.000,1.000,0.0,0.0167,1.0000,0.00,72,0,1063.31,0,1
1195.90,53,0.0000,0.0000,0.000,1.000,0.0,0.0167,1.0000,0.00,72,0,1063.31,0,1
1196.90,53,0.0000,0.0000,0.000,1.000,0.0,0.0167,1.0000,0.00,72,0,1063.31,0,1
1197.92,54,0.0000,0.0000,0.000,1.000,0.0,0.0167,1.0000,0.00,72,0,1063.31,0,1
1198.94,54,0.0000,0.0000,0.000,1.000,0.0,0.0167,1.0000,0.00,72,0,1063.31,0,1
1199.94,54,0.0000,0.0000,0.000,1.000,0.0,0.0167,1.0000,0.00,72,0,1063.31,0,1
1200.96,55,0.0000,0.0000,0.000,1.000,0.0,0.0167,1.0000,0.00,72,0,1063.31,0,1
1201.99,52,0.0000,0.0000,0.000,1.000,0.0,0.0167,1.0000,0.00,72,0,1063.31,0,1
1203.00,53,0.0000,0.0000,0.000,1.000,0.0,0.0167,1.0000,0.00,72,0,1063.31,0,1
1204.02,50,0.0000,0.0000,0.000,1.000,0.0,0.0167,1.0000,0.00,72,0,1063.31,0,1
1205.03,51,0.0000,0.0000,0.000,1.000,0.0,0.0167,1.0000,0.00,72,0,1063.31,0,1
1206.04,55,0.0000,0.0000,0.000,1.000,0.0,0.0167,1.0000,0.00,72,0,1063.31,0,1
1207.05,55,0.0000,0.0000,0.000,1.000,0.0,0.0167,1.0000,0.00,72,0,1063.31,0,1
1208.07,56,0.0000,0.0000,0.000,1.000,0.0,0.0167,1.0000,0.00,72,0,1063.31,0,1
1209.09,55,0.0000,0.0000,0.000,1.000,0.0,0.0167,1.0000,0.00,72,0,1063.31,0,1
1210.11,54,0.0000,0.0000,0.000,1.000,0.0,0.0167,1.0000,0.00,72,0,1063.31,0,1
1211.11,55,0.0000,0.0000,0.000,1.000,0.0,0.0167,1.0000,0.00,72,0,1063.31,0,1
1212.11,54,0.0000,0.0000,0.000,1.000,0.0,0.0167,1.0000,0.00,72,0,1063.31,0,1
1213.11,54,0.0000,0.0000,0.000,1.000,0.0,0.0167,1.0000,0.00,72,0,1063.31,0,1
1214.12,53,0.0000,0.0000,0.000,1.000,0.0,0.0167,1.0000,0.00,72,0,1063.31,0,1
1215.14,55,0.0000,0.0000,0.000,1.000,0.0,0.0167,1.0000,0.00,72,0,1063.31,0,1
1216.14,53,0.0000,0.0000,0.000,1.000,0.0,0.0167,1.0000,0.00,72,0,1063.31,0,1
1217.16,53,0.0000,0.0000,0.000,1.000,0.0,0.0167,1.0000,0.00,72,0,1063.31,0,1
1218.17,53,0.0000,0.0000,0.000,1.000,0.0,0.0167,1.0000,0.00,72,0,1063.31,0,1
1219.17,57,0.0000,0.0000,0.000,1.000,0.0,0.0167,1.0000,0.00,72,0,1063.31,0,1
1220.18,40,0.0000,0.0000,0.000,1.000,0.0,0.0167,1.0000,0.00,72,0,1063.31,0,1
1221.22,40,0.0000,0.0000,0.000,1.000,0.0,0.0167,1.0000,0.00,72,0,1063.31,0,1
1222.22,64,0.0000,0.0000,0.000,1.000,0.0,0.0167,1.0000,0.00,72,0,1063.31,0,1
1223.22,67,0.0000,0.0000,0.000,1.000,0.0,0.0167,1.0000,0.00,72,0,1063.31,0,1
1224.23,66,0.0000,0.0000,0.000,1.000,0.0,0.0167,1.0000,0.00,72,0,1063.31,0,1
1225.23,65,0.0000,0.0000,0.000,1.000,0.0,0.0167,1.0000,0.00,72,0,1063.31,0,1
1226.25,66,0.0000,0.0000,0.000,1.000,0.0,0.0167,1.0000,0.00,72,0,1063.31,0,1
1227.25,68,0.0000,0.0000,0.000,1.000,0.0,0.0167,1.0000,0.00,72,0,1063.31,0,1
1228.26,68,0.0000,0.0000,0.000,1.000,0.0,0.0167,1.0000,0.00,72,0,1063.31,0,1
1229.27,69,0.0000,0.0000,0.000,1.000,0.0,0.0167,1.0000,0.00,72,0,1063.31,0,1
1230.28,63,0.0000,0.0000,0.000,1.000,0.0,0.0167,1.0000,0.00,72,0,1063.31,0,1
1231.29,67,0.0000,0.0000,0.000,1.000,0.0,0.0167,1.0000,0.00,72,0,1063.31,0,1
1232.30,68,0.0000,0.0000,0.000,1.000,0.0,0.0167,1.0000,0.00,72,0,1063.31,0,1
1233.32,66,0.0000,0.0000,0.000,1.000,0.0,0.0167,1.0000,0.00,72,0,1063.31,0,1
1234.32,66,0.0000,0.0000,0.000,1.000,0.0,0.0167,1.0000,0.00,72,0,1063.31,0,1
1235.33,67,0.0000,0.0000,0.000,1.000,0.0,0.0167,1.0000,0.00,72,0,1063.31,0,1
1236.33,67,0.0000,0.0000,0.000,1.000,0.0,0.0167,1.0000,0.00,72,0,1063.31,0,1
1237.34,67,0.0000,0.0000,0.000,1.000,0.0,0.0167,1.0000,0.00,72,0,1063.31,0,1
1238.34,68,0.0000,0.0000,0.000,1.000,0.0,0.0167,1.0000,0.00,72,0,1063.31,0,1
1239.34,65,0.0000,0.0000,0.000,0.999,0.0,0.0167,1.0000,0.00,72,0,1063.31,0,1
1240.36,64,0.0000,0.0000,0.000,1.001,0.0,0.0167,1.0000,0.00,72,0,1063.31,0,1
1241.37,65,0.0000,0.0000,0.000,1.000,0.0,0.0167,1.0000,0.00,72,0,1063.31,0,1
1242.37,67,0.0000,0.0000,0.000,1.000,0.0,0.0167,1.0000,0.00,72,0,1063.31,0,1
1243.37,68,0.0000,0.0000,0.000,1.000,0.0,0.0167,1.0000,0.00,72,0,1063.31,0,1
1244.38,69,0.0000,0.0000,0.000,1.000,0.0,0.0167,1.0000,0.00,72,0,1063.31,0,1
1245.39,68,0.0000,0.0000,0.000,1.000,0.0,0.0167,1.0000,0.00,72,0,1063.31,0,1
1246.40,69,0.0000,0.0000,0.000,1.000,0.0,0.0167,1.0000,0.00,72,0,1063.31,0,1
1247.40,68,0.0000,0.0000,0.000,1.000,0.0,0.0167,1.0000,0.00,72,0,1063.31,0,1
1248.40,68,0.0000,0.0000,0.000,1.000,0.0,0.0167,1.0000,0.00,72,0,1063.31,0,1
1249.41,69,0.0000,0.0000,0.000,1.000,0.0,0.0167,1.0000,0.00,72,0,1063.31,0,1
1250.41,70,0.0000,0.0000,0.000,1.000,0.0,0.0167,1.0000,0.00,72,0,1063.31,0,1
1251.42,70,0.0000,0.0000,0.000,1.000,0.0,0.0167,1.0000,0.00,72,0,1063.31,0,1
1252.43,70,0.0000,0.0000,0.000,1.000,0.0,0.0167,1.0000,0.00,72,0,1063.31,0,1
1253.44,70,0.0000,0.0000,0.000,1.000,0.0,0.0167,1.0000,0.00,72,0,1063.31,0,1
1254.46,69,0.0000,0.0000,0.000,1.000,0.0,0.0167,1.0000,0.00,72,0,1063.31,0,1
1255.47,69,0.0000,0.0000,0.000,1.000,0.0,0.0167,1.0000,0.00,72,0,1063.31,0,1
1256.47,69,0.0000,0.0000,0.000,1.000,0.0,0.0167,1.0000,0.00,72,0,1063.31,0,1
1257.48,68,0.0000,0.0000,0.000,1.000,0.0,0.0167,1.0000,0.00,72,0,1063.31,0,1
1258.49,69,0.0000,0.0000,0.000,1.000,0.0,0.0167,1.0000,0.00,72,0,1063.31,0,1
1259.49,68,0.0000,0.0000,0.000,1.000,0.0,0.0167,1.0000,0.00,72,0,1063.31,0,1
1260.51,69,0.0000,0.0000,0.000,1.000,0.0,0.0167,1.0000,0.00,72,0,1063.31,0,1
1261.52,69,0.0000,0.0000,0.000,1.000,0.0,0.0167,1.0000,0.00,72,0,1063.31,0,1
1262.52,68,0.0000,0.0000,0.000,1.000,0.0,0.0167,1.0000,0.00,72,0,1063.31,0,1
1263.52,68,0.0000,0.0000,0.000,1.000,0.0,0.0167,1.0000,0.00,72,0,1063.31,0,1
1264.54,69,0.0000,0.0000,0.000,1.000,0.0,0.0167,1.0000,0.00,72,0,1063.31,0,1
1265.54,68,0.0000,0.0000,0.000,1.000,0.0,0.0167,1.0000,0.00,72,0,1063.31,0,1
1266.55,67,0.0000,0.0000,0.000,1.000,0.0,0.0167,1.0000,0.00,72,0,1063.31,0,1
1267.56,67,0.0000,0.0000,0.000,1.000,0.0,0.0167,1.0000,0.00,72,0,1063.31,0,1
1268.57,68,0.0000,0.0000,0.000,1.000,0.0,0.0167,1.0000,0.00,72,0,1063.31,0,1
1269.59,49,0.0000,0.0000,0.000,1.000,0.0,0.0167,1.0000,0.00,72,0,1063.31,0,1
1270.62,24,0.0000,0.0000,0.000,1.000,0.0,0.0167,1.0000,0.00,72,0,1063.31,0,1
1271.63,23,0.0000,0.0000,0.000,1.000,0.0,0.0167,1.0000,0.00,72,0,1063.31,0,1
1272.66,23,0.0000,0.0000,0.000,1.000,0.0,0.0167,1.0000,0.00,72,0,1063.31,0,1
1273.66,29,0.0000,0.0000,0.000,1.000,0.0,0.0167,1.0000,0.00,72,0,1063.31,0,1
1274.67,39,0.0000,0.0000,0.000,1.000,0.0,0.0167,1.0000,0.00,72,0,1063.31,0,1
1275.68,28,0.0000,0.0000,0.000,1.000,0.0,0.0167,1.0000,0.00,72,0,1063.31,0,1
1276.68,64,0.0000,0.0000,0.000,1.000,0.0,0.0167,1.0000,0.00,72,0,1063.31,0,1
1277.69,65,0.0000,0.0000,0.000,1.000,0.0,0.0167,1.0000,0.00,72,0,1063.31,0,1
1278.69,65,0.0000,0.0000,0.000,1.000,0.0,0.0167,1.0000,0.00,72,0,1063.31,0,1
1279.70,65,0.0000,0.0000,0.000,1.000,0.0,0.0167,1.0000,0.00,72,0,1063.31,0,1
1280.70,60,0.0000,0.0000,0.000,1.000,0.0,0.0167,1.0000,0.00,72,0,1063.31,0,1
1281.70,65,0.0000,0.0000,0.000,1.000,0.0,0.0167,1.0000,0.00,72,0,1063.31,0,1
1282.70,64,0.0000,0.0000,0.000,1.000,0.0,0.0167,1.0000,0.00,72,0,1063.31,0,1
1283.72,65,0.0000,0.0000,0.000,1.000,0.0,0.0167,1.0000,0.00,72,0,1063.31,0,1
1284.73,65,0.0000,0.0000,0.000,1.000,0.0,0.0167,1.0000,0.00,72,0,1063.31,0,1
1285.77,48,0.0000,0.0000,0.000,1.000,0.0,0.0167,1.0000,0.00,72,0,1063.31,0,1
1286.79,24,0.0000,0.0000,0.000,1.000,0.0,0.0167,1.0000,0.00,72,0,1063.31,0,1
1287.79,40,0.0000,0.0000,0.000,1.000,0.0,0.0167,1.0000,0.00,72,0,1063.31,0,1
1288.83,25,0.0000,0.0000,0.000,1.000,0.0,0.0167,1.0000,0.00,72,0,1063.31,0,1
1289.86,24,0.0000,0.0000,0.000,1.000,0.0,0.0167,1.0000,0.00,72,0,1063.31,0,1
1290.87,30,0.0000,0.0000,0.000,1.000,0.0,0.0167,1.0000,0.00,72,0,1063.31,0,1
1291.91,34,0.0000,0.0000,0.000,1.000,0.0,0.0167,1.0000,0.00,72,0,1063.31,0,1
1292.91,60,0.0000,0.0000,0.000,1.000,0.0,0.0167,1.0000,0.00,72,0,1063.31,0,1
1293.94,44,0.0000,0.0000,0.000,1.000,0.0,0.0167,1.0000,0.00,72,0,1063.31,0,1
1294.96,34,0.0000,0.0000,0.000,1.000,0.0,0.0167,1.0000,0.00,72,0,1063.31,0,1
1295.97,56,0.0000,0.0000,0.000,1.000,0.0,0.0167,1.0000,0.00,72,0,1063.31,0,1
1296.97,53,0.0000,0.0000,0.000,1.000,0.0,0.0167,1.0000,0.00,72,0,1063.31,0,1
1297.99,53,0.0000,0.0000,0.000,1.000,0.0,0.0167,1.0000,0.00,72,0,1063.31,0,1
1299.00,53,0.0000,0.0000,0.000,1.000,0.0,0.0167,1.0000,0.00,72,0,1063.31,0,1
1300.03,52,0.0000,0.0000,0.000,1.000,0.0,0.0167,1.0000,0.00,72,0,1063.31,0,1
1301.03,50,0.0000,0.0000,0.000,1.000,0.0,0.0167,1.0000,0.00,72,0,1063.31,0,1
1302.07,52,0.0000,0.0000,0.000,1.000,0.0,0.0167,1.0000,0.00,72,0,1063.31,0,1
1303.08,51,0.0000,0.0000,0.000,1.000,0.0,0.0167,1.0000,0.00,72,0,1063.31,0,1
1304.09,51,0.0000,0.0000,0.000,1.000,0.0,0.0167,1.0000,0.00,72,0,1063.31,0,1
1305.09,51,0.0000,0.0000,0.000,1.000,0.0,0.0167,1.0000,0.00,72,0,1063.31,0,1
1306.10,51,0.0000,0.0000,0.000,1.000,0.0,0.0167,1.0000,0.00,72,0,1063.31,0,1
1307.11,52,0.0000,0.0000,0.000,1.000,0.0,0.0167,1.0000,0.00,72,0,1063.31,0,1
1308.12,51,0.0000,0.0000,0.000,1.000,0.0,0.0167,1.0000,0.00,72,0,1063.31,0,1
1309.14,51,0.0000,0.0000,0.000,1.000,0.0,0.0167,1.0000,0.00,72,0,1063.31,0,1
1310.14,50,0.0000,0.0000,0.000,1.000,0.0,0.0167,1.0000,0.00,72,0,1063.31,0,1
1311.14,48,0.0000,0.0000,0.000,1.000,0.0,0.0167,1.0000,0.00,72,0,1063.31,0,1
1312.15,49,0.0000,0.0000,0.000,1.000,0.0,0.0167,1.0000,0.00,72,0,1063.31,0,1
1313.16,52,0.0000,0.0000,0.000,1.000,0.0,0.0167,1.0000,0.00,72,0,1063.31,0,1
1314.18,50,0.0000,0.0000,0.000,1.000,0.0,0.0167,1.0000,0.00,72,0,1063.31,0,1
1315.19,50,0.0000,0.0000,0.000,1.000,0.0,0.0167,1.0000,0.00,72,0,1063.31,0,1
1316.20,50,0.0000,0.0000,0.000,1.000,0.0,0.0167,1.0000,0.00,72,0,1063.31,0,1
1317.21,48,0.0000,0.0000,0.000,1.000,0.0,0.0167,1.0000,0.00,72,0,1063.31,0,1
1318.22,43,0.0000,0.0000,0.000,1.000,0.0,0.0167,1.0000,0.00,72,0,1063.31,0,1
1319.22,70,0.0000,0.0000,0.000,1.000,0.0,0.0167,1.0000,0.00,72,0,1063.31,0,1
1320.22,70,0.0000,0.0000,0.000,1.000,0.0,0.0167,1.0000,0.00,72,0,1063.31,0,1
1321.23,71,0.0000,0.0000,0.000,1.000,0.0,0.0167,1.0000,0.00,72,0,1063.31,0,1
1322.23,71,0.0000,0.0000,0.000,1.000,0.0,0.0167,1.0000,0.00,72,0,1063.31,0,1
1323.24,71,0.0000,0.0000,0.000,1.000,0.0,0.0167,1.0000,0.00,72,0,1063.31,0,1
1324.25,71,0.0000,0.0000,0.000,1.000,0.0,0.0167,1.0000,0.00,72,0,1063.31,0,1
1325.26,70,0.0000,0.0000,0.000,1.000,0.0,0.0167,1.0000,0.00,72,0,1063.31,0,1
1326.27,68,0.0000,0.0000,0.000,1.000,0.0,0.0167,1.0000,0.00,72,0,1063.31,0,1
1327.27,69,0.0000,0.0000,0.000,1.000,0.0,0.0167,1.0000,0.00,72,0,1063.31,0,1
1328.29,69,0.0000,0.0000,0.000,1.000,0.0,0.0167,1.0000,0.00,72,0,1063.31,0,1
1329.30,70,0.0000,0.0000,0.000,1.000,0.0,0.0167,1.0000,0.00,72,0,1063.31,0,1
1330.31,70,0.0000,0.0000,0.000,1.000,0.0,0.0167,1.0000,0.00,72,0,1063.31,0,1
1331.31,69,0.0000,0.0000,0.000,1.000,0.0,0.0167,1.0000,0.00,72,0,1063.31,0,1
1332.33,71,0.0000,0.0000,0.000,1.000,0.0,0.0167,1.0000,0.00,72,0,1063.31,0,1
1333.33,71,0.0000,0.0000,0.000,1.000,0.0,0.0167,1.0000,0.00,72,0,1063.31,0,1
1334.34,70,0.0000,0.0000,0.000,1.000,0.0,0.0167,1.0000,0.00,72,0,1063.31,0,1
1335.35,70,0.0000,0.0000,0.000,1.000,0.0,0.0167,1.0000,0.00,72,0,1063.31,0,1
1336.35,70,0.0000,0.0000,0.000,1.000,0.0,0.0167,1.0000,0.00,72,0,1063.31,0,1
1337.36,66,0.0000,0.0000,0.000,1.000,0.0,0.0167,1.0000,0.00,72,0,1063.31,0,1
1338.37,71,0.0000,0.0000,0.000,1.000,0.0,0.0167,1.0000,0.00,72,0,1063.31,0,1
1339.37,70,0.0000,0.0000,0.000,1.000,0.0,0.0167,1.0000,0.00,72,0,1063.31,0,1
1340.37,70,0.0000,0.0000,0.000,1.000,0.0,0.0167,1.0000,0.00,72,0,1063.31,0,1
1341.38,63,0.0000,0.0000,0.000,1.000,0.0,0.0167,1.0000,0.00,72,0,1063.31,0,1
1342.40,24,0.0000,0.0000,0.000,1.000,0.0,0.0167,1.0000,0.00,72,0,1063.31,0,1
1343.42,51,0.0000,0.0000,0.000,1.000,0.0,0.0167,1.0000,0.00,72,0,1063.31,0,1
1344.43,23,0.0000,0.0000,0.000,1.000,0.0,0.0167,1.0000,0.00,72,0,1063.31,0,1
1345.45,30,0.0000,0.0000,0.000,1.000,0.0,0.0167,1.0000,0.00,72,0,1063.31,0,1
1346.46,34,0.0000,0.0000,0.000,1.000,0.0,0.0167,1.0000,0.00,72,0,1063.31,0,1
1347.46,72,0.0000,0.0000,0.000,1.000,0.0,0.0167,1.0000,0.00,72,0,1063.31,0,1
1348.46,72,0.0000,0.0000,0.000,1.000,0.0,0.0167,1.0000,0.00,72,0,1063.31,0,1
1349.49,42,0.0000,0.0000,0.000,1.000,0.0,0.0167,1.0000,0.00,72,0,1063.31,0,1
1350.51,23,0.0000,0.0000,0.000,1.000,0.0,0.0167,1.0000,0.00,72,0,1063.31,0,1
1351.51,30,0.0000,0.0000,0.000,1.000,0.0,0.0167,1.0000,0.00,72,0,1063.31,0,1
1352.53,42,0.0000,0.0000,0.000,1.000,0.0,0.0167,1.0000,0.00,72,0,1063.31,0,1
1353.53,60,0.0000,0.0000,0.000,1.000,0.0,0.0167,1.0000,0.00,72,0,1063.31,0,1
1354.56,34,0.0000,0.0000,0.000,1.000,0.0,0.0167,1.0000,0.00,72,0,1063.31,0,1
1355.61,41,0.0000,0.0000,0.000,1.000,0.0,0.0167,1.0000,0.00,72,0,1063.31,0,1
1356.66,49,0.0000,0.0000,0.000,1.000,0.0,0.0167,1.0000,0.00,72,0,1063.31,0,1
1357.70,40,0.0000,0.0000,0.000,1.000,0.0,0.0167,1.0000,0.00,72,0,1063.31,0,1
1358.70,42,0.0000,0.0000,0.000,1.000,0.0,0.0167,1.0000,0.00,72,0,1063.31,0,1
1359.70,71,0.0000,0.0000,0.000,1.000,0.0,0.0167,1.0000,0.00,72,0,1063.31,0,1
1360.71,71,0.0000,0.0000,0.000,1.000,0.0,0.0167,1.0000,0.00,72,0,1063.31,0,1
1361.72,72,0.0000,0.0000,0.000,1.000,0.0,0.0167,1.0000,0.00,72,0,1063.31,0,1
1362.74,72,0.0000,0.0000,0.000,1.000,0.0,0.0167,1.0000,0.00,72,0,1063.31,0,1
1363.74,72,0.0000,0.0000,0.000,1.000,0.0,0.0167,1.0000,0.00,72,0,1063.31,0,1
1364.75,72,0.0000,0.0000,0.000,1.000,0.0,0.0167,1.0000,0.00,72,0,1063.31,0,1
1365.76,73,0.0000,0.0000,0.000,1.000,0.0,0.0167,1.0000,0.00,72,0,1063.31,0,1
1366.76,72,0.0000,0.0000,0.000,1.000,0.0,0.0167,1.0000,0.00,72,0,1063.31,0,1
1367.76,72,0.0000,0.0000,0.000,1.000,0.0,0.0167,1.0000,0.00,72,0,1063.31,0,1
1368.76,72,0.0000,0.0000,0.000,1.000,0.0,0.0167,1.0000,0.00,72,0,1063.31,0,1
1369.76,72,0.0000,0.0000,0.000,1.000,0.0,0.0167,1.0000,0.00,72,0,1063.31,0,1
1370.76,72,0.0000,0.0000,0.000,1.000,0.0,0.0167,1.0000,0.00,72,0,1063.31,0,1
1371.78,31,0.0000,0.0000,0.000,1.000,0.0,0.0167,1.0000,0.00,72,0,1063.31,0,1
1372.78,30,0.0000,0.0000,0.000,1.000,0.0,0.0167,1.0000,0.00,72,0,1063.31,0,1
1373.79,50,0.0000,0.0000,0.000,1.000,0.0,0.0167,1.0000,0.00,72,0,1063.31,0,1
1374.80,54,0.0000,0.0000,0.000,1.000,0.0,0.0167,1.0000,0.00,72,0,1063.31,0,1
1375.80,29,0.0000,0.0000,0.000,1.000,0.0,0.0167,1.0000,0.00,72,0,1063.31,0,1
1376.82,28,0.0000,0.0000,0.000,1.000,0.0,0.0167,1.0000,0.00,72,0,1063.31,0,1
1377.83,43,0.0000,0.0000,0.000,1.000,0.0,0.0167,1.0000,0.00,72,0,1063.31,0,1
1378.84,69,0.0000,0.0000,0.000,1.000,0.0,0.0167,1.0000,0.00,72,0,1063.31,0,1
1379.85,68,0.0000,0.0000,0.000,1.000,0.0,0.0167,1.0000,0.00,72,0,1063.31,0,1
1380.87,67,0.0000,0.0000,0.000,1.000,0.0,0.0167,1.0000,0.00,72,0,1063.31,0,1
1381.88,68,0.0000,0.0000,0.000,1.000,0.0,0.0167,1.0000,0.00,72,0,1063.31,0,1
1382.88,69,0.0000,0.0000,0.000,1.000,0.0,0.0167,1.0000,0.00,72,0,1063.31,0,1
1383.89,68,0.0000,0.0000,0.000,1.000,0.0,0.0167,1.0000,0.00,72,0,1063.31,0,1
1384.89,68,0.0000,0.0000,0.000,1.000,0.0,0.0167,1.0000,0.00,72,0,1063.31,0,1
1385.89,68,0.0000,0.0000,0.000,1.000,0.0,0.0167,1.0000,0.00,72,0,1063.31,0,1
1386.90,69,0.0000,0.0000,0.000,1.000,0.0,0.0167,1.0000,0.00,72,0,1063.31,0,1
1387.90,68,0.0000,0.0000,0.000,1.000,0.0,0.0167,1.0000,0.00,72,0,1063.31,0,1
1388.91,68,0.0000,0.0000,0.000,1.000,0.0,0.0167,1.0000,0.00,72,0,1063.31,0,1
1389.91,69,0.0000,0.0000,0.000,1.000,0.0,0.0167,1.0000,0.00,72,0,1063.31,0,1
1390.91,63,0.0000,0.0000,0.000,1.000,0.0,0.0167,1.0000,0.00,72,0,1063.31,0,1
1391.92,69,0.0000,0.0000,0.000,1.000,0.0,0.0167,1.0000,0.00,72,0,1063.31,0,1
1392.93,69,0.0000,0.0000,0.000,1.000,0.0,0.0167,1.0000,0.00,72,0,1063.31,0,1
1393.94,57,0.0000,0.0000,0.000,1.000,0.0,0.0167,1.0000,0.00,72,0,1063.31,0,1
1394.98,24,0.0000,0.0000,0.000,1.000,0.0,0.0167,1.0000,0.00,72,0,1063.31,0,1
1396.00,24,0.0000,0.0000,0.000,1.000,0.0,0.0167,1.0000,0.00,72,0,1063.31,0,1
1397.02,24,0.0000,0.0000,0.000,1.000,0.0,0.0167,1.0000,0.00,72,0,1063.31,0,1
1398.06,33,0.0000,0.0000,0.000,1.000,0.0,0.0167,1.0000,0.00,72,0,1063.31,0,1
1399.07,35,0.0000,0.0000,0.000,1.000,0.0,0.0167,1.0000,0.00,72,0,1063.31,0,1
1400.08,55,0.0000,0.0000,0.000,1.000,0.0,0.0167,1.0000,0.00,72,0,1063.31,0,1
1401.09,55,0.0000,0.0000,0.000,1.000,0.0,0.0167,1.0000,0.00,72,0,1063.31,0,1
1402.09,54,0.0000,0.0000,0.000,1.000,0.0,0.0167,1.0000,0.00,72,0,1063.31,0,1
1403.09,55,0.0000,0.0000,0.000,1.000,0.0,0.0167,1.0000,0.00,72,0,1063.31,0,1
1404.12,53,0.0000,0.0000,0.000,1.000,0.0,0.0167,1.0000,0.00,72,0,1063.31,0,1
1405.12,53,0.0000,0.0000,0.000,1.000,0.0,0.0167,1.0000,0.00,72,0,1063.31,0,1
1406.13,55,0.0000,0.0000,0.000,1.000,0.0,0.0167,1.0000,0.00,72,0,1063.31,0,1
1407.14,54,0.0000,0.0000,0.000,1.000,0.0,0.0167,1.0000,0.00,72,0,1063.31,0,1
1408.14,56,0.0000,0.0000,0.000,1.000,0.0,0.0167,1.0000,0.00,72,0,1063.31,0,1
1409.15,55,0.0000,0.0000,0.000,1.000,0.0,0.0167,1.0000,0.00,72,0,1063.31,0,1
1410.16,57,0.0000,0.0000,0.000,1.000,0.0,0.0167,1.0000,0.00,72,0,1063.31,0,1
1411.17,56,0.0000,0.0000,0.000,1.000,0.0,0.0167,1.0000,0.00,72,0,1063.31,0,1
1412.17,55,0.0000,0.0000,0.000,1.000,0.0,0.0167,1.0000,0.00,72,0,1063.31,0,1
1413.18,55,0.0000,0.0000,0.000,1.000,0.0,0.0167,1.0000,0.00,72,0,1063.31,0,1
1414.19,56,0.0000,0.0000,0.000,1.000,0.0,0.0167,1.0000,0.00,72,0,1063.31,0,1
1415.20,56,0.0000,0.0000,0.000,1.000,0.0,0.0167,1.0000,0.00,72,0,1063.31,0,1
1416.21,56,0.0000,0.0000,0.000,1.000,0.0,0.0167,1.0000,0.00,72,0,1063.31,0,1
1417.22,55,0.0000,0.0000,0.000,1.000,0.0,0.0167,1.0000,0.00,72,0,1063.31,0,1
1418.22,53,0.0000,0.0000,0.000,1.000,0.0,0.0167,1.0000,0.00,72,0,1063.31,0,1
1419.24,56,0.0000,0.0000,0.000,1.000,0.0,0.0167,1.0000,0.00,72,0,1063.31,0,1
1420.25,55,0.0000,0.0000,0.000,1.000,0.0,0.0167,1.0000,0.00,72,0,1063.31,0,1
1421.26,54,0.0000,0.0000,0.000,1.000,0.0,0.0167,1.0000,0.00,72,0,1063.31,0,1
1422.29,53,0.0000,0.0000,0.000,1.000,0.0,0.0167,1.0000,0.00,72,0,1063.31,0,1
1423.29,53,0.0000,0.0000,0.000,1.000,0.0,0.0167,1.0000,0.00,72,0,1063.31,0,1
1424.30,54,0.0000,0.0000,0.000,1.000,0.0,0.0167,1.0000,0.00,72,0,1063.31,0,1
1425.30,53,0.0000,0.0000,0.000,1.000,0.0,0.0167,1.0000,0.00,72,0,1063.31,0,1
1426.31,57,0.0000,0.0000,0.000,1.000,0.0,0.0167,1.0000,0.00,72,0,1063.31,0,1
1427.32,57,0.0000,0.0000,0.000,1.000,0.0,0.0167,1.0000,0.00,72,0,1063.31,0,1
1428.33,56,0.0000,0.0000,0.000,1.000,0.0,0.0167,1.0000,0.00,72,0,1063.31,0,1
1429.34,57,0.0000,0.0000,0.000,1.000,0.0,0.0167,1.0000,0.00,72,0,1063.31,0,1
1430.36,57,0.0000,0.0000,0.000,1.000,0.0,0.0167,1.0000,0.00,72,0,1063.31,0,1
1431.38,57,0.0000,0.0000,0.000,1.000,0.0,0.0167,1.0000,0.00,72,0,1063.31,0,1
1432.39,57,0.0000,0.0000,0.000,1.000,0.0,0.0167,1.0000,0.00,72,0,1063.31,0,1
1433.40,57,0.0000,0.0000,0.000,1.000,0.0,0.0167,1.0000,0.00,72,0,1063.31,0,1
1434.43,57,0.0000,0.0000,0.000,1.000,0.0,0.0167,1.0000,0.00,72,0,1063.31,0,1
1435.44,56,0.0000,0.0000,0.000,1.000,0.0,0.0167,1.0000,0.00,72,0,1063.31,0,1
1436.45,57,0.0000,0.0000,0.000,1.000,0.0,0.0167,1.0000,0.00,72,0,1063.31,0,1
1437.47,57,0.0000,0.0000,0.000,1.000,0.0,0.0167,1.0000,0.00,72,0,1063.31,0,1
1438.48,56,0.0000,0.0000,0.000,1.000,0.0,0.0167,1.0000,0.00,72,0,1063.31,0,1
1439.49,57,0.0000,0.0000,0.000,1.000,0.0,0.0167,1.0000,0.00,72,0,1063.31,0,1
1440.50,56,0.0000,0.0000,0.000,1.000,0.0,0.0167,1.0000,0.00,72,0,1063.31,0,1
1441.50,56,0.0000,0.0000,0.000,1.000,0.0,0.0167,1.0000,0.00,72,0,1063.31,0,1
1442.51,56,0.0000,0.0000,0.000,1.000,0.0,0.0167,1.0000,0.00,72,0,1063.31,0,1
1443.54,57,0.0000,0.0000,0.000,1.000,0.0,0.0167,1.0000,0.00,72,0,1063.31,0,1
1444.55,58,0.0000,0.0000,0.000,1.000,0.0,0.0167,1.0000,0.00,72,0,1063.31,0,1
1445.57,55,0.0000,0.0000,0.000,1.000,0.0,0.0167,1.0000,0.00,72,0,1063.31,0,1
1446.58,57,0.0000,0.0000,0.000,1.000,0.0,0.0167,1.0000,0.00,72,0,1063.31,0,1
1447.59,57,0.0000,0.0000,0.000,1.000,0.0,0.0167,1.0000,0.00,72,0,1063.31,0,1
1448.60,57,0.0000,0.0000,0.000,1.000,0.0,0.0167,1.0000,0.00,72,0,1063.31,0,1
1449.62,56,0.0000,0.0000,0.000,1.000,0.0,0.0167,1.0000,0.00,72,0,1063.31,0,1
1450.64,57,0.0000,0.0000,0.000,1.000,0.0,0.0167,1.0000,0.00,72,0,1063.31,0,1
1451.65,58,0.0000,0.0000,0.000,1.000,0.0,0.0167,1.0000,0.00,72,0,1063.31,0,1
1452.66,57,0.0000,0.0000,0.000,1.000,0.0,0.0167,1.0000,0.00,72,0,1063.31,0,1
1453.66,57,0.0000,0.0000,0.000,1.000,0.0,0.0167,1.0000,0.00,72,0,1063.31,0,1
1454.67,56,0.0000,0.0000,0.000,1.000,0.0,0.0167,1.0000,0.00,72,0,1063.31,0,1
1455.67,57,0.0000,0.0000,0.000,1.000,0.0,0.0167,1.0000,0.00,72,0,1063.31,0,1
1456.68,57,0.0000,0.0000,0.000,1.000,0.0,0.0167,1.0000,0.00,72,0,1063.31,0,1
1457.69,58,0.0000,0.0000,0.000,1.000,0.0,0.0167,1.0000,0.00,72,0,1063.31,0,1
1458.70,57,0.0000,0.0000,0.000,1.000,0.0,0.0167,1.0000,0.00,72,0,1063.31,0,1
1459.72,57,0.0000,0.0000,0.000,1.000,0.0,0.0167,1.0000,0.00,72,0,1063.31,0,1
1460.73,58,0.0000,0.0000,0.000,1.000,0.0,0.0167,1.0000,0.00,72,0,1063.31,0,1
1461.74,57,0.0000,0.0000,0.000,1.000,0.0,0.0167,1.0000,0.00,72,0,1063.31,0,1
1462.74,57,0.0000,0.0000,0.000,1.000,0.0,0.0167,1.0000,0.00,72,0,1063.31,0,1
1463.75,58,0.0000,0.0000,0.000,1.000,0.0,0.0167,1.0000,0.00,72,0,1063.31,0,1
1464.76,58,0.0000,0.0000,0.000,1.000,0.0,0.0167,1.0000,0.00,72,0,1063.31,0,1
1465.79,58,0.0000,0.0000,0.000,1.000,0.0,0.0167,1.0000,0.00,72,0,1063.31,0,1
1466.80,59,0.0000,0.0000,0.000,1.000,0.0,0.0167,1.0000,0.00,72,0,1063.31,0,1
1467.80,56,0.0000,0.0000,0.000,1.000,0.0,0.0167,1.0000,0.00,72,0,1063.31,0,1
1468.80,56,0.0000,0.0000,0.000,1.000,0.0,0.0167,1.0000,0.00,72,0,1063.31,0,1
1469.81,59,0.0000,0.0000,0.000,1.000,0.0,0.0167,1.0000,0.00,72,0,1063.31,0,1
1470.82,56,0.0000,0.0000,0.000,1.000,0.0,0.0167,1.0000,0.00,72,0,1063.31,0,1
1471.83,56,0.0000,0.0000,0.000,1.000,0.0,0.0167,1.0000,0.00,72,0,1063.31,0,1
1472.84,57,0.0000,0.0000,0.000,1.000,0.0,0.0167,1.0000,0.00,72,0,1063.31,0,1
1473.84,58,0.0000,0.0000,0.000,1.000,0.0,0.0167,1.0000,0.00,72,0,1063.31,0,1
1474.85,57,0.0000,0.0000,0.000,1.000,0.0,0.0167,1.0000,0.00,72,0,1063.31,0,1
1475.86,58,0.0000,0.0000,0.000,1.000,0.0,0.0167,1.0000,0.00,72,0,1063.31,0,1
1476.87,57,0.0000,0.0000,0.000,1.000,0.0,0.0167,1.0000,0.00,72,0,1063.31,0,1
1477.88,57,0.0000,0.0000,0.000,1.000,0.0,0.0167,1.0000,0.00,72,0,1063.31,0,1
1478.89,58,0.0000,0.0000,0.000,1.000,0.0,0.0167,1.0000,0.00,72,0,1063.31,0,1
1479.90,57,0.0000,0.0000,0.000,1.000,0.0,0.0167,1.0000,0.00,72,0,1063.31,0,1
1480.92,57,0.0000,0.0000,0.000,1.000,0.0,0.0167,1.0000,0.00,72,0,1063.31,0,1
1481.93,58,0.0000,0.0000,0.000,1.000,0.0,0.0167,1.0000,0.00,72,0,1063.31,0,1
1482.94,57,0.0000,0.0000,0.000,1.000,0.0,0.0167,1.0000,0.00,72,0,1063.31,0,1
1483.94,57,0.0000,0.0000,0.000,1.000,0.0,0.0167,1.0000,0.00,72,0,1063.31,0,1
1484.95,56,0.0000,0.0000,0.000,1.000,0.0,0.0167,1.0000,0.00,72,0,1063.31,0,1
1485.95,58,0.0000,0.0000,0.000,1.000,0.0,0.0167,1.0000,0.00,72,0,1063.31,0,1
1486.95,56,0.0000,0.0000,0.000,1.000,0.0,0.0167,1.0000,0.00,72,0,1063.31,0,1
1487.96,56,0.0000,0.0000,0.000,1.000,0.0,0.0167,1.0000,0.00,72,0,1063.31,0,1
1488.96,56,0.0000,0.0000,0.000,1.000,0.0,0.0167,1.0000,0.00,72,0,1063.31,0,1
1489.96,58,0.0000,0.0000,0.000,1.000,0.0,0.0167,1.0000,0.00,72,0,1063.31,0,1
1490.98,56,0.0000,0.0000,0.000,1.000,0.0,0.0167,1.0000,0.00,72,0,1063.31,0,1
1491.99,56,0.0000,0.0000,0.000,1.000,0.0,0.0167,1.0000,0.00,72,0,1063.31,0,1
1493.01,58,0.0104,0.0316,0.592,0.997,36.4,0.0167,1.0000,1.00,72,0,1063.91,1,1
1494.03,58,0.0176,0.0345,0.999,0.999,59.7,0.0167,1.0000,1.00,72,0,1064.93,1,1
1495.04,55,0.0183,0.0347,1.002,1.002,59.6,0.0167,1.0000,1.00,72,0,1065.94,0,1
1496.04,55,0.0182,0.0330,0.999,0.999,60.8,0.0167,1.0000,1.00,72,0,1066.94,0,1
1497.04,58,0.0173,0.0329,1.001,1.001,60.0,0.0167,1.0000,1.00,72,0,1067.94,0,1
1498.04,58,0.0173,0.0326,0.999,0.999,59.7,0.0167,1.0000,1.00,72,0,1068.95,0,1
1499.06,59,0.0172,0.0309,0.999,0.999,60.0,0.0167,1.0000,1.00,72,0,1069.96,1,1
1500.07,59,0.0171,0.0311,1.001,1.001,60.6,0.0167,1.0000,1.00,72,0,1070.97,1,1
1501.12,59,0.0168,0.0307,0.939,0.939,56.0,0.0167,1.0000,1.00,72,0,1071.96,1,1
1502.12,60,0.0178,0.0726,1.065,1.065,63.8,0.0167,1.0000,1.00,72,0,1073.03,1,1
1503.13,47,0.0214,0.0546,1.000,1.000,59.7,0.0167,1.0000,1.00,72,0,1074.03,1,1
1504.15,33,0.0308,0.0577,1.000,1.000,60.1,0.0167,1.0000,1.00,72,0,1075.05,1,1
1505.18,33,0.0313,0.0497,0.998,0.998,59.9,0.0167,1.0000,1.00,72,0,1076.08,1,1
1506.19,31,0.0325,0.0442,1.001,1.001,60.7,0.0167,1.0000,1.00,72,0,1077.09,1,1
1507.22,31,0.0332,0.0545,1.000,1.000,60.1,0.0167,1.0000,1.00,72,0,1078.12,1,1
1508.22,31,0.0325,0.0485,1.002,1.002,59.7,0.0167,1.0000,1.00,72,0,1079.13,1,1
1509.25,32,0.0320,0.0568,0.999,0.999,59.5,0.0167,1.0000,1.00,72,0,1080.15,1,1
1510.28,30,0.0345,0.0598,0.998,0.998,60.8,0.0167,1.0000,1.00,72,0,1081.19,1,1
1511.32,33,0.0314,0.0580,1.001,1.001,59.9,0.0167,1.0000,1.00,72,0,1082.22,1,1
1512.37,32,0.0329,0.0562,0.999,0.999,59.7,0.0167,1.0000,1.00,72,0,1083.27,1,1
1513.39,32,0.0319,0.0539,1.003,1.003,60.0,0.0167,1.0000,1.00,72,0,1084.29,1,1
1514.40,31,0.0326,0.0542,1.000,1.000,60.3,0.0167,1.0000,1.00,72,0,1085.31,1,1
1515.42,31,0.0329,0.0513,0.999,0.999,59.8,0.0167,1.0000,1.00,72,0,1086.32,1,1
1516.44,30,0.0341,0.0482,1.000,1.000,59.7,0.0167,1.0000,1.00,72,0,1087.35,1,1
1517.46,34,0.0299,0.0474,1.001,1.001,60.1,0.0167,1.0000,1.00,72,0,1088.36,1,1
1518.47,31,0.0325,0.0458,0.998,0.998,60.5,0.0167,1.0000,1.00,72,0,1089.37,1,1
1519.50,31,0.0332,0.0545,0.999,0.999,60.1,0.0167,1.0000,1.00,72,0,1090.40,1,1
1520.54,33,0.0315,0.0527,0.998,0.998,59.6,0.0167,1.0000,1.00,72,0,1091.44,1,1
1521.55,31,0.0328,0.0492,1.005,1.005,60.2,0.0167,1.0000,1.00,72,0,1092.46,1,1
1522.59,32,0.0322,0.0520,0.996,0.996,59.9,0.0167,1.0000,1.00,72,0,1093.49,1,1
1523.62,31,0.0333,0.0419,1.001,1.001,60.2,0.0167,1.0000,1.00,72,0,1094.52,1,1
1524.63,31,0.0326,0.0537,1.002,1.002,60.5,0.0167,1.0000,1.00,72,0,1095.53,1,1
1525.65,29,0.0352,0.0522,1.000,1.000,59.7,0.0167,1.0000,1.00,72,0,1096.55,1,1
1526.68,31,0.0332,0.0545,0.997,0.997,60.1,0.0167,1.0000,1.00,72,0,1097.58,1,1
1527.68,31,0.0324,0.0511,1.002,1.002,59.9,0.0167,1.0000,1.00,72,0,1098.58,1,1
1528.72,33,0.0315,0.0520,1.001,1.001,59.7,0.0167,1.0000,1.00,72,0,1099.62,1,1
1529.72,32,0.0313,0.0485,1.000,1.000,59.9,0.0167,1.0000,1.00,72,0,1100.63,1,1
1530.75,32,0.0320,0.0543,1.000,1.000,60.5,0.0167,1.0000,1.00,72,0,1101.65,1,1
1531.78,32,0.0321,0.0470,0.999,0.999,60.3,0.0167,1.0000,1.00,72,0,1102.68,1,1
1532.79,33,0.0308,0.0597,1.001,1.001,60.0,0.0167,1.0000,1.00,72,0,1103.69,1,1
1533.82,33,0.0311,0.0575,1.001,1.001,59.6,0.0167,1.0000,1.00,72,0,1104.72,1,1
1534.83,33,0.0308,0.0453,1.000,1.000,60.0,0.0167,1.0000,1.00,72,0,1105.74,1,1
1535.85,32,0.0318,0.0514,1.000,1.000,59.9,0.0167,1.0000,1.00,72,0,1106.75,1,1
1536.86,32,0.0315,0.0541,1.000,1.000,60.5,0.0167,1.0000,1.00,72,0,1107.76,1,1
1537.88,32,0.0319,0.0483,0.999,0.999,59.7,0.0167,1.0000,1.00,72,0,1108.78,1,1
1538.91,33,0.0314,0.0478,1.000,1.000,59.9,0.0167,1.0000,1.00,72,0,1109.82,1,1
1539.92,33,0.0307,0.0573,1.002,1.002,60.4,0.0167,1.0000,1.00,72,0,1110.83,1,1
1540.96,32,0.0322,0.0558,0.999,0.999,60.1,0.0167,1.0000,1.00,72,0,1111.86,1,1
1541.96,32,0.0315,0.0465,1.000,1.000,59.5,0.0167,1.0000,1.00,72,0,1112.87,1,1
1542.99,32,0.0321,0.0467,1.000,1.000,60.4,0.0167,1.0000,1.00,72,0,1113.89,1,1
1544.00,33,0.0306,0.0575,0.999,0.999,60.3,0.0167,1.0000,1.00,72,0,1114.91,1,1
1545.03,33,0.0312,0.0543,1.002,1.002,59.3,0.0167,1.0000,1.00,72,0,1115.94,1,1
1546.05,31,0.0330,0.0511,1.000,1.000,60.7,0.0167,1.0000,1.00,72,0,1116.96,1,1
1547.06,31,0.0326,0.0501,1.000,1.000,59.4,0.0167,1.0000,1.00,72,0,1117.97,1,1
1548.08,31,0.0327,0.0526,1.000,1.000,60.1,0.0167,1.0000,1.00,72,0,1118.98,1,1
1549.08,30,0.0333,0.0526,0.999,0.999,59.9,0.0167,1.0000,1.00,72,0,1119.98,1,1
1550.11,34,0.0302,0.0576,1.001,1.001,60.4,0.0167,1.0000,1.00,72,0,1121.01,1,1
1551.12,33,0.0306,0.0462,1.000,1.000,60.3,0.0167,1.0000,1.00,72,0,1122.02,1,1
1552.14,33,0.0310,0.0465,1.000,1.000,59.6,0.0167,1.0000,1.00,72,0,1123.04,1,1
1553.14,32,0.0314,0.0424,1.001,1.001,59.8,0.0167,1.0000,1.00,72,0,1124.05,1,1
1554.14,33,0.0304,0.0589,1.000,1.000,59.9,0.0167,1.0000,1.00,72,0,1125.05,1,1
1555.18,33,0.0312,0.0452,0.999,0.999,60.1,0.0167,1.0000,1.00,72,0,1126.08,1,1
1556.19,32,0.0316,0.0780,1.001,1.001,60.5,0.0167,1.0000,1.00,72,0,1127.09,1,1
1557.22,32,0.0321,0.0571,0.998,0.998,60.2,0.0167,1.0000,1.00,72,0,1128.12,1,1
1558.24,33,0.0311,0.0558,1.002,1.002,59.5,0.0167,1.0000,1.00,72,0,1129.15,1,1
1559.25,32,0.0315,0.0538,1.000,1.000,60.4,0.0167,1.0000,1.00,72,0,1130.15,1,1
1560.27,33,0.0308,0.0560,0.998,0.998,60.0,0.0167,1.0000,1.00,72,0,1131.17,1,1
1561.27,31,0.0323,0.0437,1.001,1.001,59.9,0.0167,1.0000,1.00,72,0,1132.17,1,1
1562.32,32,0.0328,0.0498,0.999,0.999,60.0,0.0167,1.0000,1.00,72,0,1133.22,1,1
1563.34,35,0.0292,0.0503,1.001,1.001,59.8,0.0167,1.0000,1.00,72,0,1134.24,1,1
1564.35,33,0.0306,0.0448,0.999,0.999,60.3,0.0167,1.0000,1.00,72,0,1135.25,1,1
1565.37,33,0.0308,0.0432,1.002,1.002,60.1,0.0167,1.0000,1.00,72,0,1136.27,1,1
1566.38,33,0.0308,0.0492,1.001,1.001,60.1,0.0167,1.0000,1.00,72,0,1137.29,1,1
1567.40,33,0.0309,0.0533,0.999,0.999,59.8,0.0167,1.0000,1.00,72,0,1138.31,1,1
1568.41,34,0.0296,0.0448,1.000,1.000,60.6,0.0167,1.0000,1.00,72,0,1139.31,1,1
1569.44,34,0.0304,0.0480,1.000,1.000,60.0,0.0167,1.0000,1.00,72,0,1140.35,1,1
1570.45,33,0.0307,0.0579,1.001,1.001,59.4,0.0167,1.0000,1.00,72,0,1141.36,1,1
1571.49,33,0.0314,0.0582,0.999,0.999,59.8,0.0167,1.0000,1.00,72,0,1142.39,1,1
1572.51,34,0.0301,0.0471,0.998,0.998,60.6,0.0167,1.0000,1.00,72,0,1143.42,1,1
1573.52,33,0.0305,0.0488,1.003,1.003,59.8,0.0167,1.0000,1.00,72,0,1144.42,1,1
1574.54,32,0.0320,0.0487,0.998,0.998,60.5,0.0167,1.0000,1.00,72,0,1145.44,1,1
1575.55,31,0.0325,0.0501,1.000,1.000,59.6,0.0167,1.0000,1.00,72,0,1146.45,1,1
1576.56,33,0.0307,0.0442,1.001,1.001,60.2,0.0167,1.0000,1.00,72,0,1147.47,1,1
1577.59,32,0.0321,0.0514,1.000,1.000,60.4,0.0167,1.0000,1.00,72,0,1148.49,1,1
1578.62,33,0.0313,0.0568,0.999,0.999,59.1,0.0167,1.0000,1.00,72,0,1149.52,1,1
1579.65,32,0.0320,0.0523,1.001,1.001,60.5,0.0167,1.0000,1.00,72,0,1150.55,1,1
1580.66,31,0.0326,0.0512,0.999,0.999,60.3,0.0167,1.0000,1.00,72,0,1151.56,1,1
1581.67,33,0.0307,0.0461,1.001,1.001,59.3,0.0167,1.0000,1.00,72,0,1152.57,1,1
1582.68,34,0.0298,0.0562,1.001,1.001,60.4,0.0167,1.0000,1.00,72,0,1153.58,1,1
1583.69,33,0.0308,0.0581,1.000,1.000,60.1,0.0167,1.0000,1.00,72,0,1154.60,1,1
1584.70,33,0.0304,0.0513,0.999,0.999,59.8,0.0167,1.0000,1.00,72,0,1155.60,1,1
1585.70,32,0.0314,0.0506,0.999,0.999,60.6,0.0167,1.0000,1.00,72,0,1156.61,1,1
1586.72,33,0.0310,0.0556,1.001,1.001,59.7,0.0167,1.0000,1.00,72,0,1157.63,1,1
1587.74,33,0.0307,0.0569,1.001,1.001,60.2,0.0167,1.0000,1.00,72,0,1158.64,1,1
1588.77,35,0.0295,0.0570,0.999,0.999,60.0,0.0167,1.0000,1.00,72,0,1159.67,1,1
1589.78,32,0.0315,0.0435,1.001,1.001,59.5,0.0167,1.0000,1.00,72,0,1160.68,1,1
1590.79,34,0.0299,0.0569,1.000,1.000,60.0,0.0167,1.0000,1.00,72,0,1161.70,1,1
1591.83,33,0.0314,0.0465,0.999,0.999,59.9,0.0167,1.0000,1.00,72,0,1162.73,1,1
1592.86,34,0.0302,0.0501,1.000,1.000,60.4,0.0167,1.0000,1.00,72,0,1163.76,1,1
1593.86,32,0.0314,0.0480,1.000,1.000,59.7,0.0167,1.0000,1.00,72,0,1164.76,1,1
1594.88,33,0.0310,0.0547,1.000,1.000,60.7,0.0167,1.0000,1.00,72,0,1165.79,1,1
1595.90,32,0.0319,0.0515,0.999,0.999,59.8,0.0167,1.0000,1.00,72,0,1166.81,1,1
1596.90,34,0.0295,0.0573,1.002,1.002,59.9,0.0167,1.0000,1.00,72,0,1167.81,1,1
1597.92,32,0.0316,0.0551,0.999,0.999,60.2,0.0167,1.0000,1.00,72,0,1168.82,1,1
1598.95,34,0.0304,0.0524,0.999,0.999,59.9,0.0167,1.0000,1.00,72,0,1169.86,1,1
1599.98,32,0.0322,0.0498,1.000,1.000,60.2,0.0167,1.0000,1.00,72,0,1170.89,1,1
1600.99,34,0.0295,0.0525,1.001,1.001,59.9,0.0167,1.0000,1.00,72,0,1171.89,1,1
1601.99,32,0.0313,0.0493,0.998,0.998,59.8,0.0167,1.0000,1.00,72,0,1172.89,1,1
1603.01,34,0.0302,0.0456,1.001,1.001,60.5,0.0167,1.0000,1.00,72,0,1173.92,1,1
1604.02,33,0.0304,0.0577,0.998,0.998,59.7,0.0167,1.0000,1.00,72,0,1174.92,1,1
1605.03,32,0.0316,0.0498,1.003,1.003,60.5,0.0167,1.0000,1.00,72,0,1175.93,1,1
1606.04,33,0.0306,0.0556,0.998,0.998,59.3,0.0167,1.0000,1.00,72,0,1176.94,1,1
1607.05,35,0.0291,0.0468,1.003,1.003,60.2,0.0167,1.0000,1.00,72,0,1177.96,1,1
1608.08,33,0.0311,0.0508,0.998,0.998,60.3,0.0167,1.0000,1.00,72,0,1178.98,1,1
1609.12,34,0.0306,0.0728,1.001,1.001,59.6,0.0167,1.0000,1.00,72,0,1180.03,1,1
1610.14,33,0.0308,0.0474,1.000,1.000,60.0,0.0167,1.0000,1.00,72,0,1181.04,1,1
1611.18,34,0.0307,0.0570,0.998,0.998,60.3,0.0167,1.0000,1.00,72,0,1182.08,1,1
1612.19,33,0.0305,0.0558,1.003,1.003,59.7,0.0167,1.0000,1.00,72,0,1183.09,1,1
1613.22,35,0.0295,0.0505,0.999,0.999,60.0,0.0167,1.0000,1.00,72,0,1184.12,1,1
1614.24,33,0.0308,0.0503,1.000,1.000,59.9,0.0167,1.0000,1.00,72,0,1185.14,1,1
1615.25,33,0.0306,0.0460,1.001,1.001,60.5,0.0167,1.0000,1.00,72,0,1186.15,1,1
1616.25,31,0.0325,0.0494,1.000,1.000,59.5,0.0167,1.0000,1.00,72,0,1187.16,1,1
1617.26,32,0.0314,0.0571,0.998,0.998,60.6,0.0167,1.0000,1.00,72,0,1188.16,1,1
1618.29,34,0.0302,0.0481,1.002,1.002,59.5,0.0167,1.0000,1.00,72,0,1189.19,1,1
1619.29,34,0.0297,0.0561,1.001,1.001,60.5,0.0167,1.0000,1.00,72,0,1190.20,1,1
1620.32,32,0.0319,0.0510,0.999,0.999,59.7,0.0167,1.0000,1.00,72,0,1191.22,1,1
1621.33,32,0.0319,0.0554,1.000,1.000,59.8,0.0167,1.0000,1.00,72,0,1192.24,1,1
1622.34,32,0.0316,0.0553,1.000,1.000,60.4,0.0167,1.0000,1.00,72,0,1193.25,1,1
1623.35,34,0.0296,0.0573,1.001,1.001,59.7,0.0167,1.0000,1.00,72,0,1194.25,1,1
1624.36,33,0.0307,0.0487,0.999,0.999,60.1,0.0167,1.0000,1.00,72,0,1195.27,1,1
1625.37,32,0.0313,0.0572,0.999,0.999,59.9,0.0167,1.0000,1.00,72,0,1196.27,1,1
1626.40,34,0.0305,0.0486,0.999,0.999,60.7,0.0167,1.0000,1.00,72,0,1197.31,1,1
1627.41,32,0.0316,0.0438,1.003,1.003,59.6,0.0167,1.0000,1.00,72,0,1198.32,1,1
1628.42,32,0.0316,0.0516,0.999,0.999,60.2,0.0167,1.0000,1.00,72,0,1199.33,1,1
1629.44,33,0.0308,0.0524,1.000,1.000,60.0,0.0167,1.0000,1.00,72,0,1200.34,1,1
1630.46,33,0.0309,0.0578,0.999,0.999,59.9,0.0167,1.0000,1.00,72,0,1201.36,1,1
1631.49,33,0.0312,0.0477,1.002,1.002,60.2,0.0167,1.0000,1.00,72,0,1202.39,1,1
1632.52,32,0.0322,0.0574,1.000,1.000,60.2,0.0167,1.0000,1.00,72,0,1203.42,1,1
1633.52,32,0.0314,0.0515,1.000,1.000,59.7,0.0167,1.0000,1.00,72,0,1204.43,1,1
1634.52,32,0.0313,0.0506,1.000,1.000,59.9,0.0167,1.0000,1.00,72,0,1205.43,1,1
1635.55,32,0.0321,0.0550,1.000,1.000,60.4,0.0167,1.0000,1.00,72,0,1206.46,1,1
1636.56,33,0.0307,0.0530,0.998,0.998,60.2,0.0167,1.0000,1.00,72,0,1207.47,1,1
1637.57,32,0.0315,0.0460,1.001,1.001,59.6,0.0167,1.0000,1.00,72,0,1208.48,1,1
1638.59,34,0.0300,0.0556,0.998,0.998,59.7,0.0167,1.0000,1.00,72,0,1209.50,1,1
1639.62,33,0.0310,0.0557,1.002,1.002,60.6,0.0167,1.0000,1.00,72,0,1210.52,1,1
1640.63,32,0.0317,0.0469,1.000,1.000,60.2,0.0167,1.0000,1.00,72,0,1211.53,1,1
1641.64,34,0.0296,0.0541,1.000,1.000,59.6,0.0167,1.0000,1.00,72,0,1212.54,1,1
1642.64,32,0.0315,0.0498,1.001,1.001,59.6,0.0167,1.0000,1.00,72,0,1213.55,1,1
1643.65,32,0.0315,0.0490,0.999,0.999,60.4,0.0167,1.0000,1.00,72,0,1214.56,1,1
1644.68,32,0.0321,0.0532,0.999,0.999,60.3,0.0167,1.0000,1.00,72,0,1215.58,1,1
1645.68,33,0.0305,0.0583,1.000,1.000,59.7,0.0167,1.0000,1.00,72,0,1216.59,1,1
1646.70,33,0.0309,0.0561,1.001,1.001,59.8,0.0167,1.0000,1.00,72,0,1217.61,1,1
1647.71,32,0.0315,0.0457,0.999,0.999,60.5,0.0167,1.0000,1.00,72,0,1218.62,1,1
1648.75,32,0.0323,0.0490,1.001,1.001,60.1,0.0167,1.0000,1.00,72,0,1219.65,1,1
1649.76,33,0.0308,0.0576,0.999,0.999,60.0,0.0167,1.0000,1.00,72,0,1220.66,1,1
1650.80,34,0.0306,0.0502,1.001,1.001,59.6,0.0167,1.0000,1.00,72,0,1221.71,1,1
1651.82,32,0.0317,0.0500,1.000,1.000,60.1,0.0167,1.0000,1.00,72,0,1222.72,1,1
1652.83,33,0.0306,0.0547,0.999,0.999,60.3,0.0167,1.0000,1.00,72,0,1223.73,1,1
1653.85,33,0.0309,0.0484,1.001,1.001,59.9,0.0167,1.0000,1.00,72,0,1224.75,1,1
1654.87,33,0.0309,0.0501,1.000,1.000,59.7,0.0167,1.0000,1.00,72,0,1225.77,1,1
1655.90,32,0.0324,0.0565,1.000,1.000,59.9,0.0167,1.0000,1.00,72,0,1226.81,1,1
1656.91,33,0.0306,0.0591,1.001,1.001,60.4,0.0167,1.0000,1.00,72,0,1227.82,1,1
1657.93,32,0.0317,0.0479,0.998,0.998,60.0,0.0167,1.0000,1.00,72,0,1228.83,1,1
1658.94,33,0.0308,0.0520,1.002,1.002,60.1,0.0167,1.0000,1.00,72,0,1229.85,1,1
1659.96,32,0.0318,0.0516,0.999,0.999,59.8,0.0167,1.0000,1.00,72,0,1230.87,1,1
1660.99,34,0.0301,0.0465,0.999,0.999,60.5,0.0167,1.0000,1.00,72,0,1231.89,1,1
1661.99,31,0.0324,0.0738,1.002,1.002,59.8,0.0167,1.0000,1.00,72,0,1232.90,1,1
1663.03,34,0.0305,0.0553,0.999,0.999,59.7,0.0167,1.0000,1.00,72,0,1233.93,1,1
1664.07,33,0.0314,0.0508,0.999,0.999,59.8,0.0167,1.0000,1.00,72,0,1234.97,1,1
1665.09,33,0.0310,0.0564,1.001,1.001,60.7,0.0167,1.0000,1.00,72,0,1235.99,1,1
1666.10,33,0.0307,0.0565,1.001,1.001,59.2,0.0167,1.0000,1.00,72,0,1237.00,1,1
1667.12,34,0.0299,0.0553,0.999,0.999,60.0,0.0167,1.0000,1.00,72,0,1238.02,1,1
1668.15,33,0.0311,0.0527,0.999,0.999,60.3,0.0167,1.0000,1.00,72,0,1239.05,1,1
1669.15,31,0.0324,0.0484,1.002,1.002,59.8,0.0167,1.0000,1.00,72,0,1240.05,1,1
1670.19,31,0.0336,0.0552,0.998,0.998,60.4,0.0167,1.0000,1.00,72,0,1241.09,1,1
1671.23,31,0.0334,0.0525,1.002,1.002,60.0,0.0167,1.0000,1.00,72,0,1242.13,1,1
1672.26,32,0.0322,0.0510,0.998,0.998,60.1,0.0167,1.0000,1.00,72,0,1243.16,1,1
1673.28,30,0.0340,0.0549,1.002,1.002,60.0,0.0167,1.0000,1.00,72,0,1244.18,1,1
1674.32,31,0.0335,0.0570,0.999,0.999,59.6,0.0167,1.0000,1.00,72,0,1245.22,1,1
1675.33,31,0.0327,0.0580,1.001,1.001,60.2,0.0167,1.0000,1.00,72,0,1246.23,1,1
1676.33,30,0.0334,0.0586,0.998,0.998,59.8,0.0167,1.0000,1.00,72,0,1247.23,1,1
1677.34,31,0.0326,0.0543,1.002,1.002,60.5,0.0167,1.0000,1.00,72,0,1248.25,1,1
1678.38,31,0.0336,0.0565,0.997,0.997,60.3,0.0167,1.0000,1.00,72,0,1249.29,1,1
1679.41,30,0.0341,0.0501,1.002,1.002,59.7,0.0167,1.0000,1.00,72,0,1250.31,1,1
1680.42,30,0.0114,0.0434,0.336,1.000,20.6,0.0167,1.0000,0.00,72,0,1250.65,1,1
1681.44,46,0.0000,0.0000,0.000,1.001,0.0,0.0167,1.0000,0.00,72,0,1250.65,0,1
1682.47,54,0.0000,0.0000,0.000,1.001,0.0,0.0167,1.0000,0.00,72,0,1250.65,0,1
1683.49,57,0.0000,0.0000,0.000,1.000,0.0,0.0167,1.0000,0.00,72,0,1250.65,0,1
1684.50,56,0.0000,0.0000,0.000,1.000,0.0,0.0167,1.0000,0.00,72,0,1250.65,0,1
1685.50,56,0.0000,0.0000,0.000,1.000,0.0,0.0167,1.0000,0.00,72,0,1250.65,0,1
1686.50,54,0.0000,0.0000,0.000,1.000,0.0,0.0167,1.0000,0.00,72,0,1250.65,0,1
1687.51,55,0.0000,0.0000,0.000,1.000,0.0,0.0167,1.0000,0.00,72,0,1250.65,0,1
1688.51,54,0.0000,0.0000,0.000,1.000,0.0,0.0167,1.0000,0.00,72,0,1250.65,0,1
1689.52,55,0.0000,0.0000,0.000,1.000,0.0,0.0167,1.0000,0.00,72,0,1250.65,0,1
1690.55,56,0.0000,0.0000,0.000,1.000,0.0,0.0167,1.0000,0.00,72,0,1250.65,0,1
1691.57,56,0.0000,0.0000,0.000,1.000,0.0,0.0167,1.0000,0.00,72,0,1250.65,0,1
1692.57,55,0.0000,0.0000,0.000,1.000,0.0,0.0167,1.0000,0.00,72,0,1250.65,0,1
1693.57,54,0.0000,0.0000,0.000,1.000,0.0,0.0167,1.0000,0.00,72,0,1250.65,0,1
1694.58,54,0.0000,0.0000,0.000,1.000,0.0,0.0167,1.0000,0.00,72,0,1250.65,0,1
1695.59,56,0.0000,0.0000,0.000,1.000,0.0,0.0167,1.0000,0.00,72,0,1250.65,0,1
1696.61,55,0.0000,0.0000,0.000,1.000,0.0,0.0167,1.0000,0.00,72,0,1250.65,0,1
1697.62,56,0.0000,0.0000,0.000,1.000,0.0,0.0167,1.0000,0.00,72,0,1250.65,0,1
1698.62,56,0.0000,0.0000,0.000,1.000,0.0,0.0167,1.0000,0.00,72,0,1250.65,0,1
1699.63,56,0.0000,0.0000,0.000,1.000,0.0,0.0167,1.0000,0.00,72,0,1250.65,0,1
1700.64,57,0.0000,0.0000,0.000,1.000,0.0,0.0167,1.0000,0.00,72,0,1250.65,0,1
1701.65,56,0.0000,0.0000,0.000,1.000,0.0,0.0167,1.0000,0.00,72,0,1250.65,0,1
1702.65,55,0.0000,0.0000,0.000,1.000,0.0,0.0167,1.0000,0.00,72,0,1250.65,0,1
1703.66,57,0.0000,0.0000,0.000,1.000,0.0,0.0167,1.0000,0.00,72,0,1250.65,0,1
1704.67,56,0.0000,0.0000,0.000,1.000,0.0,0.0167,1.0000,0.00,72,0,1250.65,0,1
1705.68,56,0.0000,0.0000,0.000,1.000,0.0,0.0167,1.0000,0.00,72,0,1250.65,0,1
1706.69,57,0.0000,0.0000,0.000,1.000,0.0,0.0167,1.0000,0.00,72,0,1250.65,0,1
1707.71,56,0.0000,0.0000,0.000,1.000,0.0,0.0167,1.0000,0.00,72,0,1250.65,0,1
1708.72,56,0.0000,0.0000,0.000,1.000,0.0,0.0167,1.0000,0.00,72,0,1250.65,0,1
1709.73,57,0.0000,0.0000,0.000,1.000,0.0,0.0167,1.0000,0.00,72,0,1250.65,0,1
1710.74,56,0.0000,0.0000,0.000,1.000,0.0,0.0167,1.0000,0.00,72,0,1250.65,0,1
1711.75,56,0.0000,0.0000,0.000,1.000,0.0,0.0167,1.0000,0.00,72,0,1250.65,0,1
1712.77,56,0.0000,0.0000,0.000,1.000,0.0,0.0167,1.0000,0.00,72,0,1250.65,0,1
1713.78,56,0.0000,0.0000,0.000,1.000,0.0,0.0167,1.0000,0.00,72,0,1250.65,0,1
1714.80,57,0.0000,0.0000,0.000,1.000,0.0,0.0167,1.0000,0.00,72,0,1250.65,0,1
1715.81,56,0.0000,0.0000,0.000,1.000,0.0,0.0167,1.0000,0.00,72,0,1250.65,0,1
1716.82,53,0.0000,0.0000,0.000,1.000,0.0,0.0167,1.0000,0.00,72,0,1250.65,0,1
1717.83,58,0.0000,0.0000,0.000,1.000,0.0,0.0167,1.0000,0.00,72,0,1250.65,0,1
1718.84,55,0.0000,0.0000,0.000,1.000,0.0,0.0167,1.0000,0.00,72,0,1250.65,0,1
1719.86,57,0.0000,0.0000,0.000,1.000,0.0,0.0167,1.0000,0.00,72,0,1250.65,0,1
1720.86,57,0.0000,0.0000,0.000,1.000,0.0,0.0167,1.0000,0.00,72,0,1250.65,0,1
1721.87,55,0.0000,0.0000,0.000,1.000,0.0,0.0167,1.0000,0.00,72,0,1250.65,0,1
1722.87,56,0.0000,0.0000,0.000,1.000,0.0,0.0167,1.0000,0.00,72,0,1250.65,0,1
1723.87,56,0.0000,0.0000,0.000,1.000,0.0,0.0167,1.0000,0.00,72,0,1250.65,0,1
1724.87,57,0.0000,0.0000,0.000,1.000,0.0,0.0167,1.0000,0.00,72,0,1250.65,0,1
1725.89,56,0.0000,0.0000,0.000,1.000,0.0,0.0167,1.0000,0.00,72,0,1250.65,0,1
1726.90,56,0.0000,0.0000,0.000,1.000,0.0,0.0167,1.0000,0.00,72,0,1250.65,0,1
1727.91,57,0.0000,0.0000,0.000,1.000,0.0,0.0167,1.0000,0.00,72,0,1250.65,0,1
1728.91,59,0.0000,0.0000,0.000,1.000,0.0,0.0167,1.0000,0.00,72,0,1250.65,0,1
1729.92,56,0.0000,0.0000,0.000,1.000,0.0,0.0167,1.0000,0.00,72,0,1250.65,0,1
1730.93,57,0.0000,0.0000,0.000,1.000,0.0,0.0167,1.0000,0.00,72,0,1250.65,0,1
1731.93,56,0.0000,0.0000,0.000,1.000,0.0,0.0167,1.0000,0.00,72,0,1250.65,0,1
1732.95,57,0.0000,0.0000,0.000,1.000,0.0,0.0167,1.0000,0.00,72,0,1250.65,0,1
1733.96,58,0.0000,0.0000,0.000,1.000,0.0,0.0167,1.0000,0.00,72,0,1250.65,0,1
1734.97,55,0.0000,0.0000,0.000,1.000,0.0,0.0167,1.0000,0.00,72,0,1250.65,0,1
1735.98,56,0.0000,0.0000,0.000,1.000,0.0,0.0167,1.0000,0.00,72,0,1250.65,0,1
1736.99,57,0.0000,0.0000,0.000,1.000,0.0,0.0167,1.0000,0.00,72,0,1250.65,0,1
1738.00,56,0.0000,0.0000,0.000,1.000,0.0,0.0167,1.0000,0.00,72,0,1250.65,0,1
1739.00,56,0.0000,0.0000,0.000,1.000,0.0,0.0167,1.0000,0.00,72,0,1250.65,0,1
1740.03,56,0.0000,0.0000,0.000,1.000,0.0,0.0167,1.0000,0.00,72,0,1250.65,0,1
1741.05,57,0.0000,0.0000,0.000,1.000,0.0,0.0167,1.0000,0.00,72,0,1250.65,0,1
1742.05,57,0.0000,0.0000,0.000,1.000,0.0,0.0167,1.0000,0.00,72,0,1250.65,0,1
1743.06,55,0.0000,0.0000,0.000,1.000,0.0,0.0167,1.0000,0.00,72,0,1250.65,0,1
1744.07,58,0.0000,0.0000,0.000,1.000,0.0,0.0167,1.0000,0.00,72,0,1250.65,0,1
1745.08,57,0.0000,0.0000,0.000,1.000,0.0,0.0167,1.0000,0.00,72,0,1250.65,0,1
1746.08,56,0.0000,0.0000,0.000,1.000,0.0,0.0167,1.0000,0.00,72,0,1250.65,0,1
1747.09,56,0.0000,0.0000,0.000,1.000,0.0,0.0167,1.0000,0.00,72,0,1250.65,0,1
1748.11,58,0.0000,0.0000,0.000,1.000,0.0,0.0167,1.0000,0.00,72,0,1250.65,0,1
1749.12,56,0.0000,0.0000,0.000,1.000,0.0,0.0167,1.0000,0.00,72,0,1250.65,0,1
1750.14,56,0.0000,0.0000,0.000,1.000,0.0,0.0167,1.0000,0.00,72,0,1250.65,0,1
1751.14,58,0.0000,0.0000,0.000,1.000,0.0,0.0167,1.0000,0.00,72,0,1250.65,0,1
1752.14,57,0.0000,0.0000,0.000,1.000,0.0,0.0167,1.0000,0.00,72,0,1250.65,0,1
1753.15,55,0.0000,0.0000,0.000,1.000,0.0,0.0167,1.0000,0.00,72,0,1250.65,0,1
1754.15,56,0.0000,0.0000,0.000,1.000,0.0,0.0167,1.0000,0.00,72,0,1250.65,0,1
1755.15,56,0.0000,0.0000,0.000,1.000,0.0,0.0167,1.0000,0.00,72,0,1250.65,0,1
1756.15,56,0.0000,0.0000,0.000,1.000,0.0,0.0167,1.0000,0.00,72,0,1250.65,0,1
1757.15,55,0.0000,0.0000,0.000,1.000,0.0,0.0167,1.0000,0.00,72,0,1250.65,0,1
1758.15,55,0.0000,0.0000,0.000,1.000,0.0,0.0167,1.0000,0.00,72,0,1250.65,0,1
1759.16,56,0.0000,0.0000,0.000,1.000,0.0,0.0167,1.0000,0.00,72,0,1250.65,0,1
1760.17,56,0.0000,0.0000,0.000,1.000,0.0,0.0167,1.0000,0.00,72,0,1250.65,0,1
1761.17,56,0.0000,0.0000,0.000,1.000,0.0,0.0167,1.0000,0.00,72,0,1250.65,0,1
1762.18,57,0.0000,0.0000,0.000,1.000,0.0,0.0167,1.0000,0.00,72,0,1250.65,0,1
1763.19,57,0.0000,0.0000,0.000,1.000,0.0,0.0167,1.0000,0.00,72,0,1250.65,0,1
1764.19,57,0.0000,0.0000,0.000,1.000,0.0,0.0167,1.0000,0.00,72,0,1250.65,0,1
1765.20,55,0.0000,0.0000,0.000,1.000,0.0,0.0167,1.0000,0.00,72,0,1250.65,0,1
1766.20,55,0.0000,0.0000,0.000,1.000,0.0,0.0167,1.0000,0.00,72,0,1250.65,0,1
1767.20,54,0.0000,0.0000,0.000,1.000,0.0,0.0167,1.0000,0.00,72,0,1250.65,0,1
1768.21,56,0.0000,0.0000,0.000,1.000,0.0,0.0167,1.0000,0.00,72,0,1250.65,0,1
1769.21,56,0.0000,0.0000,0.000,1.000,0.0,0.0167,1.0000,0.00,72,0,1250.65,0,1
1770.21,55,0.0000,0.0000,0.000,1.000,0.0,0.0167,1.0000,0.00,72,0,1250.65,0,1
1771.22,56,0.0000,0.0000,0.000,1.000,0.0,0.0167,1.0000,0.00,72,0,1250.65,0,1
1772.23,57,0.0000,0.0000,0.000,1.000,0.0,0.0167,1.0000,0.00,72,0,1250.65,0,1
1773.24,54,0.0000,0.0000,0.000,1.000,0.0,0.0167,1.0000,0.00,72,0,1250.65,0,1
1774.25,56,0.0000,0.0000,0.000,1.000,0.0,0.0167,1.0000,0.00,72,0,1250.65,0,1
1775.27,56,0.0000,0.0000,0.000,1.000,0.0,0.0167,1.0000,0.00,72,0,1250.65,0,1
1776.28,57,0.0000,0.0000,0.000,1.000,0.0,0.0167,1.0000,0.00,72,0,1250.65,0,1
1777.29,58,0.0000,0.0000,0.000,1.000,0.0,0.0167,1.0000,0.00,72,0,1250.65,0,1
1778.31,58,0.0000,0.0000,0.000,1.000,0.0,0.0167,1.0000,0.00,72,0,1250.65,0,1
1779.32,56,0.0000,0.0000,0.000,1.000,0.0,0.0167,1.0000,0.00,72,0,1250.65,0,1
1780.33,56,0.0000,0.0000,0.000,1.000,0.0,0.0167,1.0000,0.00,72,0,1250.65,0,1
1781.35,55,0.0000,0.0000,0.000,1.000,0.0,0.0167,1.0000,0.00,72,0,1250.65,0,1
1782.36,59,0.0000,0.0000,0.000,1.000,0.0,0.0167,1.0000,0.00,72,0,1250.65,0,1
1783.36,57,0.0000,0.0000,0.000,1.000,0.0,0.0167,1.0000,0.00,72,0,1250.65,0,1
1784.37,57,0.0000,0.0000,0.000,1.000,0.0,0.0167,1.0000,0.00,72,0,1250.65,0,1
1785.39,55,0.0000,0.0000,0.000,1.000,0.0,0.0167,1.0000,0.00,72,0,1250.65,0,1
1786.41,57,0.0000,0.0000,0.000,1.000,0.0,0.0167,1.0000,0.00,72,0,1250.65,0,1
1787.42,54,0.0000,0.0000,0.000,1.000,0.0,0.0167,1.0000,0.00,72,0,1250.65,0,1
1788.44,56,0.0000,0.0000,0.000,1.000,0.0,0.0167,1.0000,0.00,72,0,1250.65,0,1
1789.46,56,0.0000,0.0000,0.000,1.000,0.0,0.0167,1.0000,0.00,72,0,1250.65,0,1
1790.46,54,0.0000,0.0000,0.000,1.000,0.0,0.0167,1.0000,0.00,72,0,1250.65,0,1
1791.48,55,0.0000,0.0000,0.000,1.000,0.0,0.0167,1.0000,0.00,72,0,1250.65,0,1
1792.49,56,0.0000,0.0000,0.000,1.000,0.0,0.0167,1.0000,0.00,72,0,1250.65,0,1
1793.50,55,0.0000,0.0000,0.000,1.000,0.0,0.0167,1.0000,0.00,72,0,1250.65,0,1
1794.51,56,0.0000,0.0000,0.000,1.000,0.0,0.0167,1.0000,0.00,72,0,1250.65,0,1
1795.53,55,0.0000,0.0000,0.000,1.000,0.0,0.0167,1.0000,0.00,72,0,1250.65,0,1
1796.54,55,0.0000,0.0000,0.000,1.000,0.0,0.0167,1.0000,0.00,72,0,1250.65,0,1
1797.54,53,0.0000,0.0000,0.000,1.000,0.0,0.0167,1.0000,0.00,72,0,1250.65,0,1
1798.55,55,0.0000,0.0000,0.000,1.000,0.0,0.0167,1.0000,0.00,72,0,1250.65,0,1
1799.57,55,0.0000,0.0000,0.000,1.000,0.0,0.0167,1.0000,0.00,72,0,1250.65,0,1
1800.57,54,0.0000,0.0000,0.000,1.000,0.0,0.0167,1.0000,0.00,72,0,1250.65,0,1
1801.59,55,0.0000,0.0000,0.000,1.000,0.0,0.0167,1.0000,0.00,72,0,1250.65,0,1
1802.60,54,0.0000,0.0000,0.000,1.000,0.0,0.0167,1.0000,0.00,72,0,1250.65,0,1
1803.61,55,0.0000,0.0000,0.000,1.000,0.0,0.0167,1.0000,0.00,72,0,1250.65,0,1
1804.63,54,0.0000,0.0000,0.000,1.000,0.0,0.0167,1.0000,0.00,72,0,1250.65,0,1
1805.65,56,0.0000,0.0000,0.000,1.000,0.0,0.0167,1.0000,0.00,72,0,1250.65,0,1
1806.65,55,0.0000,0.0000,0.000,1.000,0.0,0.0167,1.0000,0.00,72,0,1250.65,0,1
1807.65,54,0.0000,0.0000,0.000,1.000,0.0,0.0167,1.0000,0.00,72,0,1250.65,0,1
1808.66,55,0.0000,0.0000,0.000,1.000,0.0,0.0167,1.0000,0.00,72,0,1250.65,0,1
1809.69,56,0.0000,0.0000,0.000,1.000,0.0,0.0167,1.0000,0.00,72,0,1250.65,0,1
1810.71,56,0.0000,0.0000,0.000,1.000,0.0,0.0167,1.0000,0.00,72,0,1250.65,0,1
1811.72,56,0.0000,0.0000,0.000,1.000,0.0,0.0167,1.0000,0.00,72,0,1250.65,0,1
1812.72,56,0.0000,0.0000,0.000,1.000,0.0,0.0167,1.0000,0.00,72,0,1250.65,0,1
1813.73,55,0.0000,0.0000,0.000,1.000,0.0,0.0167,1.0000,0.00,72,0,1250.65,0,1
1814.75,47,0.0000,0.0000,0.000,1.000,0.0,0.0167,1.0000,0.00,72,0,1250.65,0,1
1815.75,67,0.0000,0.0000,0.000,1.000,0.0,0.0167,1.0000,0.00,72,0,1250.65,0,1
1816.76,69,0.0000,0.0000,0.000,1.000,0.0,0.0167,1.0000,0.00,72,0,1250.65,0,1
1817.78,68,0.0000,0.0000,0.000,1.000,0.0,0.0167,1.0000,0.00,72,0,1250.65,0,1
1818.78,68,0.0000,0.0000,0.000,1.000,0.0,0.0167,1.0000,0.00,72,0,1250.65,0,1
1819.80,69,0.0000,0.0000,0.000,1.000,0.0,0.0167,1.0000,0.00,72,0,1250.65,0,1
1820.80,68,0.0000,0.0000,0.000,1.000,0.0,0.0167,1.0000,0.00,72,0,1250.65,0,1
1821.81,68,0.0000,0.0000,0.000,1.000,0.0,0.0167,1.0000,0.00,72,0,1250.65,0,1
1822.81,67,0.0000,0.0000,0.000,1.000,0.0,0.0167,1.0000,0.00,72,0,1250.65,0,1
1823.83,67,0.0000,0.0000,0.000,1.000,0.0,0.0167,1.0000,0.00,72,0,1250.65,0,1
1824.84,67,0.0000,0.0000,0.000,1.000,0.0,0.0167,1.0000,0.00,72,0,1250.65,0,1
1825.85,67,0.0000,0.0000,0.000,1.000,0.0,0.0167,1.0000,0.00,72,0,1250.65,0,1
1826.91,65,0.0000,0.0000,0.000,1.000,0.0,0.0167,1.0000,0.00,72,0,1250.65,0,1
1827.92,67,0.0000,0.0000,0.000,1.000,0.0,0.0167,1.0000,0.00,72,0,1250.65,0,1
1828.93,67,0.0000,0.0000,0.000,1.000,0.0,0.0167,1.0000,0.00,72,0,1250.65,0,1
1829.94,69,0.0000,0.0000,0.000,1.000,0.0,0.0167,1.0000,0.00,72,0,1250.65,0,1
1830.96,69,0.0000,0.0000,0.000,1.000,0.0,0.0167,1.0000,0.00,72,0,1250.65,0,1
1831.97,68,0.0000,0.0000,0.000,1.000,0.0,0.0167,1.0000,0.00,72,0,1250.65,0,1
1832.98,68,0.0000,0.0000,0.000,1.000,0.0,0.0167,1.0000,0.00,72,0,1250.65,0,1
1833.98,67,0.0000,0.0000,0.000,1.000,0.0,0.0167,1.0000,0.00,72,0,1250.65,0,1
1834.98,67,0.0000,0.0000,0.000,1.000,0.0,0.0167,1.0000,0.00,72,0,1250.65,0,1
1836.00,67,0.0000,0.0000,0.000,1.000,0.0,0.0167,1.0000,0.00,72,0,1250.65,0,1
1837.00,67,0.0000,0.0000,0.000,1.000,0.0,0.0167,1.0000,0.00,72,0,1250.65,0,1
1838.00,68,0.0000,0.0000,0.000,1.000,0.0,0.0167,1.0000,0.00,72,0,1250.65,0,1
1839.01,68,0.0000,0.0000,0.000,1.000,0.0,0.0167,1.0000,0.00,72,0,1250.65,0,1
1840.02,67,0.0000,0.0000,0.000,1.000,0.0,0.0167,1.0000,0.00,72,0,1250.65,0,1
1841.02,67,0.0000,0.0000,0.000,1.000,0.0,0.0167,1.0000,0.00,72,0,1250.65,0,1
1842.02,66,0.0000,0.0000,0.000,1.000,0.0,0.0167,1.0000,0.00,72,0,1250.65,0,1
1843.02,66,0.0000,0.0000,0.000,1.000,0.0,0.0167,1.0000,0.00,72,0,1250.65,0,1
1844.03,67,0.0000,0.0000,0.000,1.000,0.0,0.0167,1.0000,0.00,72,0,1250.65,0,1
1845.05,68,0.0000,0.0000,0.000,1.000,0.0,0.0167,1.0000,0.00,72,0,1250.65,0,1
1846.05,67,0.0000,0.0000,0.000,1.000,0.0,0.0167,1.0000,0.00,72,0,1250.65,0,1
1847.05,67,0.0000,0.0000,0.000,1.000,0.0,0.0167,1.0000,0.00,72,0,1250.65,0,1
1848.07,67,0.0000,0.0000,0.000,1.000,0.0,0.0167,1.0000,0.00,72,0,1250.65,0,1
1849.07,67,0.0000,0.0000,0.000,1.000,0.0,0.0167,1.0000,0.00,72,0,1250.65,0,1
1850.08,67,0.0000,0.0000,0.000,1.000,0.0,0.0167,1.0000,0.00,72,0,1250.65,0,1
1851.08,67,0.0000,0.0000,0.000,1.000,0.0,0.0167,1.0000,0.00,72,0,1250.65,0,1
1852.08,66,0.0000,0.0000,0.000,1.000,0.0,0.0167,1.0000,0.00,72,0,1250.65,0,1
1853.08,67,0.0000,0.0000,0.000,1.000,0.0,0.0167,1.0000,0.00,72,0,1250.65,0,1
1854.09,68,0.0000,0.0000,0.000,1.000,0.0,0.0167,1.0000,0.00,72,0,1250.65,0,1
1855.10,68,0.0000,0.0000,0.000,1.000,0.0,0.0167,1.0000,0.00,72,0,1250.65,0,1
1856.10,67,0.0000,0.0000,0.000,1.000,0.0,0.0167,1.0000,0.00,72,0,1250.65,0,1
1857.11,68,0.0000,0.0000,0.000,1.000,0.0,0.0167,1.0000,0.00,72,0,1250.65,0,1
1858.13,69,0.0000,0.0000,0.000,1.000,0.0,0.0167,1.0000,0.00,72,0,1250.65,0,1
1859.15,68,0.0000,0.0000,0.000,1.000,0.0,0.0167,1.0000,0.00,72,0,1250.65,0,1
1860.15,68,0.0000,0.0000,0.000,1.000,0.0,0.0167,1.0000,0.00,72,0,1250.65,0,1
1861.16,68,0.0000,0.0000,0.000,1.000,0.0,0.0167,1.0000,0.00,72,0,1250.65,0,1
1862.17,68,0.0000,0.0000,0.000,1.000,0.0,0.0167,1.0000,0.00,72,0,1250.65,0,1
1863.17,69,0.0000,0.0000,0.000,1.000,0.0,0.0167,1.0000,0.00,72,0,1250.65,0,1
1864.18,68,0.0000,0.0000,0.000,1.000,0.0,0.0167,1.0000,0.00,72,0,1250.65,0,1
1865.19,69,0.0000,0.0000,0.000,1.000,0.0,0.0167,1.0000,0.00,72,0,1250.65,0,1
1866.21,70,0.0000,0.0000,0.000,1.000,0.0,0.0167,1.0000,0.00,72,0,1250.65,0,1
1867.21,69,0.0000,0.0000,0.000,1.000,0.0,0.0167,1.0000,0.00,72,0,1250.65,0,1
1868.22,68,0.0000,0.0000,0.000,1.000,0.0,0.0167,1.0000,0.00,72,0,1250.65,0,1
1869.23,69,0.0000,0.0000,0.000,1.000,0.0,0.0167,1.0000,0.00,72,0,1250.65,0,1
1870.23,69,0.0000,0.0000,0.000,1.000,0.0,0.0167,1.0000,0.00,72,0,1250.65,0,1
1871.24,68,0.0000,0.0000,0.000,1.000,0.0,0.0167,1.0000,0.00,72,0,1250.65,0,1
1872.25,67,0.0000,0.0000,0.000,1.000,0.0,0.0167,1.0000,0.00,72,0,1250.65,0,1
1873.26,68,0.0000,0.0000,0.000,1.000,0.0,0.0167,1.0000,0.00,72,0,1250.65,0,1
1874.26,68,0.0000,0.0000,0.000,1.000,0.0,0.0167,1.0000,0.00,72,0,1250.65,0,1
1875.26,65,0.0000,0.0000,0.000,1.000,0.0,0.0167,1.0000,0.00,72,0,1250.65,0,1
1876.27,68,0.0000,0.0000,0.000,1.000,0.0,0.0167,1.0000,0.00,72,0,1250.65,0,1
1877.27,67,0.0000,0.0000,0.000,1.000,0.0,0.0167,1.0000,0.00,72,0,1250.65,0,1
1878.27,68,0.0000,0.0000,0.000,1.000,0.0,0.0167,1.0000,0.00,72,0,1250.65,0,1
1879.28,68,0.0000,0.0000,0.000,1.000,0.0,0.0167,1.0000,0.00,72,0,1250.65,0,1
1880.28,67,0.0000,0.0000,0.000,1.000,0.0,0.0167,1.0000,0.00,72,0,1250.65,0,1
1881.30,68,0.0000,0.0000,0.000,1.000,0.0,0.0167,1.0000,0.00,72,0,1250.65,0,1
1882.31,68,0.0000,0.0000,0.000,1.000,0.0,0.0167,1.0000,0.00,72,0,1250.65,0,1
1883.32,68,0.0000,0.0000,0.000,1.000,0.0,0.0167,1.0000,0.00,72,0,1250.65,0,1
1884.32,68,0.0000,0.0000,0.000,1.000,0.0,0.0167,1.0000,0.00,72,0,1250.65,0,1
1885.33,68,0.0000,0.0000,0.000,1.000,0.0,0.0167,1.0000,0.00,72,0,1250.65,0,1
1886.34,67,0.0000,0.0000,0.000,1.000,0.0,0.0167,1.0000,0.00,72,0,1250.65,0,1
1887.35,68,0.0000,0.0000,0.000,1.000,0.0,0.0167,1.0000,0.00,72,0,1250.65,0,1
1888.35,68,0.0000,0.0000,0.000,1.000,0.0,0.0167,1.0000,0.00,72,0,1250.65,0,1
1889.36,68,0.0000,0.0000,0.000,1.000,0.0,0.0167,1.0000,0.00,72,0,1250.65,0,1
1890.38,67,0.0000,0.0000,0.000,1.000,0.0,0.0167,1.0000,0.00,72,0,1250.65,0,1
1891.39,68,0.0000,0.0000,0.000,1.000,0.0,0.0167,1.0000,0.00,72,0,1250.65,0,1
1892.40,67,0.0000,0.0000,0.000,1.000,0.0,0.0167,1.0000,0.00,72,0,1250.65,0,1
1893.41,67,0.0000,0.0000,0.000,1.000,0.0,0.0167,1.0000,0.00,72,0,1250.65,0,1
1894.41,66,0.0000,0.0000,0.000,1.000,0.0,0.0167,1.0000,0.00,72,0,1250.65,0,1
1895.42,68,0.0000,0.0000,0.000,1.000,0.0,0.0167,1.0000,0.00,72,0,1250.65,0,1
1896.44,67,0.0000,0.0000,0.000,1.000,0.0,0.0167,1.0000,0.00,72,0,1250.65,0,1
1897.44,67,0.0000,0.0000,0.000,1.000,0.0,0.0167,1.0000,0.00,72,0,1250.65,0,1
1898.46,68,0.0000,0.0000,0.000,1.000,0.0,0.0167,1.0000,0.00,72,0,1250.65,0,1
1899.47,67,0.0000,0.0000,0.000,1.000,0.0,0.0167,1.0000,0.00,72,0,1250.65,0,1
1900.47,67,0.0000,0.0000,0.000,1.000,0.0,0.0167,1.0000,0.00,72,0,1250.65,0,1
1901.48,67,0.0000,0.0000,0.000,1.000,0.0,0.0167,1.0000,0.00,72,0,1250.65,0,1
1902.48,67,0.0000,0.0000,0.000,1.000,0.0,0.0167,1.0000,0.00,72,0,1250.65,0,1
1903.49,69,0.0000,0.0000,0.000,1.000,0.0,0.0167,1.0000,0.00,72,0,1250.65,0,1
1904.49,68,0.0000,0.0000,0.000,1.000,0.0,0.0167,1.0000,0.00,72,0,1250.65,0,1
1905.50,68,0.0000,0.0000,0.000,1.000,0.0,0.0167,1.0000,0.00,72,0,1250.65,0,1
1906.51,68,0.0000,0.0000,0.000,1.000,0.0,0.0167,1.0000,0.00,72,0,1250.65,0,1
1907.51,68,0.0000,0.0000,0.000,1.000,0.0,0.0167,1.0000,0.00,72,0,1250.65,0,1
1908.52,68,0.0000,0.0000,0.000,1.000,0.0,0.0167,1.0000,0.00,72,0,1250.65,0,1
1909.52,67,0.0000,0.0000,0.000,1.000,0.0,0.0167,1.0000,0.00,72,0,1250.65,0,1
1910.52,68,0.0000,0.0000,0.000,1.000,0.0,0.0167,1.0000,0.00,72,0,1250.65,0,1
1911.53,37,0.0000,0.0000,0.000,1.000,0.0,0.0167,1.0000,0.00,72,0,1250.65,0,1
1912.57,26,0.0000,0.0000,0.000,1.000,0.0,0.0167,1.0000,0.00,72,0,1250.65,0,1
1913.60,26,0.0000,0.0000,0.000,1.000,0.0,0.0167,1.0000,0.00,72,0,1250.65,0,1
1914.63,32,0.0000,0.0000,0.000,1.000,0.0,0.0167,1.0000,0.00,72,0,1250.65,0,1
1915.63,27,0.0000,0.0000,0.000,1.000,0.0,0.0167,1.0000,0.00,72,0,1250.65,0,1
1916.64,40,0.0000,0.0000,0.000,1.000,0.0,0.0167,1.0000,0.00,72,0,1250.65,0,1
1917.65,30,0.0000,0.0000,0.000,1.000,0.0,0.0167,1.0000,0.00,72,0,1250.65,0,1
1918.65,53,0.0000,0.0000,0.000,1.000,0.0,0.0167,1.0000,0.00,72,0,1250.65,0,1
1919.65,53,0.0000,0.0000,0.000,1.000,0.0,0.0167,1.0000,0.00,72,0,1250.65,0,1
1920.67,55,0.0000,0.0000,0.000,1.000,0.0,0.0167,1.0000,0.00,72,0,1250.65,0,1
1921.69,55,0.0000,0.0000,0.000,1.000,0.0,0.0167,1.0000,0.00,72,0,1250.65,0,1
1922.70,56,0.0000,0.0000,0.000,1.000,0.0,0.0167,1.0000,0.00,72,0,1250.65,0,1
1923.72,53,0.0000,0.0000,0.000,1.000,0.0,0.0167,1.0000,0.00,72,0,1250.65,0,1
1924.74,54,0.0000,0.0000,0.000,1.000,0.0,0.0167,1.0000,0.00,72,0,1250.65,0,1
1925.75,54,0.0000,0.0000,0.000,1.000,0.0,0.0167,1.0000,0.00,72,0,1250.65,0,1
1926.75,53,0.0000,0.0000,0.000,1.000,0.0,0.0167,1.0000,0.00,72,0,1250.65,0,1
1927.78,54,0.0000,0.0000,0.000,1.000,0.0,0.0167,1.0000,0.00,72,0,1250.65,0,1
1928.79,52,0.0000,0.0000,0.000,1.000,0.0,0.0167,1.0000,0.00,72,0,1250.65,0,1
1929.81,54,0.0000,0.0000,0.000,1.000,0.0,0.0167,1.0000,0.00,72,0,1250.65,0,1
1930.83,51,0.0000,0.0000,0.000,1.000,0.0,0.0167,1.0000,0.00,72,0,1250.65,0,1
1931.84,52,0.0000,0.0000,0.000,1.000,0.0,0.0167,1.0000,0.00,72,0,1250.65,0,1
1932.84,54,0.0000,0.0000,0.000,1.000,0.0,0.0167,1.0000,0.00,72,0,1250.65,0,1
1933.85,53,0.0000,0.0000,0.000,1.000,0.0,0.0167,1.0000,0.00,72,0,1250.65,0,1
1934.86,55,0.0000,0.0000,0.000,1.000,0.0,0.0167,1.0000,0.00,72,0,1250.65,0,1
1935.87,53,0.0000,0.0000,0.000,1.000,0.0,0.0167,1.0000,0.00,72,0,1250.65,0,1
1936.89,46,0.0000,0.0000,0.000,1.000,0.0,0.0167,1.0000,0.00,72,0,1250.65,0,1
1937.90,63,0.0000,0.0000,0.000,1.000,0.0,0.0167,1.0000,0.00,72,0,1250.65,0,1
1938.90,64,0.0000,0.0000,0.000,1.000,0.0,0.0167,1.0000,0.00,72,0,1250.65,0,1
1939.91,64,0.0000,0.0000,0.000,1.000,0.0,0.0167,1.0000,0.00,72,0,1250.65,0,1
1940.92,66,0.0000,0.0000,0.000,1.000,0.0,0.0167,1.0000,0.00,72,0,1250.65,0,1
1941.93,65,0.0000,0.0000,0.000,1.000,0.0,0.0167,1.0000,0.00,72,0,1250.65,0,1
1942.93,65,0.0000,0.0000,0.000,1.000,0.0,0.0167,1.0000,0.00,72,0,1250.65,0,1
1943.95,66,0.0000,0.0000,0.000,1.000,0.0,0.0167,1.0000,0.00,72,0,1250.65,0,1
1944.95,64,0.0000,0.0000,0.000,1.000,0.0,0.0167,1.0000,0.00,72,0,1250.65,0,1
1945.96,66,0.0000,0.0000,0.000,1.000,0.0,0.0167,1.0000,0.00,72,0,1250.65,0,1
1946.98,66,0.0000,0.0000,0.000,1.000,0.0,0.0167,1.0000,0.00,72,0,1250.65,0,1
1947.98,66,0.0000,0.0000,0.000,1.000,0.0,0.0167,1.0000,0.00,72,0,1250.65,0,1
1948.99,66,0.0000,0.0000,0.000,1.000,0.0,0.0167,1.0000,0.00,72,0,1250.65,0,1
1950.00,62,0.0000,0.0000,0.000,1.000,0.0,0.0167,1.0000,0.00,72,0,1250.65,0,1
1951.00,65,0.0000,0.0000,0.000,1.000,0.0,0.0167,1.0000,0.00,72,0,1250.65,0,1
1952.01,64,0.0000,0.0000,0.000,1.000,0.0,0.0167,1.0000,0.00,72,0,1250.65,0,1
1953.01,64,0.0000,0.0000,0.000,1.000,0.0,0.0167,1.0000,0.00,72,0,1250.65,0,1
1954.02,64,0.0000,0.0000,0.000,1.000,0.0,0.0167,1.0000,0.00,72,0,1250.65,0,1
1955.02,64,0.0000,0.0000,0.000,1.000,0.0,0.0167,1.0000,0.00,72,0,1250.65,0,1
1956.03,63,0.0000,0.0000,0.000,1.000,0.0,0.0167,1.0000,0.00,72,0,1250.65,0,1
1957.04,62,0.0000,0.0000,0.000,1.000,0.0,0.0167,1.0000,0.00,72,0,1250.65,0,1
1958.05,62,0.0000,0.0000,0.000,1.000,0.0,0.0167,1.0000,0.00,72,0,1250.65,0,1
1959.06,63,0.0000,0.0000,0.000,1.000,0.0,0.0167,1.0000,0.00,72,0,1250.65,0,1
1960.06,63,0.0000,0.0000,0.000,1.000,0.0,0.0167,1.0000,0.00,72,0,1250.65,0,1
1961.07,65,0.0000,0.0000,0.000,1.000,0.0,0.0167,1.0000,0.00,72,0,1250.65,0,1
1962.08,63,0.0000,0.0000,0.000,1.000,0.0,0.0167,1.0000,0.00,72,0,1250.65,0,1
1963.09,64,0.0000,0.0000,0.000,1.000,0.0,0.0167,1.0000,0.00,72,0,1250.65,0,1
1964.10,63,0.0000,0.0000,0.000,1.000,0.0,0.0167,1.0000,0.00,72,0,1250.65,0,1
1965.11,63,0.0000,0.0000,0.000,1.000,0.0,0.0167,1.0000,0.00,72,0,1250.65,0,1
1966.11,64,0.0000,0.0000,0.000,1.000,0.0,0.0167,1.0000,0.00,72,0,1250.65,0,1
1967.12,63,0.0000,0.0000,0.000,1.000,0.0,0.0167,1.0000,0.00,72,0,1250.65,0,1
1968.13,62,0.0000,0.0000,0.000,1.000,0.0,0.0167,1.0000,0.00,72,0,1250.65,0,1
1969.13,64,0.0000,0.0000,0.000,1.000,0.0,0.0167,1.0000,0.00,72,0,1250.65,0,1
1970.13,62,0.0000,0.0000,0.000,1.000,0.0,0.0167,1.0000,0.00,72,0,1250.65,0,1
1971.13,62,0.0000,0.0000,0.000,1.000,0.0,0.0167,1.0000,0.00,72,0,1250.65,0,1
1972.15,64,0.0000,0.0000,0.000,1.000,0.0,0.0167,1.0000,0.00,72,0,1250.65,0,1
1973.15,62,0.0000,0.0000,0.000,1.000,0.0,0.0167,1.0000,0.00,72,0,1250.65,0,1
1974.15,61,0.0000,0.0000,0.000,1.000,0.0,0.0167,1.0000,0.00,72,0,1250.65,0,1
1975.15,60,0.0000,0.0000,0.000,1.000,0.0,0.0167,1.0000,0.00,72,0,1250.65,0,1
1976.16,63,0.0000,0.0000,0.000,1.000,0.0,0.0167,1.0000,0.00,72,0,1250.65,0,1
1977.19,62,0.0000,0.0000,0.000,1.000,0.0,0.0167,1.0000,0.00,72,0,1250.65,0,1
1978.19,62,0.0000,0.0000,0.000,1.000,0.0,0.0167,1.0000,0.00,72,0,1250.65,0,1
1979.20,60,0.0000,0.0000,0.000,1.000,0.0,0.0167,1.0000,0.00,72,0,1250.65,0,1
1980.20,61,0.0000,0.0000,0.000,1.000,0.0,0.0167,1.0000,0.00,72,0,1250.65,0,1
1981.20,62,0.0000,0.0000,0.000,1.000,0.0,0.0167,1.0000,0.00,72,0,1250.65,0,1
1982.22,61,0.0000,0.0000,0.000,1.000,0.0,0.0167,1.0000,0.00,72,0,1250.65,0,1
1983.23,60,0.0000,0.0000,0.000,1.000,0.0,0.0167,1.0000,0.00,72,0,1250.65,0,1
1984.23,63,0.0000,0.0000,0.000,1.000,0.0,0.0167,1.0000,0.00,72,0,1250.65,0,1
1985.25,64,0.0000,0.0000,0.000,1.000,0.0,0.0167,1.0000,0.00,72,0,1250.65,0,1
1986.25,61,0.0000,0.0000,0.000,1.000,0.0,0.0167,1.0000,0.00,72,0,1250.65,0,1
1987.26,61,0.0000,0.0000,0.000,1.000,0.0,0.0167,1.0000,0.00,72,0,1250.65,0,1
1988.26,62,0.0000,0.0000,0.000,1.000,0.0,0.0167,1.0000,0.00,72,0,1250.65,0,1
1989.26,60,0.0000,0.0000,0.000,1.000,0.0,0.0167,1.0000,0.00,72,0,1250.65,0,1
1990.27,61,0.0000,0.0000,0.000,1.000,0.0,0.0167,1.0000,0.00,72,0,1250.65,0,1
1991.28,61,0.0000,0.0000,0.000,1.000,0.0,0.0167,1.0000,0.00,72,0,1250.65,0,1
1992.28,63,0.0000,0.0000,0.000,1.000,0.0,0.0167,1.0000,0.00,72,0,1250.65,0,1
1993.29,62,0.0000,0.0000,0.000,1.000,0.0,0.0167,1.0000,0.00,72,0,1250.65,0,1
1994.30,61,0.0000,0.0000,0.000,1.000,0.0,0.0167,1.0000,0.00,72,0,1250.65,0,1
1995.30,61,0.0000,0.0000,0.000,1.000,0.0,0.0167,1.0000,0.00,72,0,1250.65,0,1
1996.30,61,0.0000,0.0000,0.000,1.000,0.0,0.0167,1.0000,0.00,72,0,1250.65,0,1
1997.31,59,0.0000,0.0000,0.000,1.000,0.0,0.0167,1.0000,0.00,72,0,1250.65,0,1
1998.32,62,0.0000,0.0000,0.000,1.000,0.0,0.0167,1.0000,0.00,72,0,1250.65,0,1
1999.33,64,0.0000,0.0000,0.000,1.000,0.0,0.0167,1.0000,0.00,72,0,1250.65,0,1
2000.34,62,0.0000,0.0000,0.000,1.000,0.0,0.0167,1.0000,0.00,72,0,1250.65,0,1
2001.34,61,0.0000,0.0000,0.000,1.000,0.0,0.0167,1.0000,0.00,72,0,1250.65,0,1
2002.35,64,0.0000,0.0000,0.000,1.000,0.0,0.0167,1.0000,0.00,72,0,1250.65,0,1
2003.35,62,0.0000,0.0000,0.000,1.000,0.0,0.0167,1.0000,0.00,72,0,1250.65,0,1
2004.37,63,0.0000,0.0000,0.000,1.000,0.0,0.0167,1.0000,0.00,72,0,1250.65,0,1
2005.37,63,0.0000,0.0000,0.000,1.000,0.0,0.0167,1.0000,0.00,72,0,1250.65,0,1
2006.38,63,0.0000,0.0000,0.000,1.000,0.0,0.0167,1.0000,0.00,72,0,1250.65,0,1
2007.39,65,0.0000,0.0000,0.000,1.000,0.0,0.0167,1.0000,0.00,72,0,1250.65,0,1
2008.40,64,0.0000,0.0000,0.000,1.000,0.0,0.0167,1.0000,0.00,72,0,1250.65,0,1
2009.40,64,0.0000,0.0000,0.000,1.000,0.0,0.0167,1.0000,0.00,72,0,1250.65,0,1
2010.42,64,0.0000,0.0000,0.000,1.000,0.0,0.0167,1.0000,0.00,72,0,1250.65,0,1
2011.43,63,0.0000,0.0000,0.000,1.000,0.0,0.0167,1.0000,0.00,72,0,1250.65,0,1
2012.44,64,0.0000,0.0000,0.000,1.000,0.0,0.0167,1.0000,0.00,72,0,1250.65,0,1
2013.46,65,0.0000,0.0000,0.000,1.000,0.0,0.0167,1.0000,0.00,72,0,1250.65,0,1
2014.47,62,0.0000,0.0000,0.000,1.000,0.0,0.0167,1.0000,0.00,72,0,1250.65,0,1
2015.47,63,0.0000,0.0000,0.000,1.000,0.0,0.0167,1.0000,0.00,72,0,1250.65,0,1
2016.48,61,0.0000,0.0000,0.000,1.000,0.0,0.0167,1.0000,0.00,72,0,1250.65,0,1
2017.49,63,0.0000,0.0000,0.000,1.000,0.0,0.0167,1.0000,0.00,72,0,1250.65,0,1
2018.49,62,0.0000,0.0000,0.000,1.000,0.0,0.0167,1.0000,0.00,72,0,1250.65,0,1
2019.50,62,0.0000,0.0000,0.000,1.000,0.0,0.0167,1.0000,0.00,72,0,1250.65,0,1
2020.51,63,0.0000,0.0000,0.000,1.000,0.0,0.0167,1.0000,0.00,72,0,1250.65,0,1
2021.52,64,0.0000,0.0000,0.000,1.000,0.0,0.0167,1.0000,0.00,72,0,1250.65,0,1
2022.54,64,0.0000,0.0000,0.000,1.000,0.0,0.0167,1.0000,0.00,72,0,1250.65,0,1
2023.55,64,0.0000,0.0000,0.000,1.000,0.0,0.0167,1.0000,0.00,72,0,1250.65,0,1
2024.55,63,0.0000,0.0000,0.000,1.000,0.0,0.0167,1.0000,0.00,72,0,1250.65,0,1
2025.56,64,0.0000,0.0000,0.000,1.000,0.0,0.0167,1.0000,0.00,72,0,1250.65,0,1
2026.56,63,0.0000,0.0000,0.000,1.000,0.0,0.0167,1.0000,0.00,72,0,1250.65,0,1
2027.57,64,0.0000,0.0000,0.000,1.000,0.0,0.0167,1.0000,0.00,72,0,1250.65,0,1
2028.58,64,0.0000,0.0000,0.000,1.000,0.0,0.0167,1.0000,0.00,72,0,1250.65,0,1
2029.59,65,0.0000,0.0000,0.000,1.000,0.0,0.0167,1.0000,0.00,72,0,1250.65,0,1
2030.60,64,0.0000,0.0000,0.000,1.000,0.0,0.0167,1.0000,0.00,72,0,1250.65,0,1
2031.61,61,0.0000,0.0000,0.000,1.000,0.0,0.0167,1.0000,0.00,72,0,1250.65,0,1
2032.63,63,0.0000,0.0000,0.000,1.000,0.0,0.0167,1.0000,0.00,72,0,1250.65,0,1
2033.64,63,0.0000,0.0000,0.000,1.000,0.0,0.0167,1.0000,0.00,72,0,1250.65,0,1
2034.64,61,0.0000,0.0000,0.000,1.000,0.0,0.0167,1.0000,0.00,72,0,1250.65,0,1
2035.64,62,0.0000,0.0000,0.000,1.000,0.0,0.0167,1.0000,0.00,72,0,1250.65,0,1
2036.65,62,0.0000,0.0000,0.000,1.000,0.0,0.0167,1.0000,0.00,72,0,1250.65,0,1
2037.67,63,0.0000,0.0000,0.000,1.000,0.0,0.0167,1.0000,0.00,72,0,1250.65,0,1
2038.67,63,0.0000,0.0000,0.000,1.000,0.0,0.0167,1.0000,0.00,72,0,1250.65,0,1
2039.68,63,0.0000,0.0000,0.000,1.000,0.0,0.0167,1.0000,0.00,72,0,1250.65,0,1
2040.69,61,0.0000,0.0000,0.000,1.000,0.0,0.0167,1.0000,0.00,72,0,1250.65,0,1
2041.70,64,0.0000,0.0000,0.000,1.000,0.0,0.0167,1.0000,0.00,72,0,1250.65,0,1
2042.71,61,0.0000,0.0000,0.000,1.000,0.0,0.0167,1.0000,0.00,72,0,1250.65,0,1
2043.71,62,0.0000,0.0000,0.000,1.000,0.0,0.0167,1.0000,0.00,72,0,1250.65,0,1
2044.71,62,0.0000,0.0000,0.000,1.000,0.0,0.0167,1.0000,0.00,72,0,1250.65,0,1
2045.72,63,0.0000,0.0000,0.000,1.000,0.0,0.0167,1.0000,0.00,72,0,1250.65,0,1
2046.72,64,0.0000,0.0000,0.000,1.000,0.0,0.0167,1.0000,0.00,72,0,1250.65,0,1
2047.73,64,0.0000,0.0000,0.000,1.000,0.0,0.0167,1.0000,0.00,72,0,1250.65,0,1
2048.74,63,0.0000,0.0000,0.000,1.000,0.0,0.0167,1.0000,0.00,72,0,1250.65,0,1
2049.75,62,0.0000,0.0000,0.000,1.000,0.0,0.0167,1.0000,0.00,72,0,1250.65,0,1
2050.76,62,0.0000,0.0000,0.000,1.000,0.0,0.0167,1.0000,0.00,72,0,1250.65,0,1
2051.77,62,0.0000,0.0000,0.000,1.000,0.0,0.0167,1.0000,0.00,72,0,1250.65,0,1
2052.78,63,0.0000,0.0000,0.000,1.000,0.0,0.0167,1.0000,0.00,72,0,1250.65,0,1
2053.79,62,0.0000,0.0000,0.000,1.000,0.0,0.0167,1.0000,0.00,72,0,1250.65,0,1
2054.80,63,0.0000,0.0000,0.000,1.000,0.0,0.0167,1.0000,0.00,72,0,1250.65,0,1
2055.80,63,0.0000,0.0000,0.000,1.000,0.0,0.0167,1.0000,0.00,72,0,1250.65,0,1
2056.81,62,0.0000,0.0000,0.000,1.000,0.0,0.0167,1.0000,0.00,72,0,1250.65,0,1
2057.81,64,0.0000,0.0000,0.000,1.000,0.0,0.0167,1.0000,0.00,72,0,1250.65,0,1
2058.82,62,0.0000,0.0000,0.000,1.000,0.0,0.0167,1.0000,0.00,72,0,1250.65,0,1
2059.82,64,0.0000,0.0000,0.000,1.000,0.0,0.0167,1.0000,0.00,72,0,1250.65,0,1
2060.84,65,0.0000,0.0000,0.000,1.000,0.0,0.0167,1.0000,0.00,72,0,1250.65,0,1
2061.85,64,0.0000,0.0000,0.000,1.000,0.0,0.0167,1.0000,0.00,72,0,1250.65,0,1
2062.86,64,0.0000,0.0000,0.000,1.000,0.0,0.0167,1.0000,0.00,72,0,1250.65,0,1
2063.86,63,0.0000,0.0000,0.000,1.000,0.0,0.0167,1.0000,0.00,72,0,1250.65,0,1
2064.87,62,0.0000,0.0000,0.000,1.000,0.0,0.0167,1.0000,0.00,72,0,1250.65,0,1
2065.88,61,0.0000,0.0000,0.000,1.000,0.0,0.0167,1.0000,0.00,72,0,1250.65,0,1
2066.88,62,0.0000,0.0000,0.000,1.000,0.0,0.0167,1.0000,0.00,72,0,1250.65,0,1
2067.90,64,0.0000,0.0000,0.000,1.000,0.0,0.0167,1.0000,0.00,72,0,1250.65,0,1
2068.90,64,0.0000,0.0000,0.000,1.000,0.0,0.0167,1.0000,0.00,72,0,1250.65,0,1
2069.92,63,0.0000,0.0000,0.000,1.000,0.0,0.0167,1.0000,0.00,72,0,1250.65,0,1
2070.93,63,0.0000,0.0000,0.000,1.000,0.0,0.0167,1.0000,0.00,72,0,1250.65,0,1
2071.94,63,0.0000,0.0000,0.000,1.000,0.0,0.0167,1.0000,0.00,72,0,1250.65,0,1
2072.94,64,0.0000,0.0000,0.000,1.000,0.0,0.0167,1.0000,0.00,72,0,1250.65,0,1
2073.96,65,0.0000,0.0000,0.000,1.000,0.0,0.0167,1.0000,0.00,72,0,1250.65,0,1
2074.96,64,0.0000,0.0000,0.000,1.000,0.0,0.0167,1.0000,0.00,72,0,1250.65,0,1
2075.96,63,0.0000,0.0000,0.000,1.000,0.0,0.0167,1.0000,0.00,72,0,1250.65,0,1
2076.96,60,0.0000,0.0000,0.000,1.000,0.0,0.0167,1.0000,0.00,72,0,1250.65,0,1
2077.96,62,0.0000,0.0000,0.000,1.000,0.0,0.0167,1.0000,0.00,72,0,1250.65,0,1
2078.97,63,0.0000,0.0000,0.000,1.000,0.0,0.0167,1.0000,0.00,72,0,1250.65,0,1
2079.99,64,0.0000,0.0000,0.000,1.000,0.0,0.0167,1.0000,0.00,72,0,1250.65,0,1
2081.00,62,0.0000,0.0000,0.000,1.000,0.0,0.0167,1.0000,0.00,72,0,1250.65,0,1
2082.00,63,0.0000,0.0000,0.000,1.000,0.0,0.0167,1.0000,0.00,72,0,1250.65,0,1
2083.02,64,0.0000,0.0000,0.000,1.000,0.0,0.0167,1.0000,0.00,72,0,1250.65,0,1
2084.02,66,0.0000,0.0000,0.000,1.000,0.0,0.0167,1.0000,0.00,72,0,1250.65,0,1
2085.03,67,0.0000,0.0000,0.000,1.000,0.0,0.0167,1.0000,0.00,72,0,1250.65,0,1
2086.04,67,0.0000,0.0000,0.000,1.000,0.0,0.0167,1.0000,0.00,72,0,1250.65,0,1
2087.04,66,0.0000,0.0000,0.000,1.000,0.0,0.0167,1.0000,0.00,72,0,1250.65,0,1
2088.05,68,0.0000,0.0000,0.000,1.000,0.0,0.0167,1.0000,0.00,72,0,1250.65,0,1
2089.06,67,0.0000,0.0000,0.000,1.000,0.0,0.0167,1.0000,0.00,72,0,1250.65,0,1
2090.07,67,0.0000,0.0000,0.000,1.000,0.0,0.0167,1.0000,0.00,72,0,1250.65,0,1
2091.08,67,0.0000,0.0000,0.000,1.000,0.0,0.0167,1.0000,0.00,72,0,1250.65,0,1
2092.08,67,0.0000,0.0000,0.000,1.000,0.0,0.0167,1.0000,0.00,72,0,1250.65,0,1
2093.10,66,0.0000,0.0000,0.000,1.000,0.0,0.0167,1.0000,0.00,72,0,1250.65,0,1
2094.10,65,0.0000,0.0000,0.000,1.000,0.0,0.0167,1.0000,0.00,72,0,1250.65,0,1
2095.11,66,0.0000,0.0000,0.000,1.000,0.0,0.0167,1.0000,0.00,72,0,1250.65,0,1
2096.12,66,0.0000,0.0000,0.000,1.000,0.0,0.0167,1.0000,0.00,72,0,1250.65,0,1
2097.12,66,0.0000,0.0000,0.000,1.000,0.0,0.0167,1.0000,0.00,72,0,1250.65,0,1
2098.13,65,0.0000,0.0000,0.000,1.000,0.0,0.0167,1.0000,0.00,72,0,1250.65,0,1
2099.13,65,0.0000,0.0000,0.000,1.000,0.0,0.0167,1.0000,0.00,72,0,1250.65,0,1
2100.14,67,0.0000,0.0000,0.000,1.000,0.0,0.0167,1.0000,0.00,72,0,1250.65,0,1
2101.15,68,0.0000,0.0000,0.000,1.000,0.0,0.0167,1.0000,0.00,72,0,1250.65,0,1
2102.16,66,0.0000,0.0000,0.000,1.000,0.0,0.0167,1.0000,0.00,72,0,1250.65,0,1
2103.16,66,0.0000,0.0000,0.000,1.000,0.0,0.0167,1.0000,0.00,72,0,1250.65,0,1
2104.17,67,0.0000,0.0000,0.000,1.000,0.0,0.0167,1.0000,0.00,72,0,1250.65,0,1
2105.18,66,0.0000,0.0000,0.000,1.000,0.0,0.0167,1.0000,0.00,72,0,1250.65,0,1
2106.19,65,0.0000,0.0000,0.000,1.000,0.0,0.0167,1.0000,0.00,72,0,1250.65,0,1
2107.21,65,0.0000,0.0000,0.000,1.000,0.0,0.0167,1.0000,0.00,72,0,1250.65,0,1
2108.21,65,0.0000,0.0000,0.000,1.000,0.0,0.0167,1.0000,0.00,72,0,1250.65,0,1
2109.22,66,0.0000,0.0000,0.000,1.000,0.0,0.0167,1.0000,0.00,72,0,1250.65,0,1
2110.23,65,0.0000,0.0000,0.000,1.000,0.0,0.0167,1.0000,0.00,72,0,1250.65,0,1
2111.24,67,0.0000,0.0000,0.000,1.000,0.0,0.0167,1.0000,0.00,72,0,1250.65,0,1
2112.26,68,0.0000,0.0000,0.000,1.000,0.0,0.0167,1.0000,0.00,72,0,1250.65,0,1
2113.26,67,0.0000,0.0000,0.000,1.000,0.0,0.0167,1.0000,0.00,72,0,1250.65,0,1
2114.26,66,0.0000,0.0000,0.000,1.000,0.0,0.0167,1.0000,0.00,72,0,1250.65,0,1
2115.27,66,0.0000,0.0000,0.000,1.000,0.0,0.0167,1.0000,0.00,72,0,1250.65,0,1
2116.28,67,0.0000,0.0000,0.000,1.000,0.0,0.0167,1.0000,0.00,72,0,1250.65,0,1
2117.28,65,0.0000,0.0000,0.000,1.000,0.0,0.0167,1.0000,0.00,72,0,1250.65,0,1
2118.30,67,0.0000,0.0000,0.000,1.000,0.0,0.0167,1.0000,0.00,72,0,1250.65,0,1
2119.30,67,0.0000,0.0000,0.000,1.000,0.0,0.0167,1.0000,0.00,72,0,1250.65,0,1
2120.30,66,0.0000,0.0000,0.000,1.000,0.0,0.0167,1.0000,0.00,72,0,1250.65,0,1
2121.32,67,0.0000,0.0000,0.000,1.000,0.0,0.0167,1.0000,0.00,72,0,1250.65,0,1
2122.33,66,0.0000,0.0000,0.000,1.000,0.0,0.0167,1.0000,0.00,72,0,1250.65,0,1
2123.35,67,0.0000,0.0000,0.000,1.000,0.0,0.0167,1.0000,0.00,72,0,1250.65,0,1
2124.37,67,0.0000,0.0000,0.000,1.000,0.0,0.0167,1.0000,0.00,72,0,1250.65,0,1
2125.38,66,0.0000,0.0000,0.000,1.000,0.0,0.0167,1.0000,0.00,72,0,1250.65,0,1
2126.39,66,0.0000,0.0000,0.000,1.000,0.0,0.0167,1.0000,0.00,72,0,1250.65,0,1
2127.39,65,0.0000,0.0000,0.000,1.000,0.0,0.0167,1.0000,0.00,72,0,1250.65,0,1
2128.39,65,0.0000,0.0000,0.000,1.000,0.0,0.0167,1.0000,0.00,72,0,1250.65,0,1
2129.40,54,0.0000,0.0000,0.000,1.000,0.0,0.0167,1.0000,0.00,72,0,1250.65,0,1
2130.43,26,0.0000,0.0000,0.000,1.000,0.0,0.0167,1.0000,0.00,72,0,1250.65,0,1
2131.47,26,0.0000,0.0000,0.000,1.000,0.0,0.0167,1.0000,0.00,72,0,1250.65,0,1
2132.48,30,0.0000,0.0000,0.000,1.000,0.0,0.0167,1.0000,0.00,72,0,1250.65,0,1
2133.49,55,0.0000,0.0000,0.000,1.000,0.0,0.0167,1.0000,0.00,72,0,1250.65,0,1
2134.51,56,0.0000,0.0000,0.000,1.001,0.0,0.0167,1.0000,0.00,72,0,1250.65,0,1
2135.52,55,0.0000,0.0000,0.000,1.000,0.0,0.0167,1.0000,0.00,72,0,1250.65,0,1
2136.53,56,0.0000,0.0000,0.000,1.000,0.0,0.0167,1.0000,0.00,72,0,1250.65,0,1
2137.54,54,0.0000,0.0000,0.000,1.000,0.0,0.0167,1.0000,0.00,72,0,1250.65,0,1
2138.57,58,0.0000,0.0000,0.000,1.000,0.0,0.0167,1.0000,0.00,72,0,1250.65,0,1
2139.58,56,0.0000,0.0000,0.000,1.000,0.0,0.0167,1.0000,0.00,72,0,1250.65,0,1
2140.59,56,0.0000,0.0000,0.000,1.000,0.0,0.0167,1.0000,0.00,72,0,1250.65,0,1
2141.59,55,0.0000,0.0000,0.000,1.000,0.0,0.0167,1.0000,0.00,72,0,1250.65,0,1
2142.61,56,0.0000,0.0000,0.000,1.000,0.0,0.0167,1.0000,0.00,72,0,1250.65,0,1
2143.62,56,0.0000,0.0000,0.000,1.000,0.0,0.0167,1.0000,0.00,72,0,1250.65,0,1
2144.63,55,0.0000,0.0000,0.000,1.000,0.0,0.0167,1.0000,0.00,72,0,1250.65,0,1
2145.64,58,0.0000,0.0000,0.000,1.000,0.0,0.0167,1.0000,0.00,72,0,1250.65,0,1
2146.64,57,0.0000,0.0000,0.000,1.000,0.0,0.0167,1.0000,0.00,72,0,1250.65,0,1
2147.65,57,0.0000,0.0000,0.000,1.000,0.0,0.0167,1.0000,0.00,72,0,1250.65,0,1
2148.67,56,0.0000,0.0000,0.000,1.000,0.0,0.0167,1.0000,0.00,72,0,1250.65,0,1
2149.68,55,0.0000,0.0000,0.000,1.000,0.0,0.0167,1.0000,0.00,72,0,1250.65,0,1
2150.69,55,0.0000,0.0000,0.000,1.000,0.0,0.0167,1.0000,0.00,72,0,1250.65,0,1
2151.70,56,0.0000,0.0000,0.000,1.000,0.0,0.0167,1.0000,0.00,72,0,1250.65,0,1
2152.70,55,0.0000,0.0000,0.000,1.000,0.0,0.0167,1.0000,0.00,72,0,1250.65,0,1
2153.73,58,0.0000,0.0000,0.000,1.000,0.0,0.0167,1.0000,0.00,72,0,1250.65,0,1
2154.74,57,0.0000,0.0000,0.000,1.000,0.0,0.0167,1.0000,0.00,72,0,1250.65,0,1
2155.76,55,0.0000,0.0000,0.000,1.000,0.0,0.0167,1.0000,0.00,72,0,1250.65,0,1
2156.76,56,0.0000,0.0000,0.000,1.000,0.0,0.0167,1.0000,0.00,72,0,1250.65,0,1
2157.78,56,0.0000,0.0000,0.000,1.000,0.0,0.0167,1.0000,0.00,72,0,1250.65,0,1
2158.79,56,0.0000,0.0000,0.000,1.000,0.0,0.0167,1.0000,0.00,72,0,1250.65,0,1
2159.80,57,0.0000,0.0000,0.000,1.000,0.0,0.0167,1.0000,0.00,72,0,1250.65,0,1
2160.80,56,0.0000,0.0000,0.000,1.000,0.0,0.0167,1.0000,0.00,72,0,1250.65,0,1
2161.81,56,0.0000,0.0000,0.000,1.000,0.0,0.0167,1.0000,0.00,72,0,1250.65,0,1
2162.82,56,0.0000,0.0000,0.000,1.000,0.0,0.0167,1.0000,0.00,72,0,1250.65,0,1
2163.82,58,0.0000,0.0000,0.000,1.000,0.0,0.0167,1.0000,0.00,72,0,1250.65,0,1
2164.83,56,0.0000,0.0000,0.000,1.000,0.0,0.0167,1.0000,0.00,72,0,1250.65,0,1
2165.84,56,0.0000,0.0000,0.000,1.000,0.0,0.0167,1.0000,0.00,72,0,1250.65,0,1
2166.87,58,0.0000,0.0000,0.000,1.000,0.0,0.0167,1.0000,0.00,72,0,1250.65,0,1
2167.88,57,0.0000,0.0000,0.000,1.000,0.0,0.0167,1.0000,0.00,72,0,1250.65,0,1
2168.88,56,0.0000,0.0000,0.000,1.000,0.0,0.0167,1.0000,0.00,72,0,1250.65,0,1
2169.89,56,0.0000,0.0000,0.000,1.000,0.0,0.0167,1.0000,0.00,72,0,1250.65,0,1
2170.89,55,0.0000,0.0000,0.000,1.000,0.0,0.0167,1.0000,0.00,72,0,1250.65,0,1
2171.90,57,0.0000,0.0000,0.000,1.000,0.0,0.0167,1.0000,0.00,72,0,1250.65,0,1
2172.91,56,0.0000,0.0000,0.000,1.000,0.0,0.0167,1.0000,0.00,72,0,1250.65,0,1
2173.92,56,0.0000,0.0000,0.000,1.000,0.0,0.0167,1.0000,0.00,72,0,1250.65,0,1
2174.93,58,0.0000,0.0000,0.000,1.000,0.0,0.0167,1.0000,0.00,72,0,1250.65,0,1
2175.94,56,0.0000,0.0000,0.000,1.000,0.0,0.0167,1.0000,0.00,72,0,1250.65,0,1
2176.96,56,0.0000,0.0000,0.000,1.000,0.0,0.0167,1.0000,0.00,72,0,1250.65,0,1
2177.97,56,0.0000,0.0000,0.000,0.999,0.0,0.0167,1.0000,0.00,72,0,1250.65,0,1
2178.98,55,0.0000,0.0000,0.000,1.001,0.0,0.0167,1.0000,0.00,72,0,1250.65,0,1
2179.98,55,0.0000,0.0000,0.000,1.000,0.0,0.0167,1.0000,0.00,72,0,1250.65,0,1
2180.99,55,0.0000,0.0000,0.000,1.000,0.0,0.0167,1.0000,0.00,72,0,1250.65,0,1
2181.99,55,0.0000,0.0000,0.000,1.000,0.0,0.0167,1.0000,0.00,72,0,1250.65,0,1
2183.00,56,0.0000,0.0000,0.000,1.000,0.0,0.0167,1.0000,0.00,72,0,1250.65,0,1
2184.01,57,0.0000,0.0000,0.000,1.000,0.0,0.0167,1.0000,0.00,72,0,1250.65,0,1
2185.02,58,0.0000,0.0000,0.000,1.000,0.0,0.0167,1.0000,0.00,72,0,1250.65,0,1
2186.02,55,0.0000,0.0000,0.000,1.000,0.0,0.0167,1.0000,0.00,72,0,1250.65,0,1
2187.04,57,0.0000,0.0000,0.000,1.000,0.0,0.0167,1.0000,0.00,72,0,1250.65,0,1
2188.04,57,0.0000,0.0000,0.000,1.000,0.0,0.0167,1.0000,0.00,72,0,1250.65,0,1
2189.05,54,0.0000,0.0000,0.000,1.000,0.0,0.0167,1.0000,0.00,72,0,1250.65,0,1
2190.06,57,0.0000,0.0000,0.000,1.000,0.0,0.0167,1.0000,0.00,72,0,1250.65,0,1
2191.07,57,0.0000,0.0000,0.000,1.000,0.0,0.0167,1.0000,0.00,72,0,1250.65,0,1
2192.09,56,0.0000,0.0000,0.000,1.000,0.0,0.0167,1.0000,0.00,72,0,1250.65,0,1
2193.11,58,0.0000,0.0000,0.000,1.000,0.0,0.0167,1.0000,0.00,72,0,1250.65,0,1
2194.12,57,0.0000,0.0000,0.000,1.000,0.0,0.0167,1.0000,0.00,72,0,1250.65,0,1
2195.14,56,0.0000,0.0000,0.000,1.000,0.0,0.0167,1.0000,0.00,72,0,1250.65,0,1
2196.16,55,0.0000,0.0000,0.000,0.999,0.0,0.0167,1.0000,0.00,72,0,1250.65,0,1
2197.17,56,0.0000,0.0000,0.000,1.000,0.0,0.0167,1.0000,0.00,72,0,1250.65,0,1
2198.18,55,0.0000,0.0000,0.000,1.000,0.0,0.0167,1.0000,0.00,72,0,1250.65,0,1
2199.20,59,0.0000,0.0000,0.000,1.000,0.0,0.0167,1.0000,0.00,72,0,1250.65,0,1
2200.20,57,0.0000,0.0000,0.000,1.000,0.0,0.0167,1.0000,0.00,72,0,1250.65,0,1
2201.21,58,0.0000,0.0000,0.000,1.000,0.0,0.0167,1.0000,0.00,72,0,1250.65,0,1
2202.24,56,0.0000,0.0000,0.000,1.000,0.0,0.0167,1.0000,0.00,72,0,1250.65,0,1
2203.24,56,0.0000,0.0000,0.000,1.000,0.0,0.0167,1.0000,0.00,72,0,1250.65,0,1
2204.24,56,0.0000,0.0000,0.000,1.000,0.0,0.0167,1.0000,0.00,72,0,1250.65,0,1
2205.24,55,0.0000,0.0000,0.000,1.000,0.0,0.0167,1.0000,0.00,72,0,1250.65,0,1
2206.25,56,0.0000,0.0000,0.000,1.000,0.0,0.0167,1.0000,0.00,72,0,1250.65,0,1
2207.26,56,0.0000,0.0000,0.000,1.000,0.0,0.0167,1.0000,0.00,72,0,1250.65,0,1
2208.27,56,0.0000,0.0000,0.000,1.000,0.0,0.0167,1.0000,0.00,72,0,1250.65,0,1
2209.28,57,0.0000,0.0000,0.000,1.000,0.0,0.0167,1.0000,0.00,72,0,1250.65,0,1
2210.29,56,0.0000,0.0000,0.000,1.000,0.0,0.0167,1.0000,0.00,72,0,1250.65,0,1
2211.31,56,0.0000,0.0000,0.000,1.000,0.0,0.0167,1.0000,0.00,72,0,1250.65,0,1
2212.32,56,0.0000,0.0000,0.000,1.000,0.0,0.0167,1.0000,0.00,72,0,1250.65,0,1
2213.34,58,0.0000,0.0000,0.000,1.000,0.0,0.0167,1.0000,0.00,72,0,1250.65,0,1
2214.34,56,0.0000,0.0000,0.000,1.000,0.0,0.0167,1.0000,0.00,72,0,1250.65,0,1
2215.36,56,0.0000,0.0000,0.000,1.000,0.0,0.0167,1.0000,0.00,72,0,1250.65,0,1
2216.37,55,0.0000,0.0000,0.000,1.000,0.0,0.0167,1.0000,0.00,72,0,1250.65,0,1
2217.37,56,0.0000,0.0000,0.000,1.000,0.0,0.0167,1.0000,0.00,72,0,1250.65,0,1
2218.38,57,0.0000,0.0000,0.000,1.000,0.0,0.0167,1.0000,0.00,72,0,1250.65,0,1
2219.39,56,0.0000,0.0000,0.000,1.000,0.0,0.0167,1.0000,0.00,72,0,1250.65,0,1
2220.40,56,0.0000,0.0000,0.000,1.000,0.0,0.0167,1.0000,0.00,72,0,1250.65,0,1
2221.40,56,0.0000,0.0000,0.000,1.000,0.0,0.0167,1.0000,0.00,72,0,1250.65,0,1
2222.41,57,0.0000,0.0000,0.000,1.000,0.0,0.0167,1.0000,0.00,72,0,1250.65,0,1
2223.43,56,0.0000,0.0000,0.000,1.000,0.0,0.0167,1.0000,0.00,72,0,1250.65,0,1
2224.43,57,0.0000,0.0000,0.000,1.000,0.0,0.0167,1.0000,0.00,72,0,1250.65,0,1
2225.44,58,0.0000,0.0000,0.000,1.000,0.0,0.0167,1.0000,0.00,72,0,1250.65,0,1
2226.45,56,0.0000,0.0000,0.000,1.000,0.0,0.0167,1.0000,0.00,72,0,1250.65,0,1
2227.45,58,0.0000,0.0000,0.000,1.000,0.0,0.0167,1.0000,0.00,72,0,1250.65,0,1
2228.47,57,0.0000,0.0000,0.000,1.000,0.0,0.0167,1.0000,0.00,72,0,1250.65,0,1
2229.48,57,0.0000,0.0000,0.000,1.000,0.0,0.0167,1.0000,0.00,72,0,1250.65,0,1
2230.48,58,0.0000,0.0000,0.000,1.000,0.0,0.0167,1.0000,0.00,72,0,1250.65,0,1
2231.49,56,0.0000,0.0000,0.000,1.000,0.0,0.0167,1.0000,0.00,72,0,1250.65,0,1
2232.49,56,0.0000,0.0000,0.000,1.000,0.0,0.0167,1.0000,0.00,72,0,1250.65,0,1
2233.49,60,0.0000,0.0000,0.000,1.000,0.0,0.0167,1.0000,0.00,72,0,1250.65,0,1
2234.49,57,0.0000,0.0000,0.000,1.000,0.0,0.0167,1.0000,0.00,72,0,1250.65,0,1
2235.50,59,0.0000,0.0000,0.000,1.000,0.0,0.0167,1.0000,0.00,72,0,1250.65,0,1
2236.51,57,0.0000,0.0000,0.000,1.000,0.0,0.0167,1.0000,0.00,72,0,1250.65,0,1
2237.52,58,0.0000,0.0000,0.000,1.000,0.0,0.0167,1.0000,0.00,72,0,1250.65,0,1
2238.52,55,0.0000,0.0000,0.000,1.000,0.0,0.0167,1.0000,0.00,72,0,1250.65,0,1
2239.54,57,0.0000,0.0000,0.000,1.000,0.0,0.0167,1.0000,0.00,72,0,1250.65,0,1
2240.54,55,0.0000,0.0000,0.000,1.000,0.0,0.0167,1.0000,0.00,72,0,1250.65,0,1
2241.54,55,0.0000,0.0000,0.000,1.000,0.0,0.0167,1.0000,0.00,72,0,1250.65,0,1
2242.56,56,0.0000,0.0000,0.000,1.000,0.0,0.0167,1.0000,0.00,72,0,1250.65,0,1
2243.57,56,0.0000,0.0000,0.000,1.000,0.0,0.0167,1.0000,0.00,72,0,1250.65,0,1
2244.60,54,0.0000,0.0000,0.000,1.000,0.0,0.0167,1.0000,0.00,72,0,1250.65,0,1
2245.60,56,0.0000,0.0000,0.000,1.000,0.0,0.0167,1.0000,0.00,72,0,1250.65,0,1
2246.63,57,0.0000,0.0000,0.000,1.000,0.0,0.0167,1.0000,0.00,72,0,1250.65,0,1
2247.65,56,0.0000,0.0000,0.000,1.000,0.0,0.0167,1.0000,0.00,72,0,1250.65,0,1
2248.66,57,0.0000,0.0000,0.000,1.000,0.0,0.0167,1.0000,0.00,72,0,1250.65,0,1
2249.68,55,0.0000,0.0000,0.000,1.000,0.0,0.0167,1.0000,0.00,72,0,1250.65,0,1
2250.69,58,0.0000,0.0000,0.000,1.000,0.0,0.0167,1.0000,0.00,72,0,1250.65,0,1
2251.71,54,0.0000,0.0000,0.000,1.000,0.0,0.0167,1.0000,0.00,72,0,1250.65,0,1
2252.71,55,0.0000,0.0000,0.000,1.000,0.0,0.0167,1.0000,0.00,72,0,1250.65,0,1
2253.72,56,0.0000,0.0000,0.000,1.000,0.0,0.0167,1.0000,0.00,72,0,1250.65,0,1
2254.72,57,0.0000,0.0000,0.000,1.000,0.0,0.0167,1.0000,0.00,72,0,1250.65,0,1
2255.73,57,0.0000,0.0000,0.000,1.000,0.0,0.0167,1.0000,0.00,72,0,1250.65,0,1
2256.74,55,0.0000,0.0000,0.000,1.000,0.0,0.0167,1.0000,0.00,72,0,1250.65,0,1
2257.74,56,0.0000,0.0000,0.000,1.000,0.0,0.0167,1.0000,0.00,72,0,1250.65,0,1
2258.75,56,0.0000,0.0000,0.000,1.000,0.0,0.0167,1.0000,0.00,72,0,1250.65,0,1
2259.76,55,0.0000,0.0000,0.000,1.000,0.0,0.0167,1.0000,0.00,72,0,1250.65,0,1
2260.76,55,0.0000,0.0000,0.000,1.000,0.0,0.0167,1.0000,0.00,72,0,1250.65,0,1
2261.77,57,0.0000,0.0000,0.000,1.000,0.0,0.0167,1.0000,0.00,72,0,1250.65,0,1
2262.77,56,0.0000,0.0000,0.000,1.000,0.0,0.0167,1.0000,0.00,72,0,1250.65,0,1
2263.79,55,0.0000,0.0000,0.000,1.000,0.0,0.0167,1.0000,0.00,72,0,1250.65,0,1
2264.81,56,0.0000,0.0000,0.000,1.000,0.0,0.0167,1.0000,0.00,72,0,1250.65,0,1
2265.82,56,0.0000,0.0000,0.000,1.000,0.0,0.0167,1.0000,0.00,72,0,1250.65,0,1
2266.82,57,0.0000,0.0000,0.000,1.000,0.0,0.0167,1.0000,0.00,72,0,1250.65,0,1
2267.82,56,0.0000,0.0000,0.000,1.000,0.0,0.0167,1.0000,0.00,72,0,1250.65,0,1
2268.82,57,0.0000,0.0000,0.000,1.000,0.0,0.0167,1.0000,0.00,72,0,1250.65,0,1
2269.82,58,0.0000,0.0000,0.000,1.000,0.0,0.0167,1.0000,0.00,72,0,1250.65,0,1
2270.83,56,0.0000,0.0000,0.000,1.000,0.0,0.0167,1.0000,0.00,72,0,1250.65,0,1
2271.85,57,0.0000,0.0000,0.000,1.000,0.0,0.0167,1.0000,0.00,72,0,1250.65,0,1
2272.85,56,0.0000,0.0000,0.000,1.000,0.0,0.0167,1.0000,0.00,72,0,1250.65,0,1
2273.85,57,0.0000,0.0000,0.000,1.000,0.0,0.0167,1.0000,0.00,72,0,1250.65,0,1
2274.85,56,0.0000,0.0000,0.000,1.000,0.0,0.0167,1.0000,0.00,72,0,1250.65,0,1
2275.86,58,0.0000,0.0000,0.000,1.000,0.0,0.0167,1.0000,0.00,72,0,1250.65,0,1
2276.87,56,0.0000,0.0000,0.000,1.000,0.0,0.0167,1.0000,0.00,72,0,1250.65,0,1
2277.87,57,0.0000,0.0000,0.000,1.000,0.0,0.0167,1.0000,0.00,72,0,1250.65,0,1
2278.88,57,0.0000,0.0000,0.000,1.000,0.0,0.0167,1.0000,0.00,72,0,1250.65,0,1
2279.91,58,0.0000,0.0000,0.000,1.000,0.0,0.0167,1.0000,0.00,72,0,1250.65,0,1
2280.92,57,0.0000,0.0000,0.000,1.000,0.0,0.0167,1.0000,0.00,72,0,1250.65,0,1
2281.92,57,0.0000,0.0000,0.000,1.000,0.0,0.0167,1.0000,0.00,72,0,1250.65,0,1
2282.93,58,0.0000,0.0000,0.000,1.000,0.0,0.0167,1.0000,0.00,72,0,1250.65,0,1
2283.93,56,0.0000,0.0000,0.000,1.000,0.0,0.0167,1.0000,0.00,72,0,1250.65,0,1
2284.93,56,0.0000,0.0000,0.000,1.000,0.0,0.0167,1.0000,0.00,72,0,1250.65,0,1
2285.94,53,0.0000,0.0000,0.000,1.000,0.0,0.0167,1.0000,0.00,72,0,1250.65,1,1
2286.96,55,0.0000,0.0000,0.000,0.999,0.0,0.0167,1.0000,0.00,72,0,1250.65,0,1
2287.97,53,0.0000,0.0000,0.000,1.000,0.0,0.0167,1.0000,0.00,72,0,1250.65,0,1
2288.99,55,0.0000,0.0000,0.000,1.000,0.0,0.0167,1.0000,0.00,72,0,1250.65,0,1
2290.00,57,0.0000,0.0000,0.000,0.999,0.0,0.0167,1.0000,0.00,72,0,1250.65,0,1
2291.00,56,0.0000,0.0000,0.000,1.000,0.0,0.0167,1.0000,0.00,72,0,1250.65,1,1
2292.02,56,0.0000,0.0000,0.000,1.001,0.0,0.0167,1.0000,0.00,72,0,1250.65,1,1
2293.03,57,0.0000,0.0000,0.000,1.000,0.0,0.0167,1.0000,0.00,72,0,1250.65,1,1
2294.06,57,0.0000,0.0000,0.000,1.000,0.0,0.0167,1.0000,0.00,72,0,1250.65,1,1
2295.08,54,0.0000,0.0000,0.000,1.000,0.0,0.0167,1.0000,0.00,72,0,1250.65,1,1
2296.09,38,0.0000,0.0000,0.000,1.000,0.0,0.0167,1.0000,0.00,72,0,1250.65,1,1
2297.10,37,0.0000,0.0000,0.000,1.000,0.0,0.0167,1.0000,0.00,72,0,1250.65,1,1
2298.12,37,0.0000,0.0000,0.000,1.000,0.0,0.0167,1.0000,0.00,72,0,1250.65,1,1
2299.12,35,0.0000,0.0000,0.000,1.000,0.0,0.0167,1.0000,0.00,72,0,1250.65,1,1
2300.13,35,0.0233,0.0513,0.809,0.999,48.7,0.0167,1.0000,1.00,72,0,1251.47,1,1
2301.14,35,0.0289,0.0707,0.999,0.999,59.3,0.0167,1.0000,1.00,72,0,1252.48,1,1
2302.16,37,0.0275,0.0527,0.999,0.999,59.9,0.0167,1.0000,1.00,72,0,1253.49,1,1
2303.16,36,0.0279,0.0531,1.003,1.003,59.9,0.0167,1.0000,1.00,72,0,1254.50,1,1
2304.17,37,0.0273,0.0463,1.000,1.000,60.4,0.0167,1.0000,1.00,72,0,1255.51,1,1
2305.21,37,0.0280,0.0426,0.999,0.999,59.9,0.0167,1.0000,1.00,72,0,1256.54,1,1
2306.22,37,0.0273,0.0480,0.999,0.999,60.5,0.0167,1.0000,1.00,72,0,1257.55,1,1
2307.22,35,0.0287,0.0483,0.999,0.999,59.7,0.0167,1.0000,1.00,72,0,1258.55,1,1
2308.24,37,0.0275,0.0481,1.002,1.002,59.9,0.0167,1.0000,1.00,72,0,1259.57,1,1
2309.25,36,0.0282,0.0436,1.000,1.000,60.0,0.0167,1.0000,1.00,72,0,1260.59,1,1
2310.27,37,0.0275,0.0512,0.999,0.999,59.8,0.0167,1.0000,1.00,72,0,1261.61,1,1
2311.29,36,0.0282,0.0447,1.002,1.002,60.2,0.0167,1.0000,1.00,72,0,1262.62,1,1
2312.30,37,0.0274,0.0477,0.999,0.999,60.0,0.0167,1.0000,1.00,72,0,1263.64,1,1
2313.32,40,0.0254,0.0477,1.000,1.000,59.9,0.0167,1.0000,1.00,72,0,1264.66,1,1
2314.33,37,0.0273,0.0518,1.000,1.000,60.5,0.0167,1.0000,1.00,72,0,1265.67,1,1
2315.35,38,0.0267,0.0407,0.998,0.998,60.0,0.0167,1.0000,1.00,72,0,1266.68,1,1
2316.35,38,0.0265,0.0483,1.000,1.000,59.6,0.0167,1.0000,1.00,72,0,1267.69,1,1
2317.39,39,0.0266,0.0523,0.998,0.998,60.5,0.0167,1.0000,1.00,72,0,1268.73,1,1
2318.40,38,0.0265,0.0517,1.001,1.001,59.6,0.0167,1.0000,1.00,72,0,1269.73,1,1
2319.41,39,0.0260,0.0455,1.002,1.002,60.3,0.0167,1.0000,1.00,72,0,1270.75,1,1
2320.42,37,0.0273,0.0499,0.999,0.999,59.4,0.0167,1.0000,1.00,72,0,1271.76,1,1
2321.44,39,0.0262,0.0524,1.001,1.001,60.6,0.0167,1.0000,1.00,72,0,1272.78,1,1
2322.46,37,0.0273,0.0523,1.000,1.000,59.4,0.0167,1.0000,1.00,72,0,1273.79,1,1
2323.48,36,0.0286,0.0502,0.999,0.999,60.2,0.0167,1.0000,1.00,72,0,1274.82,1,1
2324.49,35,0.0289,0.0528,1.002,1.002,60.4,0.0167,1.0000,1.00,72,0,1275.83,1,1
2325.51,37,0.0273,0.0447,1.000,1.000,60.3,0.0167,1.0000,1.00,72,0,1276.84,1,1
2326.52,37,0.0274,0.0537,1.001,1.001,59.2,0.0167,1.0000,1.00,72,0,1277.86,1,1
2327.54,38,0.0267,0.0448,0.999,0.999,60.0,0.0167,1.0000,1.00,72,0,1278.87,1,1
2328.54,39,0.0257,0.0489,1.000,1.000,61.0,0.0167,1.0000,1.00,72,0,1279.87,1,1
2329.56,37,0.0275,0.0521,0.997,0.997,59.8,0.0167,1.0000,1.00,72,0,1280.89,1,1
2330.59,38,0.0272,0.0450,1.003,1.003,60.2,0.0167,1.0000,1.00,72,0,1281.92,1,1
2331.62,35,0.0294,0.0497,1.001,1.001,59.3,0.0167,1.0000,1.00,72,0,1282.95,1,1
2332.62,34,0.0294,0.0486,0.999,0.999,60.0,0.0167,1.0000,1.00,72,0,1283.95,1,1
2333.64,27,0.0377,0.0708,0.996,0.996,60.6,0.0167,1.0000,1.00,72,0,1284.97,1,1
2334.69,16,0.0656,0.0677,1.003,1.003,60.2,0.0167,1.0000,1.00,72,0,1286.02,1,1
2335.75,16,0.0662,0.0690,1.000,1.000,59.5,0.0167,1.0000,1.00,72,0,1287.08,1,1
2336.75,27,0.0372,0.0663,1.003,1.003,59.9,0.0167,1.0000,1.00,72,0,1288.08,1,1
2337.79,31,0.0333,0.0854,0.996,0.996,59.7,0.0167,1.0000,1.00,72,0,1289.12,1,1
2338.79,32,0.0315,0.0714,0.999,0.999,60.6,0.0167,1.0000,1.00,72,0,1290.12,1,1
2339.80,52,0.0195,0.0634,1.004,1.004,60.4,0.0167,1.0000,1.00,72,0,1291.14,1,1
2340.81,54,0.0187,0.0254,1.000,1.000,59.5,0.0167,1.0000,1.00,72,0,1292.15,1,1
2341.87,19,0.0555,0.0702,0.996,0.996,60.5,0.0167,1.0000,1.00,72,0,1293.20,1,1
2342.92,30,0.0348,0.0677,1.000,1.000,59.3,0.0167,1.0000,1.00,72,0,1294.25,1,1
2343.94,37,0.0278,0.0647,1.005,1.005,60.5,0.0167,1.0000,1.00,72,0,1295.28,1,1
2344.95,41,0.0245,0.0408,0.998,0.998,59.7,0.0167,1.0000,1.00,72,0,1296.28,1,1
2345.98,40,0.0259,0.0479,1.000,1.000,60.8,0.0167,1.0000,1.00,72,0,1297.32,1,1
2346.98,40,0.0251,0.0397,1.002,1.002,59.9,0.0167,1.0000,1.00,72,0,1298.32,1,1
2348.00,40,0.0255,0.0409,1.001,1.001,60.0,0.0167,1.0000,1.00,72,0,1299.34,1,1
2349.01,39,0.0259,0.0402,0.999,0.999,60.3,0.0167,1.0000,1.00,72,0,1300.35,1,1
2350.01,38,0.0263,0.0383,1.000,1.000,60.0,0.0167,1.0000,1.00,72,0,1301.35,1,1
2351.02,39,0.0258,0.0400,1.001,1.001,59.7,0.0167,1.0000,1.00,72,0,1302.35,1,1
2352.03,39,0.0260,0.0491,0.999,0.999,60.1,0.0167,1.0000,1.00,72,0,1303.37,1,1
2353.04,38,0.0265,0.0880,1.001,1.001,59.6,0.0167,1.0000,1.00,72,0,1304.38,1,1
2354.05,41,0.0246,0.0473,0.999,0.999,60.4,0.0167,1.0000,1.00,72,0,1305.39,1,1
2355.07,44,0.0231,0.0418,1.000,1.000,59.9,0.0167,1.0000,1.00,72,0,1306.40,1,1
2356.08,45,0.0225,0.0364,0.999,0.999,60.3,0.0167,1.0000,1.00,72,0,1307.41,1,1
2357.09,46,0.0219,0.0463,1.001,1.001,59.5,0.0167,1.0000,1.00,72,0,1308.42,1,1
2358.09,44,0.0228,0.0444,1.000,1.000,60.8,0.0167,1.0000,1.00,72,0,1309.43,1,1
2359.10,43,0.0236,0.0417,1.000,1.000,59.2,0.0167,1.0000,1.00,72,0,1310.44,1,1
2360.11,42,0.0240,0.0498,0.998,0.998,60.5,0.0167,1.0000,1.00,72,0,1311.45,1,1
2361.13,43,0.0237,0.0376,1.002,1.002,59.9,0.0167,1.0000,1.00,72,0,1312.47,1,1
2362.16,41,0.0249,0.0400,0.998,0.998,60.5,0.0167,1.0000,1.00,72,0,1313.49,1,1
2363.17,39,0.0260,0.0476,1.002,1.002,59.3,0.0167,1.0000,1.00,72,0,1314.50,1,1
2364.19,41,0.0249,0.0423,1.000,1.000,59.9,0.0167,1.0000,1.00,72,0,1315.52,1,1
2365.19,39,0.0257,0.0452,1.000,1.000,60.8,0.0167,1.0000,1.00,72,0,1316.53,1,1
2366.20,41,0.0247,0.0440,1.000,1.000,59.2,0.0167,1.0000,1.00,72,0,1317.54,1,1
2367.23,42,0.0245,0.0411,0.999,0.999,60.3,0.0167,1.0000,1.00,72,0,1318.57,1,1
2368.24,42,0.0240,0.0461,1.001,1.001,60.6,0.0167,1.0000,1.00,72,0,1319.58,1,1
2369.26,40,0.0256,0.0413,1.000,1.000,59.5,0.0167,1.0000,1.00,72,0,1320.60,1,1
2370.30,40,0.0258,0.0431,0.998,0.998,60.0,0.0167,1.0000,1.00,72,0,1321.63,1,1
2371.36,37,0.0288,0.0695,0.998,0.998,60.1,0.0167,1.0000,1.00,72,0,1322.70,1,1
2372.40,15,0.0690,0.0726,1.001,1.001,59.9,0.0167,1.0000,1.00,72,0,1323.73,1,1
2373.41,39,0.0260,0.0696,1.003,1.003,60.2,0.0167,1.0000,1.00,72,0,1324.75,1,1
2374.43,44,0.0231,0.0333,0.999,0.999,59.9,0.0167,1.0000,1.00,72,0,1325.76,1,1
2375.44,45,0.0224,0.0333,1.000,1.000,60.4,0.0167,1.0000,1.00,72,0,1326.77,1,1
2376.46,44,0.0233,0.0314,1.001,1.001,59.7,0.0167,1.0000,1.00,72,0,1327.80,1,1
2377.48,43,0.0235,0.0290,0.997,0.997,60.1,0.0167,1.0000,1.00,72,0,1328.81,1,1
2378.48,43,0.0233,0.0286,1.002,1.002,59.9,0.0167,1.0000,1.00,72,0,1329.81,1,1
2379.50,44,0.0232,0.0288,1.000,1.000,59.8,0.0167,1.0000,1.00,72,0,1330.83,1,1
2380.54,25,0.0415,0.0651,0.998,0.998,60.6,0.0167,1.0000,1.00,72,0,1331.87,1,1
2381.56,16,0.0640,0.0673,1.001,1.001,59.6,0.0167,1.0000,1.00,72,0,1332.89,1,1
2382.58,15,0.0678,0.0697,0.999,0.999,59.9,0.0167,1.0000,1.00,72,0,1333.91,1,1
2383.58,18,0.0559,0.0701,1.003,1.003,60.9,0.0167,1.0000,1.00,72,0,1334.92,1,1
2384.63,22,0.0475,0.0912,0.996,0.996,59.0,0.0167,1.0000,1.00,72,0,1335.96,1,1
2385.69,29,0.0364,0.0871,1.001,1.001,60.7,0.0167,1.0000,1.00,72,0,1337.02,1,1
2386.71,31,0.0331,0.0684,1.001,1.001,59.6,0.0167,1.0000,1.00,72,0,1338.04,1,1
2387.72,39,0.0258,0.0410,0.997,0.997,60.4,0.0167,1.0000,1.00,72,0,1339.05,1,1
2388.74,39,0.0262,0.0423,1.001,1.001,59.8,0.0167,1.0000,1.00,72,0,1340.07,1,1
2389.74,38,0.0266,0.0490,1.003,1.003,59.6,0.0167,1.0000,1.00,72,0,1341.08,1,1
2390.76,37,0.0274,0.0469,0.999,0.999,60.0,0.0167,1.0000,1.00,72,0,1342.09,1,1
2391.80,39,0.0266,0.0513,0.998,0.998,60.7,0.0167,1.0000,1.00,72,0,1343.13,1,1
2392.80,39,0.0259,0.0471,1.003,1.003,59.6,0.0167,1.0000,1.00,72,0,1344.14,1,1
2393.82,38,0.0266,0.0477,0.998,0.998,60.2,0.0167,1.0000,1.00,72,0,1345.15,1,1
2394.83,37,0.0275,0.0474,1.002,1.002,60.1,0.0167,1.0000,1.00,72,0,1346.17,1,1
2395.84,38,0.0265,0.0439,0.999,0.999,59.6,0.0167,1.0000,1.00,72,0,1347.18,1,1
2396.86,38,0.0268,0.0460,0.999,0.999,60.8,0.0167,1.0000,1.00,72,0,1348.20,1,1
2397.87,38,0.0266,0.0451,1.001,1.001,59.4,0.0167,1.0000,1.00,72,0,1349.21,1,1
2398.90,37,0.0277,0.0509,1.000,1.000,60.4,0.0167,1.0000,1.00,72,0,1350.23,1,1
2399.92,37,0.0276,0.0502,1.000,1.000,59.7,0.0167,1.0000,1.00,72,0,1351.25,1,1
2400.93,38,0.0267,0.0474,1.000,1.000,60.2,0.0167,1.0000,1.00,72,0,1352.27,1,1
2401.93,39,0.0202,0.0532,0.789,1.002,46.9,0.0167,1.0000,0.00,72,0,1353.06,1,1
2402.94,35,0.0000,0.0000,0.000,1.000,0.0,0.0167,1.0000,0.00,72,0,1353.06,1,1
2403.96,36,0.0000,0.0000,0.000,1.001,0.0,0.0167,1.0000,0.00,72,0,1353.06,1,1
2404.99,54,0.0000,0.0000,0.000,1.000,0.0,0.0167,1.0000,0.00,72,0,1353.06,0,1
2406.01,59,0.0000,0.0000,0.000,1.000,0.0,0.0167,1.0000,0.00,72,0,1353.06,0,1
2407.02,63,0.0000,0.0000,0.000,1.000,0.0,0.0167,1.0000,0.00,72,0,1353.06,0,1
2408.03,60,0.0000,0.0000,0.000,1.000,0.0,0.0167,1.0000,0.00,72,0,1353.06,0,1
2409.03,60,0.0000,0.0000,0.000,1.000,0.0,0.0167,1.0000,0.00,72,0,1353.06,0,1
2410.03,62,0.0000,0.0000,0.000,1.000,0.0,0.0167,1.0000,0.00,72,0,1353.06,0,1
2411.05,60,0.0000,0.0000,0.000,1.000,0.0,0.0167,1.0000,0.00,72,0,1353.06,0,1
2412.05,60,0.0000,0.0000,0.000,1.000,0.0,0.0167,1.0000,0.00,72,0,1353.06,0,1
2413.06,63,0.0000,0.0000,0.000,1.000,0.0,0.0167,1.0000,0.00,72,0,1353.06,0,1
2414.06,59,0.0000,0.0000,0.000,1.000,0.0,0.0167,1.0000,0.00,72,0,1353.06,0,1
2415.08,60,0.0000,0.0000,0.000,1.000,0.0,0.0167,1.0000,0.00,72,0,1353.06,0,1
2416.08,60,0.0000,0.0000,0.000,1.000,0.0,0.0167,1.0000,0.00,72,0,1353.06,0,1
2417.10,61,0.0000,0.0000,0.000,1.000,0.0,0.0167,1.0000,0.00,72,0,1353.06,0,1
2418.10,61,0.0000,0.0000,0.000,1.000,0.0,0.0167,1.0000,0.00,72,0,1353.06,0,1
2419.11,62,0.0000,0.0000,0.000,1.000,0.0,0.0167,1.0000,0.00,72,0,1353.06,0,1
2420.12,62,0.0000,0.0000,0.000,1.000,0.0,0.0167,1.0000,0.00,72,0,1353.06,0,1
2421.12,62,0.0000,0.0000,0.000,1.000,0.0,0.0167,1.0000,0.00,72,0,1353.06,0,1
2422.12,57,0.0000,0.0000,0.000,1.000,0.0,0.0167,1.0000,0.00,72,0,1353.06,0,1
2423.14,61,0.0000,0.0000,0.000,1.000,0.0,0.0167,1.0000,0.00,72,0,1353.06,0,1
2424.15,61,0.0000,0.0000,0.000,1.000,0.0,0.0167,1.0000,0.00,72,0,1353.06,0,1
2425.16,62,0.0000,0.0000,0.000,1.000,0.0,0.0167,1.0000,0.00,72,0,1353.06,0,1
2426.16,62,0.0000,0.0000,0.000,1.000,0.0,0.0167,1.0000,0.00,72,0,1353.06,0,1
2427.17,63,0.0000,0.0000,0.000,1.000,0.0,0.0167,1.0000,0.00,72,0,1353.06,0,1
2428.18,61,0.0000,0.0000,0.000,1.000,0.0,0.0167,1.0000,0.00,72,0,1353.06,0,1
2429.20,61,0.0000,0.0000,0.000,1.000,0.0,0.0167,1.0000,0.00,72,0,1353.06,0,1
2430.21,61,0.0000,0.0000,0.000,1.000,0.0,0.0167,1.0000,0.00,72,0,1353.06,0,1
2431.22,58,0.0000,0.0000,0.000,1.000,0.0,0.0167,1.0000,0.00,72,0,1353.06,0,1
2432.22,61,0.0000,0.0000,0.000,1.000,0.0,0.0167,1.0000,0.00,72,0,1353.06,0,1
2433.23,59,0.0000,0.0000,0.000,1.000,0.0,0.0167,1.0000,0.00,72,0,1353.06,0,1
2434.24,61,0.0000,0.0000,0.000,1.000,0.0,0.0167,1.0000,0.00,72,0,1353.06,0,1
2435.24,63,0.0000,0.0000,0.000,1.000,0.0,0.0167,1.0000,0.00,72,0,1353.06,0,1
2436.24,61,0.0000,0.0000,0.000,1.000,0.0,0.0167,1.0000,0.00,72,0,1353.06,0,1
2437.24,63,0.0000,0.0000,0.000,1.000,0.0,0.0167,1.0000,0.00,72,0,1353.06,0,1
2438.25,60,0.0000,0.0000,0.000,1.000,0.0,0.0167,1.0000,0.00,72,0,1353.06,0,1
2439.27,62,0.0000,0.0000,0.000,1.000,0.0,0.0167,1.0000,0.00,72,0,1353.06,0,1
2440.28,62,0.0000,0.0000,0.000,1.000,0.0,0.0167,1.0000,0.00,72,0,1353.06,0,1
2441.28,62,0.0000,0.0000,0.000,1.000,0.0,0.0167,1.0000,0.00,72,0,1353.06,0,1
2442.29,61,0.0000,0.0000,0.000,1.000,0.0,0.0167,1.0000,0.00,72,0,1353.06,0,1
2443.30,63,0.0000,0.0000,0.000,1.000,0.0,0.0167,1.0000,0.00,72,0,1353.06,0,1
2444.31,62,0.0000,0.0000,0.000,1.000,0.0,0.0167,1.0000,0.00,72,0,1353.06,0,1
2445.33,63,0.0000,0.0000,0.000,1.000,0.0,0.0167,1.0000,0.00,72,0,1353.06,0,1
2446.33,63,0.0000,0.0000,0.000,1.000,0.0,0.0167,1.0000,0.00,72,0,1353.06,0,1
2447.34,63,0.0000,0.0000,0.000,1.000,0.0,0.0167,1.0000,0.00,72,0,1353.06,0,1
2448.34,60,0.0000,0.0000,0.000,1.000,0.0,0.0167,1.0000,0.00,72,0,1353.06,0,1
2449.36,61,0.0000,0.0000,0.000,1.000,0.0,0.0167,1.0000,0.00,72,0,1353.06,0,1
2450.37,62,0.0000,0.0000,0.000,1.000,0.0,0.0167,1.0000,0.00,72,0,1353.06,0,1
2451.38,63,0.0000,0.0000,0.000,1.000,0.0,0.0167,1.0000,0.00,72,0,1353.06,0,1
2452.39,61,0.0000,0.0000,0.000,1.000,0.0,0.0167,1.0000,0.00,72,0,1353.06,0,1
2453.40,62,0.0000,0.0000,0.000,1.000,0.0,0.0167,1.0000,0.00,72,0,1353.06,0,1
2454.40,62,0.0000,0.0000,0.000,1.000,0.0,0.0167,1.0000,0.00,72,0,1353.06,0,1
2455.41,61,0.0000,0.0000,0.000,1.000,0.0,0.0167,1.0000,0.00,72,0,1353.06,0,1
2456.41,62,0.0000,0.0000,0.000,1.000,0.0,0.0167,1.0000,0.00,72,0,1353.06,0,1
2457.42,61,0.0000,0.0000,0.000,1.000,0.0,0.0167,1.0000,0.00,72,0,1353.06,0,1
2458.42,61,0.0000,0.0000,0.000,1.000,0.0,0.0167,1.0000,0.00,72,0,1353.06,0,1
2459.43,62,0.0000,0.0000,0.000,1.000,0.0,0.0167,1.0000,0.00,72,0,1353.06,0,1
2460.44,57,0.0000,0.0000,0.000,1.000,0.0,0.0167,1.0000,0.00,72,0,1353.06,0,1
2461.46,62,0.0000,0.0000,0.000,1.000,0.0,0.0167,1.0000,0.00,72,0,1353.06,0,1
2462.47,62,0.0000,0.0000,0.000,1.000,0.0,0.0167,1.0000,0.00,72,0,1353.06,0,1
2463.47,62,0.0000,0.0000,0.000,1.000,0.0,0.0167,1.0000,0.00,72,0,1353.06,0,1
2464.47,62,0.0000,0.0000,0.000,1.000,0.0,0.0167,1.0000,0.00,72,0,1353.06,0,1
2465.48,62,0.0000,0.0000,0.000,1.000,0.0,0.0167,1.0000,0.00,72,0,1353.06,0,1
2466.48,62,0.0000,0.0000,0.000,1.000,0.0,0.0167,1.0000,0.00,72,0,1353.06,0,1
2467.48,61,0.0000,0.0000,0.000,1.000,0.0,0.0167,1.0000,0.00,72,0,1353.06,0,1
2468.48,61,0.0000,0.0000,0.000,1.000,0.0,0.0167,1.0000,0.00,72,0,1353.06,0,1
2469.48,60,0.0000,0.0000,0.000,1.000,0.0,0.0167,1.0000,0.00,72,0,1353.06,0,1
2470.49,62,0.0000,0.0000,0.000,1.000,0.0,0.0167,1.0000,0.00,72,0,1353.06,0,1
2471.49,62,0.0000,0.0000,0.000,1.000,0.0,0.0167,1.0000,0.00,72,0,1353.06,0,1
2472.50,61,0.0000,0.0000,0.000,1.000,0.0,0.0167,1.0000,0.00,72,0,1353.06,0,1
2473.51,61,0.0000,0.0000,0.000,1.000,0.0,0.0167,1.0000,0.00,72,0,1353.06,0,1
2474.51,59,0.0000,0.0000,0.000,1.000,0.0,0.0167,1.0000,0.00,72,0,1353.06,0,1
2475.52,62,0.0000,0.0000,0.000,1.000,0.0,0.0167,1.0000,0.00,72,0,1353.06,0,1
2476.53,62,0.0000,0.0000,0.000,1.000,0.0,0.0167,1.0000,0.00,72,0,1353.06,0,1
2477.53,61,0.0000,0.0000,0.000,1.000,0.0,0.0167,1.0000,0.00,72,0,1353.06,0,1
2478.55,63,0.0000,0.0000,0.000,1.000,0.0,0.0167,1.0000,0.00,72,0,1353.06,0,1
2479.56,64,0.0000,0.0000,0.000,1.000,0.0,0.0167,1.0000,0.00,72,0,1353.06,0,1
2480.56,64,0.0000,0.0000,0.000,1.000,0.0,0.0167,1.0000,0.00,72,0,1353.06,0,1
2481.57,61,0.0000,0.0000,0.000,1.000,0.0,0.0167,1.0000,0.00,72,0,1353.06,0,1
2482.57,60,0.0000,0.0000,0.000,1.000,0.0,0.0167,1.0000,0.00,72,0,1353.06,0,1
2483.59,61,0.0000,0.0000,0.000,1.000,0.0,0.0167,1.0000,0.00,72,0,1353.06,0,1
2484.62,61,0.0000,0.0000,0.000,1.000,0.0,0.0167,1.0000,0.00,72,0,1353.06,0,1
2485.63,62,0.0000,0.0000,0.000,1.000,0.0,0.0167,1.0000,0.00,72,0,1353.06,0,1
2486.63,59,0.0000,0.0000,0.000,1.000,0.0,0.0167,1.0000,0.00,72,0,1353.06,0,1
2487.64,61,0.0000,0.0000,0.000,1.000,0.0,0.0167,1.0000,0.00,72,0,1353.06,0,1
2488.64,63,0.0000,0.0000,0.000,1.000,0.0,0.0167,1.0000,0.00,72,0,1353.06,0,1
2489.65,62,0.0000,0.0000,0.000,1.000,0.0,0.0167,1.0000,0.00,72,0,1353.06,0,1
2490.67,62,0.0000,0.0000,0.000,1.000,0.0,0.0167,1.0000,0.00,72,0,1353.06,0,1
2491.67,62,0.0000,0.0000,0.000,1.000,0.0,0.0167,1.0000,0.00,72,0,1353.06,0,1
2492.67,63,0.0000,0.0000,0.000,1.000,0.0,0.0167,1.0000,0.00,72,0,1353.06,0,1
2493.68,64,0.0000,0.0000,0.000,1.000,0.0,0.0167,1.0000,0.00,72,0,1353.06,0,1
2494.69,62,0.0000,0.0000,0.000,1.000,0.0,0.0167,1.0000,0.00,72,0,1353.06,0,1
2495.70,62,0.0000,0.0000,0.000,1.000,0.0,0.0167,1.0000,0.00,72,0,1353.06,0,1
2496.71,62,0.0000,0.0000,0.000,1.000,0.0,0.0167,1.0000,0.00,72,0,1353.06,0,1
2497.73,64,0.0000,0.0000,0.000,1.000,0.0,0.0167,1.0000,0.00,72,0,1353.06,0,1
2498.76,62,0.0000,0.0000,0.000,1.000,0.0,0.0167,1.0000,0.00,72,0,1353.06,0,1
2499.77,63,0.0000,0.0000,0.000,1.000,0.0,0.0167,1.0000,0.00,72,0,1353.06,0,1
2500.77,60,0.0000,0.0000,0.000,1.000,0.0,0.0167,1.0000,0.00,72,0,1353.06,0,1
2501.79,65,0.0000,0.0000,0.000,1.000,0.0,0.0167,1.0000,0.00,72,0,1353.06,0,1
2502.79,62,0.0000,0.0000,0.000,1.000,0.0,0.0167,1.0000,0.00,72,0,1353.06,0,1
2503.81,63,0.0000,0.0000,0.000,1.000,0.0,0.0167,1.0000,0.00,72,0,1353.06,0,1
2504.83,62,0.0000,0.0000,0.000,1.000,0.0,0.0167,1.0000,0.00,72,0,1353.06,0,1
2505.85,63,0.0000,0.0000,0.000,1.000,0.0,0.0167,1.0000,0.00,72,0,1353.06,0,1
2506.85,63,0.0000,0.0000,0.000,1.000,0.0,0.0167,1.0000,0.00,72,0,1353.06,0,1
2507.86,64,0.0000,0.0000,0.000,1.000,0.0,0.0167,1.0000,0.00,72,0,1353.06,0,1
2508.86,60,0.0000,0.0000,0.000,1.000,0.0,0.0167,1.0000,0.00,72,0,1353.06,0,1
2509.87,61,0.0000,0.0000,0.000,1.000,0.0,0.0167,1.0000,0.00,72,0,1353.06,0,1
2510.88,61,0.0000,0.0000,0.000,1.000,0.0,0.0167,1.0000,0.00,72,0,1353.06,0,1
2511.90,60,0.0000,0.0000,0.000,1.000,0.0,0.0167,1.0000,0.00,72,0,1353.06,0,1
2512.91,60,0.0000,0.0000,0.000,1.000,0.0,0.0167,1.0000,0.00,72,0,1353.06,0,1
2513.91,60,0.0000,0.0000,0.000,1.000,0.0,0.0167,1.0000,0.00,72,0,1353.06,0,1
2514.93,61,0.0000,0.0000,0.000,1.000,0.0,0.0167,1.0000,0.00,72,0,1353.06,0,1
2515.94,60,0.0000,0.0000,0.000,1.000,0.0,0.0167,1.0000,0.00,72,0,1353.06,0,1
2516.95,61,0.0000,0.0000,0.000,1.000,0.0,0.0167,1.0000,0.00,72,0,1353.06,0,1
2517.95,61,0.0000,0.0000,0.000,1.000,0.0,0.0167,1.0000,0.00,72,0,1353.06,0,1
2518.96,64,0.0000,0.0000,0.000,1.000,0.0,0.0167,1.0000,0.00,72,0,1353.06,0,1
2519.97,61,0.0000,0.0000,0.000,1.000,0.0,0.0167,1.0000,0.00,72,0,1353.06,0,1
2520.98,62,0.0000,0.0000,0.000,1.000,0.0,0.0167,1.0000,0.00,72,0,1353.06,0,1
2521.99,62,0.0000,0.0000,0.000,1.000,0.0,0.0167,1.0000,0.00,72,0,1353.06,0,1
2523.00,61,0.0000,0.0000,0.000,1.000,0.0,0.0167,1.0000,0.00,72,0,1353.06,0,1
2524.02,63,0.0000,0.0000,0.000,1.000,0.0,0.0167,1.0000,0.00,72,0,1353.06,0,1
2525.02,62,0.0000,0.0000,0.000,1.000,0.0,0.0167,1.0000,0.00,72,0,1353.06,0,1
2526.04,63,0.0000,0.0000,0.000,1.000,0.0,0.0167,1.0000,0.00,72,0,1353.06,0,1
2527.04,62,0.0000,0.0000,0.000,1.000,0.0,0.0167,1.0000,0.00,72,0,1353.06,0,1
2528.06,63,0.0000,0.0000,0.000,1.000,0.0,0.0167,1.0000,0.00,72,0,1353.06,0,1
2529.07,62,0.0000,0.0000,0.000,1.000,0.0,0.0167,1.0000,0.00,72,0,1353.06,0,1
2530.08,61,0.0000,0.0000,0.000,1.000,0.0,0.0167,1.0000,0.00,72,0,1353.06,0,1
2531.09,63,0.0000,0.0000,0.000,1.000,0.0,0.0167,1.0000,0.00,72,0,1353.06,0,1
2532.09,60,0.0000,0.0000,0.000,1.000,0.0,0.0167,1.0000,0.00,72,0,1353.06,0,1
2533.10,63,0.0000,0.0000,0.000,1.000,0.0,0.0167,1.0000,0.00,72,0,1353.06,0,1
2534.12,62,0.0000,0.0000,0.000,0.999,0.0,0.0167,1.0000,0.00,72,0,1353.06,0,1
2535.13,63,0.0000,0.0000,0.000,1.001,0.0,0.0167,1.0000,0.00,72,0,1353.06,0,1
2536.13,61,0.0000,0.0000,0.000,1.000,0.0,0.0167,1.0000,0.00,72,0,1353.06,0,1
2537.13,62,0.0000,0.0000,0.000,1.000,0.0,0.0167,1.0000,0.00,72,0,1353.06,0,1
2538.14,65,0.0000,0.0000,0.000,1.000,0.0,0.0167,1.0000,0.00,72,0,1353.06,0,1
2539.14,60,0.0000,0.0000,0.000,1.000,0.0,0.0167,1.0000,0.00,72,0,1353.06,0,1
2540.14,62,0.0000,0.0000,0.000,1.000,0.0,0.0167,1.0000,0.00,72,0,1353.06,0,1
2541.16,63,0.0000,0.0000,0.000,1.000,0.0,0.0167,1.0000,0.00,72,0,1353.06,0,1
2542.17,61,0.0000,0.0000,0.000,1.000,0.0,0.0167,1.0000,0.00,72,0,1353.06,0,1
2543.17,62,0.0000,0.0000,0.000,1.000,0.0,0.0167,1.0000,0.00,72,0,1353.06,0,1
2544.17,61,0.0000,0.0000,0.000,1.000,0.0,0.0167,1.0000,0.00,72,0,1353.06,0,1
2545.19,62,0.0000,0.0000,0.000,1.000,0.0,0.0167,1.0000,0.00,72,0,1353.06,0,1
2546.19,61,0.0000,0.0000,0.000,1.000,0.0,0.0167,1.0000,0.00,72,0,1353.06,0,1
2547.20,62,0.0000,0.0000,0.000,1.000,0.0,0.0167,1.0000,0.00,72,0,1353.06,0,1
2548.21,60,0.0000,0.0000,0.000,1.000,0.0,0.0167,1.0000,0.00,72,0,1353.06,0,1
2549.21,60,0.0000,0.0000,0.000,1.000,0.0,0.0167,1.0000,0.00,72,0,1353.06,0,1
2550.22,60,0.0000,0.0000,0.000,1.000,0.0,0.0167,1.0000,0.00,72,0,1353.06,0,1
2551.23,59,0.0000,0.0000,0.000,1.000,0.0,0.0167,1.0000,0.00,72,0,1353.06,0,1
2552.24,60,0.0000,0.0000,0.000,1.000,0.0,0.0167,1.0000,0.00,72,0,1353.06,0,1
2553.26,61,0.0000,0.0000,0.000,1.000,0.0,0.0167,1.0000,0.00,72,0,1353.06,0,1
2554.27,61,0.0000,0.0000,0.000,1.000,0.0,0.0167,1.0000,0.00,72,0,1353.06,0,1
2555.29,60,0.0000,0.0000,0.000,1.000,0.0,0.0167,1.0000,0.00,72,0,1353.06,0,1
2556.31,62,0.0000,0.0000,0.000,1.000,0.0,0.0167,1.0000,0.00,72,0,1353.06,0,1
2557.31,61,0.0000,0.0000,0.000,1.000,0.0,0.0167,1.0000,0.00,72,0,1353.06,0,1
2558.32,63,0.0000,0.0000,0.000,1.000,0.0,0.0167,1.0000,0.00,72,0,1353.06,0,1
2559.32,61,0.0000,0.0000,0.000,1.000,0.0,0.0167,1.0000,0.00,72,0,1353.06,0,1
2560.33,61,0.0000,0.0000,0.000,1.000,0.0,0.0167,1.0000,0.00,72,0,1353.06,0,1
2561.33,61,0.0000,0.0000,0.000,1.000,0.0,0.0167,1.0000,0.00,72,0,1353.06,0,1
2562.35,60,0.0000,0.0000,0.000,1.000,0.0,0.0167,1.0000,0.00,72,0,1353.06,0,1
2563.35,56,0.0000,0.0000,0.000,1.000,0.0,0.0167,1.0000,0.00,72,0,1353.06,0,1
2564.36,59,0.0000,0.0000,0.000,1.000,0.0,0.0167,1.0000,0.00,72,0,1353.06,0,1
2565.39,61,0.0000,0.0000,0.000,1.000,0.0,0.0167,1.0000,0.00,72,0,1353.06,0,1
2566.40,60,0.0000,0.0000,0.000,1.000,0.0,0.0167,1.0000,0.00,72,0,1353.06,0,1
2567.41,60,0.0000,0.0000,0.000,1.000,0.0,0.0167,1.0000,0.00,72,0,1353.06,0,1
2568.45,59,0.0000,0.0000,0.000,1.000,0.0,0.0167,1.0000,0.00,72,0,1353.06,0,1
2569.46,60,0.0000,0.0000,0.000,1.000,0.0,0.0167,1.0000,0.00,72,0,1353.06,0,1
2570.47,62,0.0000,0.0000,0.000,1.000,0.0,0.0167,1.0000,0.00,72,0,1353.06,0,1
2571.48,62,0.0000,0.0000,0.000,1.000,0.0,0.0167,1.0000,0.00,72,0,1353.06,0,1
2572.50,61,0.0000,0.0000,0.000,1.000,0.0,0.0167,1.0000,0.00,72,0,1353.06,0,1
2573.51,61,0.0000,0.0000,0.000,1.000,0.0,0.0167,1.0000,0.00,72,0,1353.06,0,1
2574.52,61,0.0000,0.0000,0.000,1.000,0.0,0.0167,1.0000,0.00,72,0,1353.06,0,1
2575.53,61,0.0000,0.0000,0.000,1.000,0.0,0.0167,1.0000,0.00,72,0,1353.06,0,1
2576.55,61,0.0000,0.0000,0.000,1.000,0.0,0.0167,1.0000,0.00,72,0,1353.06,0,1
2577.56,61,0.0000,0.0000,0.000,1.000,0.0,0.0167,1.0000,0.00,72,0,1353.06,0,1
2578.57,62,0.0000,0.0000,0.000,1.000,0.0,0.0167,1.0000,0.00,72,0,1353.06,0,1
2579.58,60,0.0000,0.0000,0.000,1.000,0.0,0.0167,1.0000,0.00,72,0,1353.06,0,1
2580.59,61,0.0000,0.0000,0.000,1.000,0.0,0.0167,1.0000,0.00,72,0,1353.06,0,1
2581.59,60,0.0000,0.0000,0.000,1.000,0.0,0.0167,1.0000,0.00,72,0,1353.06,0,1
2582.61,59,0.0000,0.0000,0.000,1.000,0.0,0.0167,1.0000,0.00,72,0,1353.06,0,1
2583.62,61,0.0000,0.0000,0.000,1.000,0.0,0.0167,1.0000,0.00,72,0,1353.06,0,1
2584.63,60,0.0000,0.0000,0.000,1.000,0.0,0.0167,1.0000,0.00,72,0,1353.06,0,1
2585.64,60,0.0000,0.0000,0.000,1.000,0.0,0.0167,1.0000,0.00,72,0,1353.06,0,1
2586.64,60,0.0000,0.0000,0.000,1.000,0.0,0.0167,1.0000,0.00,72,0,1353.06,0,1
2587.65,62,0.0000,0.0000,0.000,1.000,0.0,0.0167,1.0000,0.00,72,0,1353.06,0,1
2588.65,62,0.0000,0.0000,0.000,1.000,0.0,0.0167,1.0000,0.00,72,0,1353.06,0,1
2589.66,61,0.0000,0.0000,0.000,1.000,0.0,0.0167,1.0000,0.00,72,0,1353.06,0,1
2590.68,61,0.0000,0.0000,0.000,1.000,0.0,0.0167,1.0000,0.00,72,0,1353.06,0,1
2591.69,60,0.0000,0.0000,0.000,1.000,0.0,0.0167,1.0000,0.00,72,0,1353.06,0,1
2592.69,60,0.0000,0.0000,0.000,1.000,0.0,0.0167,1.0000,0.00,72,0,1353.06,0,1
2593.69,62,0.0000,0.0000,0.000,1.000,0.0,0.0167,1.0000,0.00,72,0,1353.06,0,1
2594.70,61,0.0000,0.0000,0.000,1.000,0.0,0.0167,1.0000,0.00,72,0,1353.06,0,1
2595.71,62,0.0000,0.0000,0.000,1.000,0.0,0.0167,1.0000,0.00,72,0,1353.06,0,1
2596.72,63,0.0000,0.0000,0.000,1.000,0.0,0.0167,1.0000,0.00,72,0,1353.06,0,1
2597.72,60,0.0000,0.0000,0.000,1.000,0.0,0.0167,1.0000,0.00,72,0,1353.06,0,1
2598.73,60,0.0000,0.0000,0.000,1.000,0.0,0.0167,1.0000,0.00,72,0,1353.06,0,1
2599.74,60,0.0000,0.0000,0.000,1.000,0.0,0.0167,1.0000,0.00,72,0,1353.06,0,1
2600.75,62,0.0000,0.0000,0.000,1.000,0.0,0.0167,1.0000,0.00,72,0,1353.06,0,1
2601.75,61,0.0000,0.0000,0.000,1.000,0.0,0.0167,1.0000,0.00,72,0,1353.06,0,1
2602.75,61,0.0000,0.0000,0.000,1.000,0.0,0.0167,1.0000,0.00,72,0,1353.06,0,1
2603.78,61,0.0000,0.0000,0.000,1.000,0.0,0.0167,1.0000,0.00,72,0,1353.06,0,1
2604.80,62,0.0000,0.0000,0.000,1.000,0.0,0.0167,1.0000,0.00,72,0,1353.06,0,1
2605.81,61,0.0000,0.0000,0.000,1.000,0.0,0.0167,1.0000,0.00,72,0,1353.06,0,1
2606.83,62,0.0000,0.0000,0.000,1.000,0.0,0.0167,1.0000,0.00,72,0,1353.06,0,1
2607.83,59,0.0000,0.0000,0.000,1.000,0.0,0.0167,1.0000,0.00,72,0,1353.06,0,1
2608.83,61,0.0000,0.0000,0.000,1.000,0.0,0.0167,1.0000,0.00,72,0,1353.06,0,1
2609.83,61,0.0000,0.0000,0.000,1.000,0.0,0.0167,1.0000,0.00,72,0,1353.06,0,1
2610.84,62,0.0000,0.0000,0.000,1.000,0.0,0.0167,1.0000,0.00,72,0,1353.06,0,1
2611.86,59,0.0000,0.0000,0.000,1.000,0.0,0.0167,1.0000,0.00,72,0,1353.06,0,1
2612.87,61,0.0000,0.0000,0.000,0.999,0.0,0.0167,1.0000,0.00,72,0,1353.06,0,1
2613.89,60,0.0000,0.0000,0.000,1.001,0.0,0.0167,1.0000,0.00,72,0,1353.06,0,1
2614.89,57,0.0000,0.0000,0.000,1.000,0.0,0.0167,1.0000,0.00,72,0,1353.06,0,1
2615.91,47,0.0000,0.0000,0.000,1.000,0.0,0.0167,1.0000,0.00,72,0,1353.06,1,1
2616.92,36,0.0000,0.0000,0.000,1.000,0.0,0.0167,1.0000,0.00,72,0,1353.06,1,1
2617.96,37,0.0000,0.0000,0.000,1.000,0.0,0.0167,1.0000,0.00,72,0,1353.06,1,1
2618.96,36,0.0000,0.0000,0.000,1.000,0.0,0.0167,1.0000,0.00,72,0,1353.06,1,1
2619.96,37,0.0000,0.0000,0.000,1.000,0.0,0.0167,1.0000,0.00,72,0,1353.06,1,1
2620.97,36,0.0000,0.0000,0.000,1.000,0.0,0.0167,1.0000,0.00,72,0,1353.06,1,1
2622.01,37,0.0000,0.0000,0.000,0.999,0.0,0.0167,1.0000,0.00,72,0,1353.06,1,1
2623.01,36,0.0000,0.0000,0.000,1.001,0.0,0.0167,1.0000,0.00,72,0,1353.06,1,1
2624.03,36,0.0000,0.0000,0.000,1.000,0.0,0.0167,1.0000,0.00,72,0,1353.06,1,1
2625.05,36,0.0000,0.0000,0.000,1.000,0.0,0.0167,1.0000,0.00,72,0,1353.06,1,1
2626.08,37,0.0000,0.0000,0.000,1.000,0.0,0.0167,1.0000,0.00,72,0,1353.06,1,1
2627.08,37,0.0000,0.0000,0.000,1.000,0.0,0.0167,1.0000,0.00,72,0,1353.06,1,1
2628.13,39,0.0000,0.0000,0.000,1.000,0.0,0.0167,1.0000,0.00,72,0,1353.06,1,1
2629.16,38,0.0000,0.0000,0.000,0.999,0.0,0.0167,1.0000,0.00,72,0,1353.06,1,1
2630.17,36,0.0000,0.0000,0.000,1.001,0.0,0.0167,1.0000,0.00,72,0,1353.06,1,1
2631.20,44,0.0000,0.0000,0.000,1.000,0.0,0.0167,1.0000,0.00,72,0,1353.06,0,1
2632.21,57,0.0000,0.0000,0.000,1.000,0.0,0.0167,1.0000,0.00,72,0,1353.06,0,1
2633.21,58,0.0000,0.0000,0.000,1.000,0.0,0.0167,1.0000,0.00,72,0,1353.06,0,1
2634.22,59,0.0000,0.0000,0.000,1.000,0.0,0.0167,1.0000,0.00,72,0,1353.06,0,1
2635.22,60,0.0000,0.0000,0.000,1.000,0.0,0.0167,1.0000,0.00,72,0,1353.06,0,1
2636.23,60,0.0000,0.0000,0.000,1.000,0.0,0.0167,1.0000,0.00,72,0,1353.06,0,1
2637.23,59,0.0000,0.0000,0.000,1.000,0.0,0.0167,1.0000,0.00,72,0,1353.06,0,1
2638.23,60,0.0000,0.0000,0.000,1.000,0.0,0.0167,1.0000,0.00,72,0,1353.06,0,1
2639.24,60,0.0000,0.0000,0.000,1.000,0.0,0.0167,1.0000,0.00,72,0,1353.06,0,1
2640.26,60,0.0000,0.0000,0.000,1.000,0.0,0.0167,1.0000,0.00,72,0,1353.06,0,1
2641.27,61,0.0000,0.0000,0.000,1.000,0.0,0.0167,1.0000,0.00,72,0,1353.06,0,1
2642.29,58,0.0000,0.0000,0.000,1.000,0.0,0.0167,1.0000,0.00,72,0,1353.06,0,1
2643.30,59,0.0000,0.0000,0.000,1.000,0.0,0.0167,1.0000,0.00,72,0,1353.06,0,1
2644.31,59,0.0000,0.0000,0.000,1.000,0.0,0.0167,1.0000,0.00,72,0,1353.06,0,1
2645.33,59,0.0000,0.0000,0.000,1.000,0.0,0.0167,1.0000,0.00,72,0,1353.06,0,1
2646.34,60,0.0000,0.0000,0.000,1.000,0.0,0.0167,1.0000,0.00,72,0,1353.06,0,1
2647.34,61,0.0000,0.0000,0.000,1.000,0.0,0.0167,1.0000,0.00,72,0,1353.06,0,1
2648.37,59,0.0000,0.0000,0.000,1.000,0.0,0.0167,1.0000,0.00,72,0,1353.06,0,1
2649.39,60,0.0000,0.0000,0.000,1.000,0.0,0.0167,1.0000,0.00,72,0,1353.06,0,1
2650.39,60,0.0000,0.0000,0.000,1.000,0.0,0.0167,1.0000,0.00,72,0,1353.06,0,1
2651.40,59,0.0000,0.0000,0.000,1.000,0.0,0.0167,1.0000,0.00,72,0,1353.06,0,1
2652.40,60,0.0000,0.0000,0.000,1.000,0.0,0.0167,1.0000,0.00,72,0,1353.06,0,1
2653.42,62,0.0000,0.0000,0.000,1.000,0.0,0.0167,1.0000,0.00,72,0,1353.06,0,1
2654.42,60,0.0000,0.0000,0.000,1.000,0.0,0.0167,1.0000,0.00,72,0,1353.06,0,1
2655.42,57,0.0000,0.0000,0.000,1.000,0.0,0.0167,1.0000,0.00,72,0,1353.06,0,1
2656.44,60,0.0000,0.0000,0.000,1.000,0.0,0.0167,1.0000,0.00,72,0,1353.06,0,1
2657.45,63,0.0000,0.0000,0.000,1.000,0.0,0.0167,1.0000,0.00,72,0,1353.06,0,1
2658.45,59,0.0000,0.0000,0.000,1.000,0.0,0.0167,1.0000,0.00,72,0,1353.06,0,1
2659.45,58,0.0000,0.0000,0.000,1.000,0.0,0.0167,1.0000,0.00,72,0,1353.06,0,1
2660.45,59,0.0000,0.0000,0.000,1.000,0.0,0.0167,1.0000,0.00,72,0,1353.06,0,1
2661.48,58,0.0000,0.0000,0.000,1.000,0.0,0.0167,1.0000,0.00,72,0,1353.06,0,1
2662.49,59,0.0000,0.0000,0.000,1.000,0.0,0.0167,1.0000,0.00,72,0,1353.06,0,1
2663.49,61,0.0000,0.0000,0.000,1.000,0.0,0.0167,1.0000,0.00,72,0,1353.06,0,1
2664.50,60,0.0000,0.0000,0.000,1.000,0.0,0.0167,1.0000,0.00,72,0,1353.06,0,1
2665.51,59,0.0000,0.0000,0.000,1.000,0.0,0.0167,1.0000,0.00,72,0,1353.06,0,1
2666.51,59,0.0000,0.0000,0.000,1.000,0.0,0.0167,1.0000,0.00,72,0,1353.06,0,1
2667.51,61,0.0000,0.0000,0.000,1.000,0.0,0.0167,1.0000,0.00,72,0,1353.06,0,1
2668.52,57,0.0000,0.0000,0.000,1.000,0.0,0.0167,1.0000,0.00,72,0,1353.06,0,1
2669.53,60,0.0000,0.0000,0.000,1.000,0.0,0.0167,1.0000,0.00,72,0,1353.06,0,1
2670.53,59,0.0000,0.0000,0.000,1.000,0.0,0.0167,1.0000,0.00,72,0,1353.06,0,1
2671.55,61,0.0000,0.0000,0.000,1.000,0.0,0.0167,1.0000,0.00,72,0,1353.06,0,1
2672.56,62,0.0000,0.0000,0.000,1.000,0.0,0.0167,1.0000,0.00,72,0,1353.06,0,1
2673.57,59,0.0000,0.0000,0.000,1.000,0.0,0.0167,1.0000,0.00,72,0,1353.06,0,1
2674.58,60,0.0000,0.0000,0.000,1.000,0.0,0.0167,1.0000,0.00,72,0,1353.06,0,1
2675.59,62,0.0000,0.0000,0.000,1.000,0.0,0.0167,1.0000,0.00,72,0,1353.06,0,1
2676.60,60,0.0000,0.0000,0.000,1.000,0.0,0.0167,1.0000,0.00,72,0,1353.06,0,1
2677.61,59,0.0000,0.0000,0.000,1.000,0.0,0.0167,1.0000,0.00,72,0,1353.06,0,1
2678.62,59,0.0000,0.0000,0.000,1.000,0.0,0.0167,1.0000,0.00,72,0,1353.06,0,1
2679.63,59,0.0000,0.0000,0.000,1.000,0.0,0.0167,1.0000,0.00,72,0,1353.06,0,1
2680.63,59,0.0000,0.0000,0.000,1.000,0.0,0.0167,1.0000,0.00,72,0,1353.06,0,1
2681.64,59,0.0000,0.0000,0.000,1.000,0.0,0.0167,1.0000,0.00,72,0,1353.06,0,1
2682.67,59,0.0000,0.0000,0.000,1.000,0.0,0.0167,1.0000,0.00,72,0,1353.06,0,1
2683.68,60,0.0000,0.0000,0.000,1.000,0.0,0.0167,1.0000,0.00,72,0,1353.06,0,1
2684.70,59,0.0000,0.0000,0.000,1.000,0.0,0.0167,1.0000,0.00,72,0,1353.06,0,1
2685.71,60,0.0000,0.0000,0.000,1.000,0.0,0.0167,1.0000,0.00,72,0,1353.06,0,1
2686.72,59,0.0000,0.0000,0.000,1.000,0.0,0.0167,1.0000,0.00,72,0,1353.06,0,1
2687.73,60,0.0000,0.0000,0.000,1.000,0.0,0.0167,1.0000,0.00,72,0,1353.06,0,1
2688.73,58,0.0000,0.0000,0.000,1.000,0.0,0.0167,1.0000,0.00,72,0,1353.06,0,1
2689.74,58,0.0000,0.0000,0.000,1.000,0.0,0.0167,1.0000,0.00,72,0,1353.06,0,1
2690.74,59,0.0000,0.0000,0.000,1.000,0.0,0.0167,1.0000,0.00,72,0,1353.06,0,1
2691.75,57,0.0000,0.0000,0.000,1.000,0.0,0.0167,1.0000,0.00,72,0,1353.06,0,1
2692.76,58,0.0000,0.0000,0.000,1.000,0.0,0.0167,1.0000,0.00,72,0,1353.06,0,1
2693.77,58,0.0000,0.0000,0.000,1.000,0.0,0.0167,1.0000,0.00,72,0,1353.06,0,1
2694.78,58,0.0000,0.0000,0.000,1.000,0.0,0.0167,1.0000,0.00,72,0,1353.06,0,1
2695.78,58,0.0000,0.0000,0.000,1.000,0.0,0.0167,1.0000,0.00,72,0,1353.06,0,1
2696.80,57,0.0000,0.0000,0.000,1.000,0.0,0.0167,1.0000,0.00,72,0,1353.06,0,1
2697.81,58,0.0000,0.0000,0.000,1.000,0.0,0.0167,1.0000,0.00,72,0,1353.06,0,1
2698.81,56,0.0000,0.0000,0.000,1.000,0.0,0.0167,1.0000,0.00,72,0,1353.06,0,1
2699.81,56,0.0000,0.0000,0.000,1.000,0.0,0.0167,1.0000,0.00,72,0,1353.06,0,1
2700.82,58,0.0000,0.0000,0.000,1.000,0.0,0.0167,1.0000,0.00,72,0,1353.06,0,1
2701.83,57,0.0000,0.0000,0.000,1.000,0.0,0.0167,1.0000,0.00,72,0,1353.06,0,1
2702.84,58,0.0000,0.0000,0.000,1.000,0.0,0.0167,1.0000,0.00,72,0,1353.06,0,1
2703.87,58,0.0000,0.0000,0.000,1.000,0.0,0.0167,1.0000,0.00,72,0,1353.06,0,1
2704.88,59,0.0000,0.0000,0.000,1.000,0.0,0.0167,1.0000,0.00,72,0,1353.06,0,1
2705.88,57,0.0000,0.0000,0.000,1.000,0.0,0.0167,1.0000,0.00,72,0,1353.06,0,1
2706.90,57,0.0000,0.0000,0.000,1.000,0.0,0.0167,1.0000,0.00,72,0,1353.06,0,1
2707.91,57,0.0000,0.0000,0.000,0.999,0.0,0.0167,1.0000,0.00,72,0,1353.06,0,1
2708.92,56,0.0000,0.0000,0.000,1.001,0.0,0.0167,1.0000,0.00,72,0,1353.06,0,1
2709.93,56,0.0000,0.0000,0.000,1.000,0.0,0.0167,1.0000,0.00,72,0,1353.06,0,1
2710.94,58,0.0000,0.0000,0.000,1.000,0.0,0.0167,1.0000,0.00,72,0,1353.06,0,1
2711.96,56,0.0000,0.0000,0.000,0.999,0.0,0.0167,1.0000,0.00,72,0,1353.06,0,1
2712.97,57,0.0000,0.0000,0.000,1.001,0.0,0.0167,1.0000,0.00,72,0,1353.06,0,1
2713.97,55,0.0000,0.0000,0.000,1.000,0.0,0.0167,1.0000,0.00,72,0,1353.06,0,1
2714.98,54,0.0000,0.0000,0.000,1.000,0.0,0.0167,1.0000,0.00,72,0,1353.06,0,1
2715.99,54,0.0000,0.0000,0.000,1.000,0.0,0.0167,1.0000,0.00,72,0,1353.06,0,1
2717.00,56,0.0000,0.0000,0.000,1.000,0.0,0.0167,1.0000,0.00,72,0,1353.06,0,1
2718.00,56,0.0000,0.0000,0.000,1.000,0.0,0.0167,1.0000,0.00,72,0,1353.06,0,1
2719.01,55,0.0000,0.0000,0.000,1.000,0.0,0.0167,1.0000,0.00,72,0,1353.06,0,1
2720.02,57,0.0000,0.0000,0.000,1.000,0.0,0.0167,1.0000,0.00,72,0,1353.06,0,1
2721.03,56,0.0000,0.0000,0.000,1.000,0.0,0.0167,1.0000,0.00,72,0,1353.06,0,1
2722.03,57,0.0000,0.0000,0.000,1.000,0.0,0.0167,1.0000,0.00,72,0,1353.06,0,1
2723.04,56,0.0000,0.0000,0.000,1.000,0.0,0.0167,1.0000,0.00,72,0,1353.06,0,1
2724.06,54,0.0000,0.0000,0.000,1.000,0.0,0.0167,1.0000,0.00,72,0,1353.06,0,1
2725.07,57,0.0000,0.0000,0.000,1.000,0.0,0.0167,1.0000,0.00,72,0,1353.06,0,1
2726.07,56,0.0000,0.0000,0.000,1.000,0.0,0.0167,1.0000,0.00,72,0,1353.06,0,1
2727.09,58,0.0000,0.0000,0.000,1.000,0.0,0.0167,1.0000,0.00,72,0,1353.06,0,1
2728.09,55,0.0000,0.0000,0.000,1.000,0.0,0.0167,1.0000,0.00,72,0,1353.06,0,1
2729.10,56,0.0000,0.0000,0.000,1.000,0.0,0.0167,1.0000,0.00,72,0,1353.06,0,1
2730.11,55,0.0000,0.0000,0.000,1.000,0.0,0.0167,1.0000,0.00,72,0,1353.06,0,1
2731.12,55,0.0000,0.0000,0.000,1.000,0.0,0.0167,1.0000,0.00,72,0,1353.06,0,1
2732.13,56,0.0000,0.0000,0.000,1.000,0.0,0.0167,1.0000,0.00,72,0,1353.06,0,1
2733.14,55,0.0000,0.0000,0.000,1.000,0.0,0.0167,1.0000,0.00,72,0,1353.06,0,1
2734.15,56,0.0000,0.0000,0.000,1.000,0.0,0.0167,1.0000,0.00,72,0,1353.06,0,1
2735.16,56,0.0000,0.0000,0.000,1.000,0.0,0.0167,1.0000,0.00,72,0,1353.06,0,1
2736.19,57,0.0000,0.0000,0.000,1.000,0.0,0.0167,1.0000,0.00,72,0,1353.06,0,1
2737.20,56,0.0000,0.0000,0.000,1.000,0.0,0.0167,1.0000,0.00,72,0,1353.06,0,1
2738.21,59,0.0000,0.0000,0.000,1.000,0.0,0.0167,1.0000,0.00,72,0,1353.06,0,1
2739.22,58,0.0000,0.0000,0.000,1.000,0.0,0.0167,1.0000,0.00,72,0,1353.06,0,1
2740.25,57,0.0000,0.0000,0.000,1.000,0.0,0.0167,1.0000,0.00,72,0,1353.06,0,1
2741.25,56,0.0000,0.0000,0.000,1.000,0.0,0.0167,1.0000,0.00,72,0,1353.06,0,1
2742.27,58,0.0000,0.0000,0.000,1.000,0.0,0.0167,1.0000,0.00,72,0,1353.06,0,1
2743.29,58,0.0000,0.0000,0.000,1.000,0.0,0.0167,1.0000,0.00,72,0,1353.06,0,1
2744.30,58,0.0000,0.0000,0.000,1.000,0.0,0.0167,1.0000,0.00,72,0,1353.06,0,1
2745.30,55,0.0000,0.0000,0.000,1.000,0.0,0.0167,1.0000,0.00,72,0,1353.06,0,1
2746.32,56,0.0000,0.0000,0.000,1.000,0.0,0.0167,1.0000,0.00,72,0,1353.06,0,1
2747.33,56,0.0000,0.0000,0.000,1.000,0.0,0.0167,1.0000,0.00,72,0,1353.06,0,1
2748.33,55,0.0000,0.0000,0.000,1.000,0.0,0.0167,1.0000,0.00,72,0,1353.06,0,1
2749.33,57,0.0000,0.0000,0.000,1.000,0.0,0.0167,1.0000,0.00,72,0,1353.06,0,1
2750.36,58,0.0000,0.0000,0.000,1.000,0.0,0.0167,1.0000,0.00,72,0,1353.06,0,1
2751.36,55,0.0000,0.0000,0.000,1.000,0.0,0.0167,1.0000,0.00,72,0,1353.06,0,1
2752.37,58,0.0000,0.0000,0.000,1.000,0.0,0.0167,1.0000,0.00,72,0,1353.06,0,1
2753.37,56,0.0000,0.0000,0.000,1.000,0.0,0.0167,1.0000,0.00,72,0,1353.06,0,1
2754.38,55,0.0000,0.0000,0.000,1.000,0.0,0.0167,1.0000,0.00,72,0,1353.06,0,1
2755.40,57,0.0000,0.0000,0.000,1.000,0.0,0.0167,1.0000,0.00,72,0,1353.06,0,1
2756.41,57,0.0000,0.0000,0.000,1.000,0.0,0.0167,1.0000,0.00,72,0,1353.06,0,1
2757.41,56,0.0000,0.0000,0.000,1.000,0.0,0.0167,1.0000,0.00,72,0,1353.06,0,1
2758.42,55,0.0000,0.0000,0.000,1.000,0.0,0.0167,1.0000,0.00,72,0,1353.06,0,1
2759.44,56,0.0000,0.0000,0.000,1.000,0.0,0.0167,1.0000,0.00,72,0,1353.06,0,1
2760.45,56,0.0000,0.0000,0.000,1.000,0.0,0.0167,1.0000,0.00,72,0,1353.06,0,1
2761.47,56,0.0000,0.0000,0.000,1.000,0.0,0.0167,1.0000,0.00,72,0,1353.06,0,1
2762.48,56,0.0000,0.0000,0.000,1.000,0.0,0.0167,1.0000,0.00,72,0,1353.06,0,1
2763.49,56,0.0000,0.0000,0.000,1.000,0.0,0.0167,1.0000,0.00,72,0,1353.06,0,1
2764.50,58,0.0000,0.0000,0.000,1.000,0.0,0.0167,1.0000,0.00,72,0,1353.06,0,1
2765.52,57,0.0000,0.0000,0.000,1.000,0.0,0.0167,1.0000,0.00,72,0,1353.06,0,1
2766.52,54,0.0000,0.0000,0.000,1.000,0.0,0.0167,1.0000,0.00,72,0,1353.06,0,1
2767.52,56,0.0000,0.0000,0.000,1.000,0.0,0.0167,1.0000,0.00,72,0,1353.06,0,1
2768.52,56,0.0000,0.0000,0.000,1.000,0.0,0.0167,1.0000,0.00,72,0,1353.06,0,1
2769.53,57,0.0000,0.0000,0.000,1.000,0.0,0.0167,1.0000,0.00,72,0,1353.06,0,1
2770.55,57,0.0000,0.0000,0.000,1.000,0.0,0.0167,1.0000,0.00,72,0,1353.06,0,1
2771.55,56,0.0000,0.0000,0.000,1.000,0.0,0.0167,1.0000,0.00,72,0,1353.06,0,1
2772.56,56,0.0000,0.0000,0.000,1.000,0.0,0.0167,1.0000,0.00,72,0,1353.06,0,1
2773.59,57,0.0000,0.0000,0.000,1.000,0.0,0.0167,1.0000,0.00,72,0,1353.06,0,1
2774.60,56,0.0000,0.0000,0.000,1.000,0.0,0.0167,1.0000,0.00,72,0,1353.06,0,1
2775.60,55,0.0000,0.0000,0.000,1.000,0.0,0.0167,1.0000,0.00,72,0,1353.06,0,1
2776.61,57,0.0000,0.0000,0.000,1.000,0.0,0.0167,1.0000,0.00,72,0,1353.06,0,1
2777.61,56,0.0000,0.0000,0.000,1.000,0.0,0.0167,1.0000,0.00,72,0,1353.06,0,1
2778.64,58,0.0000,0.0000,0.000,1.000,0.0,0.0167,1.0000,0.00,72,0,1353.06,0,1
2779.64,58,0.0000,0.0000,0.000,1.000,0.0,0.0167,1.0000,0.00,72,0,1353.06,0,1
2780.64,53,0.0000,0.0000,0.000,1.000,0.0,0.0167,1.0000,0.00,72,0,1353.06,0,1
2781.65,57,0.0000,0.0000,0.000,1.000,0.0,0.0167,1.0000,0.00,72,0,1353.06,0,1
2782.65,56,0.0000,0.0000,0.000,1.000,0.0,0.0167,1.0000,0.00,72,0,1353.06,0,1
2783.66,56,0.0000,0.0000,0.000,1.000,0.0,0.0167,1.0000,0.00,72,0,1353.06,0,1
2784.67,57,0.0000,0.0000,0.000,1.000,0.0,0.0167,1.0000,0.00,72,0,1353.06,0,1
2785.68,57,0.0000,0.0000,0.000,1.000,0.0,0.0167,1.0000,0.00,72,0,1353.06,0,1
2786.69,59,0.0000,0.0000,0.000,1.000,0.0,0.0167,1.0000,0.00,72,0,1353.06,0,1
2787.71,57,0.0000,0.0000,0.000,1.000,0.0,0.0167,1.0000,0.00,72,0,1353.06,0,1
2788.72,58,0.0000,0.0000,0.000,1.000,0.0,0.0167,1.0000,0.00,72,0,1353.06,0,1
2789.73,57,0.0000,0.0000,0.000,1.000,0.0,0.0167,1.0000,0.00,72,0,1353.06,0,1
2790.74,58,0.0000,0.0000,0.000,1.000,0.0,0.0167,1.0000,0.00,72,0,1353.06,0,1
2791.74,58,0.0000,0.0000,0.000,1.000,0.0,0.0167,1.0000,0.00,72,0,1353.06,0,1
2792.75,57,0.0000,0.0000,0.000,1.000,0.0,0.0167,1.0000,0.00,72,0,1353.06,0,1
2793.76,58,0.0000,0.0000,0.000,1.000,0.0,0.0167,1.0000,0.00,72,0,1353.06,0,1
2794.79,57,0.0000,0.0000,0.000,1.000,0.0,0.0167,1.0000,0.00,72,0,1353.06,0,1
2795.80,59,0.0000,0.0000,0.000,1.000,0.0,0.0167,1.0000,0.00,72,0,1353.06,0,1
2796.81,57,0.0000,0.0000,0.000,1.000,0.0,0.0167,1.0000,0.00,72,0,1353.06,0,1
2797.81,56,0.0000,0.0000,0.000,1.000,0.0,0.0167,1.0000,0.00,72,0,1353.06,0,1
2798.82,56,0.0000,0.0000,0.000,1.000,0.0,0.0167,1.0000,0.00,72,0,1353.06,0,1
2799.83,56,0.0000,0.0000,0.000,1.000,0.0,0.0167,1.0000,0.00,72,0,1353.06,0,1
2800.84,58,0.0000,0.0000,0.000,1.000,0.0,0.0167,1.0000,0.00,72,0,1353.06,0,1
2801.85,57,0.0000,0.0000,0.000,1.000,0.0,0.0167,1.0000,0.00,72,0,1353.06,0,1
2802.86,59,0.0000,0.0000,0.000,1.000,0.0,0.0167,1.0000,0.00,72,0,1353.06,0,1
2803.87,56,0.0000,0.0000,0.000,1.000,0.0,0.0167,1.0000,0.00,72,0,1353.06,0,1
2804.88,58,0.0000,0.0000,0.000,1.000,0.0,0.0167,1.0000,0.00,72,0,1353.06,0,1
2805.89,57,0.0000,0.0000,0.000,1.000,0.0,0.0167,1.0000,0.00,72,0,1353.06,0,1
2806.92,57,0.0000,0.0000,0.000,1.000,0.0,0.0167,1.0000,0.00,72,0,1353.06,0,1
2807.93,58,0.0000,0.0000,0.000,1.000,0.0,0.0167,1.0000,0.00,72,0,1353.06,0,1
2808.94,58,0.0000,0.0000,0.000,1.000,0.0,0.0167,1.0000,0.00,72,0,1353.06,0,1
2809.95,56,0.0000,0.0000,0.000,1.000,0.0,0.0167,1.0000,0.00,72,0,1353.06,0,1
2810.95,56,0.0000,0.0000,0.000,1.000,0.0,0.0167,1.0000,0.00,72,0,1353.06,0,1
2811.95,56,0.0000,0.0000,0.000,1.000,0.0,0.0167,1.0000,0.00,72,0,1353.06,0,1
2812.97,60,0.0000,0.0000,0.000,1.000,0.0,0.0167,1.0000,0.00,72,0,1353.06,0,1
2813.97,59,0.0000,0.0000,0.000,1.000,0.0,0.0167,1.0000,0.00,72,0,1353.06,0,1
2814.98,61,0.0000,0.0000,0.000,1.000,0.0,0.0167,1.0000,0.00,72,0,1353.06,0,1
2816.00,62,0.0000,0.0000,0.000,1.000,0.0,0.0167,1.0000,0.00,72,0,1353.06,0,1
2817.02,60,0.0000,0.0000,0.000,1.000,0.0,0.0167,1.0000,0.00,72,0,1353.06,0,1
2818.04,60,0.0000,0.0000,0.000,1.000,0.0,0.0167,1.0000,0.00,72,0,1353.06,0,1
2819.05,61,0.0000,0.0000,0.000,1.000,0.0,0.0167,1.0000,0.00,72,0,1353.06,0,1
2820.06,60,0.0000,0.0000,0.000,1.000,0.0,0.0167,1.0000,0.00,72,0,1353.06,0,1
2821.07,61,0.0000,0.0000,0.000,1.000,0.0,0.0167,1.0000,0.00,72,0,1353.06,0,1
2822.07,58,0.0000,0.0000,0.000,1.000,0.0,0.0167,1.0000,0.00,72,0,1353.06,0,1
2823.08,59,0.0000,0.0000,0.000,1.000,0.0,0.0167,1.0000,0.00,72,0,1353.06,0,1
2824.08,60,0.0000,0.0000,0.000,1.000,0.0,0.0167,1.0000,0.00,72,0,1353.06,0,1
2825.08,59,0.0000,0.0000,0.000,1.000,0.0,0.0167,1.0000,0.00,72,0,1353.06,0,1
2826.09,61,0.0000,0.0000,0.000,1.000,0.0,0.0167,1.0000,0.00,72,0,1353.06,0,1
2827.09,58,0.0000,0.0000,0.000,1.000,0.0,0.0167,1.0000,0.00,72,0,1353.06,0,1
2828.10,61,0.0000,0.0000,0.000,1.000,0.0,0.0167,1.0000,0.00,72,0,1353.06,0,1
2829.10,63,0.0000,0.0000,0.000,1.000,0.0,0.0167,1.0000,0.00,72,0,1353.06,0,1
2830.11,61,0.0000,0.0000,0.000,1.000,0.0,0.0167,1.0000,0.00,72,0,1353.06,0,1
2831.11,63,0.0000,0.0000,0.000,1.000,0.0,0.0167,1.0000,0.00,72,0,1353.06,0,1
2832.13,63,0.0000,0.0000,0.000,1.000,0.0,0.0167,1.0000,0.00,72,0,1353.06,0,1
2833.14,62,0.0000,0.0000,0.000,1.000,0.0,0.0167,1.0000,0.00,72,0,1353.06,0,1
2834.16,63,0.0000,0.0000,0.000,1.000,0.0,0.0167,1.0000,0.00,72,0,1353.06,0,1
2835.16,57,0.0000,0.0000,0.000,1.000,0.0,0.0167,1.0000,0.00,72,0,1353.06,0,1
2836.18,63,0.0000,0.0000,0.000,1.000,0.0,0.0167,1.0000,0.00,72,0,1353.06,0,1
2837.19,62,0.0000,0.0000,0.000,1.000,0.0,0.0167,1.0000,0.00,72,0,1353.06,0,1
2838.20,62,0.0000,0.0000,0.000,1.000,0.0,0.0167,1.0000,0.00,72,0,1353.06,0,1
2839.21,61,0.0000,0.0000,0.000,1.000,0.0,0.0167,1.0000,0.00,72,0,1353.06,0,1
2840.22,61,0.0000,0.0000,0.000,1.000,0.0,0.0167,1.0000,0.00,72,0,1353.06,0,1
2841.24,62,0.0000,0.0000,0.000,1.000,0.0,0.0167,1.0000,0.00,72,0,1353.06,0,1
2842.25,60,0.0000,0.0000,0.000,1.000,0.0,0.0167,1.0000,0.00,72,0,1353.06,0,1
2843.26,58,0.0000,0.0000,0.000,1.000,0.0,0.0167,1.0000,0.00,72,0,1353.06,0,1
2844.27,60,0.0000,0.0000,0.000,1.000,0.0,0.0167,1.0000,0.00,72,0,1353.06,0,1
2845.28,58,0.0000,0.0000,0.000,1.000,0.0,0.0167,1.0000,0.00,72,0,1353.06,0,1
2846.29,61,0.0000,0.0000,0.000,1.000,0.0,0.0167,1.0000,0.00,72,0,1353.06,0,1
2847.29,60,0.0000,0.0000,0.000,1.000,0.0,0.0167,1.0000,0.00,72,0,1353.06,0,1
2848.32,63,0.0000,0.0000,0.000,1.000,0.0,0.0167,1.0000,0.00,72,0,1353.06,0,1
2849.34,51,0.0000,0.0000,0.000,1.000,0.0,0.0167,1.0000,0.00,72,0,1353.06,0,1
2850.34,60,0.0000,0.0000,0.000,1.000,0.0,0.0167,1.0000,0.00,72,0,1353.06,0,1
2851.35,60,0.0000,0.0000,0.000,1.000,0.0,0.0167,1.0000,0.00,72,0,1353.06,0,1
2852.36,60,0.0000,0.0000,0.000,1.000,0.0,0.0167,1.0000,0.00,72,0,1353.06,0,1
2853.38,60,0.0000,0.0000,0.000,1.000,0.0,0.0167,1.0000,0.00,72,0,1353.06,0,1
2854.40,60,0.0000,0.0000,0.000,1.000,0.0,0.0167,1.0000,0.00,72,0,1353.06,0,1
2855.40,59,0.0000,0.0000,0.000,1.000,0.0,0.0167,1.0000,0.00,72,0,1353.06,0,1
2856.41,58,0.0000,0.0000,0.000,1.000,0.0,0.0167,1.0000,0.00,72,0,1353.06,0,1
2857.41,60,0.0000,0.0000,0.000,1.000,0.0,0.0167,1.0000,0.00,72,0,1353.06,0,1
2858.41,59,0.0000,0.0000,0.000,1.000,0.0,0.0167,1.0000,0.00,72,0,1353.06,0,1
2859.42,60,0.0000,0.0000,0.000,0.999,0.0,0.0167,1.0000,0.00,72,0,1353.06,0,1
2860.43,50,0.0000,0.0000,0.000,1.000,0.0,0.0167,1.0000,0.00,72,0,1353.06,1,1
2861.44,37,0.0000,0.0000,0.000,1.000,0.0,0.0167,1.0000,0.00,72,0,1353.06,1,1
2862.47,49,0.0000,0.0000,0.000,1.001,0.0,0.0167,1.0000,0.00,72,0,1353.06,0,1
2863.49,59,0.0000,0.0000,0.000,1.000,0.0,0.0167,1.0000,0.00,72,0,1353.06,0,1
2864.49,57,0.0000,0.0000,0.000,1.000,0.0,0.0167,1.0000,0.00,72,0,1353.06,0,1
2865.51,61,0.0000,0.0000,0.000,1.000,0.0,0.0167,1.0000,0.00,72,0,1353.06,1,1
2866.53,60,0.0000,0.0000,0.000,0.999,0.0,0.0167,1.0000,0.00,72,0,1353.06,1,1
2867.54,59,0.0000,0.0000,0.000,1.001,0.0,0.0167,1.0000,0.00,72,0,1353.06,1,1
2868.55,59,0.0000,0.0000,0.000,1.000,0.0,0.0167,1.0000,0.00,72,0,1353.06,1,1
2869.55,56,0.0000,0.0000,0.000,1.000,0.0,0.0167,1.0000,0.00,72,0,1353.06,1,1
2870.57,58,0.0000,0.0000,0.000,1.000,0.0,0.0167,1.0000,0.00,72,0,1353.06,1,1
2871.58,57,0.0000,0.0000,0.000,1.000,0.0,0.0167,1.0000,0.00,72,0,1353.06,1,1
2872.59,57,0.0000,0.0000,0.000,1.000,0.0,0.0167,1.0000,0.00,72,0,1353.06,1,1
2873.60,57,0.0000,0.0000,0.000,1.001,0.0,0.0167,1.0000,0.00,72,0,1353.06,1,1
2874.60,58,0.0000,0.0000,0.000,1.000,0.0,0.0167,1.0000,0.00,72,0,1353.06,1,1
2875.60,72,0.0000,0.0000,0.000,1.000,0.0,0.0167,1.0000,0.00,72,0,1353.06,1,1
2876.60,72,0.0000,0.0000,0.000,1.000,0.0,0.0167,1.0000,0.00,72,0,1353.06,1,1
2877.61,72,0.0000,0.0000,0.000,0.999,0.0,0.0167,1.0000,0.00,72,0,1353.06,1,1
2878.62,73,0.0000,0.0000,0.000,1.001,0.0,0.0167,1.0000,0.00,72,0,1353.06,1,1
2879.62,72,0.0000,0.0000,0.000,1.000,0.0,0.0167,1.0000,0.00,72,0,1353.06,1,1
2880.62,72,0.0000,0.0000,0.000,1.000,0.0,0.0167,1.0000,0.00,72,0,1353.06,1,1
2881.62,72,0.0110,0.0142,0.791,0.999,47.9,0.0167,1.0000,1.00,72,0,1353.85,1,1
2882.64,73,0.0139,0.0142,1.000,1.000,60.1,0.0167,1.0000,1.00,72,0,1354.86,1,1
2883.64,72,0.0139,0.0143,1.000,1.000,60.0,0.0167,1.0000,1.00,72,0,1355.86,1,1
2884.64,67,0.0150,0.0774,1.002,1.002,59.7,0.0167,1.0000,1.00,72,0,1356.87,0,1
2885.65,71,0.0141,0.0255,1.000,1.000,59.9,0.0167,1.0000,1.00,72,0,1357.87,0,1
2886.65,72,0.0139,0.0143,1.000,1.000,60.0,0.0167,1.0000,1.00,72,0,1358.87,0,1
2887.65,72,0.0139,0.0143,1.000,1.000,60.0,0.0167,1.0000,1.00,72,0,1359.87,0,1
2888.65,72,0.0139,0.0146,0.999,0.999,60.9,0.0167,1.0000,1.00,72,0,1360.87,0,1
2889.65,72,0.0139,0.0146,1.000,1.000,59.9,0.0167,1.0000,1.00,72,0,1361.87,0,1
2890.65,72,0.0139,0.0142,1.000,1.000,60.0,0.0167,1.0000,1.00,72,0,1362.88,1,1
2891.65,72,0.0139,0.0141,1.000,1.000,60.0,0.0167,1.0000,1.00,72,0,1363.87,1,1
2892.65,72,0.0139,0.0141,1.000,1.000,60.0,0.0167,1.0000,1.00,72,0,1364.88,1,1
2893.65,72,0.0139,0.0146,1.000,1.000,60.0,0.0167,1.0000,1.00,72,0,1365.88,1,1
2894.65,72,0.0139,0.0143,1.000,1.000,60.0,0.0167,1.0000,1.00,72,0,1366.88,1,1
2895.65,60,0.0167,0.0363,0.999,0.999,59.8,0.0167,1.0000,1.00,72,0,1367.88,1,1
2896.66,50,0.0200,0.0335,1.001,1.001,59.9,0.0167,1.0000,1.00,72,0,1368.88,1,1
2897.67,50,0.0203,0.0328,1.000,1.000,60.0,0.0167,1.0000,1.00,72,0,1369.90,1,1
2898.69,49,0.0207,0.0451,1.000,1.000,60.2,0.0167,1.0000,1.00,72,0,1370.91,1,1
2899.69,49,0.0206,0.0403,1.000,1.000,59.5,0.0167,1.0000,1.00,72,0,1371.92,1,1
2900.70,49,0.0204,0.0392,0.998,0.998,60.8,0.0167,1.0000,1.00,72,0,1372.92,1,1
2901.70,49,0.0205,0.0378,1.002,1.002,59.9,0.0167,1.0000,1.00,72,0,1373.92,1,1
2902.72,50,0.0204,0.0344,1.000,1.000,59.9,0.0167,1.0000,1.00,72,0,1374.94,1,1
2903.72,48,0.0209,0.0375,0.999,0.999,59.8,0.0167,1.0000,1.00,72,0,1375.94,1,1
2904.72,45,0.0223,0.0402,1.000,1.000,59.8,0.0167,1.0000,1.00,72,0,1376.95,1,1
2905.74,47,0.0215,0.0365,1.000,1.000,60.2,0.0167,1.0000,1.00,72,0,1377.96,1,1
2906.76,47,0.0217,0.0407,0.996,0.996,60.4,0.0167,1.0000,1.00,72,0,1378.98,1,1
2907.77,49,0.0206,0.0418,1.004,1.004,59.6,0.0167,1.0000,1.00,72,0,1379.99,1,1
2908.78,46,0.0219,0.0393,0.997,0.997,60.3,0.0167,1.0000,1.00,72,0,1381.00,1,1
2909.79,47,0.0216,0.0460,1.001,1.001,60.3,0.0167,1.0000,1.00,72,0,1382.01,1,1
2910.80,46,0.0219,0.0381,0.999,0.999,59.4,0.0167,1.0000,1.00,72,0,1383.02,1,1
2911.82,46,0.0221,0.0393,1.002,1.002,60.1,0.0167,1.0000,1.00,72,0,1384.04,1,1
2912.83,46,0.0221,0.0354,1.000,1.000,60.1,0.0167,1.0000,1.00,72,0,1385.05,1,1
2913.86,47,0.0219,0.0443,0.999,0.999,60.2,0.0167,1.0000,1.00,72,0,1386.08,1,1
2914.87,47,0.0216,0.0391,1.001,1.001,60.1,0.0167,1.0000,1.00,72,0,1387.10,1,1
2915.88,47,0.0213,0.0362,1.000,1.000,59.9,0.0167,1.0000,1.00,72,0,1388.10,1,1
2916.91,48,0.0215,0.0424,0.996,0.996,59.8,0.0167,1.0000,1.00,72,0,1389.13,1,1
2917.91,48,0.0210,0.0369,1.004,1.004,59.9,0.0167,1.0000,1.00,72,0,1390.14,1,1
2918.93,49,0.0207,0.0453,1.000,1.000,60.3,0.0167,1.0000,1.00,72,0,1391.15,1,1
2919.93,50,0.0201,0.0516,1.000,1.000,59.8,0.0167,1.0000,1.00,72,0,1392.15,1,1
2920.93,47,0.0213,0.0327,0.999,0.999,60.0,0.0167,1.0000,1.00,72,0,1393.15,1,1
2921.98,46,0.0227,0.0571,0.997,0.997,60.2,0.0167,1.0000,1.00,72,0,1394.20,1,1
2922.98,19,0.0531,0.0548,1.001,1.001,59.5,0.0167,1.0000,1.00,72,0,1395.21,1,1
2923.99,19,0.0528,0.0542,0.995,0.995,60.6,0.0167,1.0000,1.00,72,0,1396.21,1,1
2925.00,21,0.0481,0.0575,1.006,1.006,59.8,0.0167,1.0000,1.00,72,0,1397.22,1,1
2926.00,47,0.0214,0.0405,0.999,0.999,60.6,0.0167,1.0000,1.00,72,0,1398.22,1,1
2927.01,41,0.0245,0.0822,1.001,1.001,59.8,0.0167,1.0000,1.00,72,0,1399.23,1,1
2928.02,42,0.0242,0.0458,1.000,1.000,60.0,0.0167,1.0000,1.00,72,0,1400.25,1,1
2929.03,42,0.0240,0.0495,1.001,1.001,59.5,0.0167,1.0000,1.00,72,0,1401.25,1,1
2930.04,40,0.0251,0.0469,0.998,0.998,60.5,0.0167,1.0000,1.00,72,0,1402.26,1,1
2931.04,41,0.0244,0.0473,1.000,1.000,60.0,0.0167,1.0000,1.00,72,0,1403.26,1,1
2932.05,39,0.0258,0.0468,1.000,1.000,59.5,0.0167,1.0000,1.00,72,0,1404.27,1,1
2933.06,42,0.0242,0.0490,1.002,1.002,60.3,0.0167,1.0000,1.00,72,0,1405.28,1,1
2934.09,44,0.0234,0.0500,0.998,0.998,60.0,0.0167,1.0000,1.00,72,0,1406.32,1,1
2935.10,43,0.0235,0.0442,1.003,1.003,60.6,0.0167,1.0000,1.00,72,0,1407.32,1,1
2936.12,43,0.0236,0.0440,0.998,0.998,60.0,0.0167,1.0000,1.00,72,0,1408.34,1,1
2937.13,45,0.0225,0.0448,1.001,1.001,59.4,0.0167,1.0000,1.00,72,0,1409.35,1,1
2938.13,45,0.0223,0.0470,0.998,0.998,60.7,0.0167,1.0000,1.00,72,0,1410.35,1,1
2939.14,42,0.0241,0.0368,1.002,1.002,59.5,0.0167,1.0000,1.00,72,0,1411.36,1,1
2940.14,42,0.0239,0.0351,1.000,1.000,60.7,0.0167,1.0000,1.00,72,0,1412.37,1,1
2941.17,46,0.0222,0.0445,0.997,0.997,59.7,0.0167,1.0000,1.00,72,0,1413.39,1,1
2942.17,41,0.0245,0.0474,1.002,1.002,59.9,0.0167,1.0000,1.00,72,0,1414.39,1,1
2943.22,41,0.0254,0.0462,0.996,0.996,60.1,0.0167,1.0000,1.00,72,0,1415.44,1,1
2944.23,42,0.0078,0.0414,0.325,1.006,18.8,0.0167,1.0000,0.00,72,0,1415.77,1,1
2945.24,40,0.0000,0.0000,0.000,1.000,0.0,0.0167,1.0000,0.00,72,0,1415.77,1,1
2946.26,41,0.0000,0.0000,0.000,1.000,0.0,0.0167,1.0000,0.00,72,0,1415.77,1,1
2947.30,42,0.0000,0.0000,0.000,1.001,0.0,0.0167,1.0000,0.00,72,0,1415.77,1,1
2948.32,42,0.0000,0.0000,0.000,0.999,0.0,0.0167,1.0000,0.00,72,0,1415.77,1,1
2949.35,41,0.0000,0.0000,0.000,1.001,0.0,0.0167,1.0000,0.00,72,0,1415.77,1,1
2950.36,39,0.0000,0.0000,0.000,1.000,0.0,0.0167,1.0000,0.00,72,0,1415.77,1,1
2951.38,40,0.0000,0.0000,0.000,1.001,0.0,0.0167,1.0000,0.00,72,0,1415.77,1,1
2952.40,42,0.0000,0.0000,0.000,1.000,0.0,0.0167,1.0000,0.00,72,0,1415.77,1,1
2953.43,42,0.0000,0.0000,0.000,1.000,0.0,0.0167,1.0000,0.00,72,0,1415.77,1,1
2954.45,42,0.0000,0.0000,0.000,1.000,0.0,0.0167,1.0000,0.00,72,0,1415.77,1,1
2955.47,41,0.0000,0.0000,0.000,1.000,0.0,0.0167,1.0000,0.00,72,0,1415.77,1,1
2956.47,44,0.0189,0.0460,0.829,0.999,50.0,0.0167,1.0000,1.00,72,0,1416.60,1,1
2957.51,45,0.0229,0.0389,0.999,0.999,60.0,0.0167,1.0000,1.00,72,0,1417.63,1,1
2958.51,42,0.0239,0.0453,1.002,1.002,60.8,0.0167,1.0000,1.00,72,0,1418.63,1,1
2959.51,42,0.0239,0.0468,0.996,0.996,59.7,0.0167,1.0000,1.00,72,0,1419.63,1,1
2960.52,42,0.0240,0.0498,1.003,1.003,59.7,0.0167,1.0000,1.00,72,0,1420.64,1,1
2961.53,43,0.0234,0.0473,1.000,1.000,60.6,0.0167,1.0000,1.00,72,0,1421.65,1,1
2962.55,42,0.0243,0.0437,0.999,0.999,59.7,0.0167,1.0000,1.00,72,0,1422.67,1,1
2963.56,44,0.0231,0.0394,1.000,1.000,60.0,0.0167,1.0000,1.00,72,0,1423.69,1,1
2964.57,43,0.0233,0.0461,0.999,0.999,59.8,0.0167,1.0000,1.00,72,0,1424.69,1,1
2965.58,42,0.0241,0.0482,0.999,0.999,60.3,0.0167,1.0000,1.00,72,0,1425.70,1,1
2966.59,42,0.0242,0.0472,1.002,1.002,60.2,0.0167,1.0000,1.00,72,0,1426.72,1,1
2967.60,45,0.0224,0.0410,1.000,1.000,59.4,0.0167,1.0000,1.00,72,0,1427.73,1,1
2968.62,44,0.0231,0.0455,1.000,1.000,59.9,0.0167,1.0000,1.00,72,0,1428.74,1,1
2969.63,45,0.0224,0.0457,1.000,1.000,60.6,0.0167,1.0000,1.00,72,0,1429.75,1,1
2970.66,45,0.0228,0.0433,0.999,0.999,59.3,0.0167,1.0000,1.00,72,0,1430.78,1,1
2971.67,44,0.0231,0.0445,0.999,0.999,60.8,0.0167,1.0000,1.00,72,0,1431.80,1,1
2972.68,45,0.0225,0.0451,1.003,1.003,59.4,0.0167,1.0000,1.00,72,0,1432.81,1,1
2973.69,43,0.0233,0.0434,0.996,0.996,60.6,0.0167,1.0000,1.00,72,0,1433.81,1,1
2974.70,41,0.0246,0.0844,1.001,1.001,59.5,0.0167,1.0000,1.00,72,0,1434.82,1,1
2975.72,45,0.0227,0.0550,1.001,1.001,59.8,0.0167,1.0000,1.00,72,0,1435.84,1,1
2976.73,43,0.0236,0.0499,1.001,1.001,60.1,0.0167,1.0000,1.00,72,0,1436.86,1,1
2977.75,43,0.0237,0.0461,0.998,0.998,60.8,0.0167,1.0000,1.00,72,0,1437.88,1,1
2978.77,45,0.0225,0.0443,1.002,1.002,59.3,0.0167,1.0000,1.00,72,0,1438.89,1,1
2979.77,44,0.0229,0.0439,0.999,0.999,60.5,0.0167,1.0000,1.00,72,0,1439.90,1,1
2980.80,44,0.0234,0.0426,0.999,0.999,59.3,0.0167,1.0000,1.00,72,0,1440.92,1,1
2981.82,43,0.0237,0.0486,0.998,0.998,60.7,0.0167,1.0000,1.00,72,0,1441.94,1,1
2982.83,44,0.0230,0.0453,1.003,1.003,59.5,0.0167,1.0000,1.00,72,0,1442.95,1,1
2983.85,43,0.0236,0.0412,0.999,0.999,60.1,0.0167,1.0000,1.00,72,0,1443.97,1,1
2984.88,43,0.0240,0.0479,1.000,1.000,60.1,0.0167,1.0000,1.00,72,0,1445.00,1,1
2985.88,42,0.0240,0.0460,1.000,1.000,60.5,0.0167,1.0000,1.00,72,0,1446.01,1,1
2986.90,44,0.0231,0.0375,1.001,1.001,60.1,0.0167,1.0000,1.00,72,0,1447.02,1,1
2987.91,43,0.0235,0.0456,1.000,1.000,59.5,0.0167,1.0000,1.00,72,0,1448.03,1,1
2988.92,42,0.0241,0.0445,0.999,0.999,60.3,0.0167,1.0000,1.00,72,0,1449.04,1,1
2989.92,44,0.0228,0.0400,1.001,1.001,60.0,0.0167,1.0000,1.00,72,0,1450.04,1,1
2990.93,44,0.0231,0.0440,1.001,1.001,60.2,0.0167,1.0000,1.00,72,0,1451.06,1,1
2991.95,40,0.0252,0.0487,0.997,0.997,59.3,0.0167,1.0000,1.00,72,0,1452.07,1,1
2992.97,43,0.0238,0.0461,1.001,1.001,60.6,0.0167,1.0000,1.00,72,0,1453.09,1,1
2993.99,43,0.0236,0.0460,1.001,1.001,60.1,0.0167,1.0000,1.00,72,0,1454.11,1,1
2994.99,44,0.0229,0.0437,0.999,0.999,59.5,0.0167,1.0000,1.00,72,0,1455.12,1,1
2996.01,45,0.0226,0.0475,1.000,1.000,60.1,0.0167,1.0000,1.00,72,0,1456.13,1,1
2997.03,45,0.0228,0.0472,1.000,1.000,60.4,0.0167,1.0000,1.00,72,0,1457.16,1,1
2998.05,43,0.0236,0.0380,1.001,1.001,60.2,0.0167,1.0000,1.00,72,0,1458.17,1,1
2999.05,42,0.0239,0.0438,0.998,0.998,59.6,0.0167,1.0000,1.00,72,0,1459.17,1,1
3000.09,44,0.0236,0.0407,1.002,1.002,59.9,0.0167,1.0000,1.00,72,0,1460.21,1,1
3001.10,44,0.0230,0.0420,1.000,1.000,60.4,0.0167,1.0000,1.00,72,0,1461.22,1,1
3002.12,42,0.0243,0.0451,0.998,0.998,59.7,0.0167,1.0000,1.00,72,0,1462.24,1,1
3003.13,41,0.0023,0.0352,0.093,1.002,5.9,0.0167,1.0000,0.00,72,0,1462.34,1,1
3004.13,57,0.0000,0.0000,0.000,1.001,0.0,0.0167,1.0000,0.00,72,0,1462.34,0,1
3005.15,71,0.0000,0.0000,0.000,0.986,0.0,0.0167,1.0000,0.00,72,0,1462.34,0,1
3006.17,71,0.0000,0.0000,0.000,1.014,0.0,0.0167,1.0000,0.00,72,0,1462.34,0,1
3007.17,71,0.0000,0.0000,0.000,1.000,0.0,0.0167,1.0000,0.00,72,0,1462.34,0,1
3008.19,73,0.0000,0.0000,0.000,1.000,0.0,0.0167,1.0000,0.00,72,0,1462.34,0,1
3009.20,73,0.0000,0.0000,0.000,1.000,0.0,0.0167,1.0000,0.00,72,0,1462.34,0,1
3010.20,72,0.0000,0.0000,0.000,1.000,0.0,0.0167,1.0000,0.00,72,0,1462.34,0,1
3011.20,72,0.0000,0.0000,0.000,1.000,0.0,0.0167,1.0000,0.00,72,0,1462.34,0,1
3012.20,72,0.0000,0.0000,0.000,1.000,0.0,0.0167,1.0000,0.00,72,0,1462.34,0,1
3013.20,72,0.0000,0.0000,0.000,1.000,0.0,0.0167,1.0000,0.00,72,0,1462.34,0,1
3014.20,72,0.0000,0.0000,0.000,1.000,0.0,0.0167,1.0000,0.00,72,0,1462.34,0,1
3015.20,72,0.0000,0.0000,0.000,1.000,0.0,0.0167,1.0000,0.00,72,0,1462.34,0,1
3016.20,72,0.0000,0.0000,0.000,1.000,0.0,0.0167,1.0000,0.00,72,0,1462.34,0,1
3017.20,72,0.0000,0.0000,0.000,1.000,0.0,0.0167,1.0000,0.00,72,0,1462.34,0,1
3018.21,57,0.0000,0.0000,0.000,1.000,0.0,0.0167,1.0000,0.00,72,0,1462.34,0,1
3019.21,65,0.0000,0.0000,0.000,1.000,0.0,0.0167,1.0000,0.00,72,0,1462.34,0,1
3020.23,50,0.0000,0.0000,0.000,1.000,0.0,0.0167,1.0000,0.00,72,0,1462.34,0,1
3021.25,48,0.0000,0.0000,0.000,1.000,0.0,0.0167,1.0000,0.00,72,0,1462.34,0,1
3022.25,70,0.0000,0.0000,0.000,1.000,0.0,0.0167,1.0000,0.00,72,0,1462.34,0,1
3023.25,72,0.0000,0.0000,0.000,1.000,0.0,0.0167,1.0000,0.00,72,0,1462.34,0,1
3024.25,72,0.0000,0.0000,0.000,1.000,0.0,0.0167,1.0000,0.00,72,0,1462.34,0,1
3025.25,72,0.0000,0.0000,0.000,1.000,0.0,0.0167,1.0000,0.00,72,0,1462.34,0,1
3026.25,72,0.0000,0.0000,0.000,1.000,0.0,0.0167,1.0000,0.00,72,0,1462.34,0,1
3027.25,72,0.0000,0.0000,0.000,1.000,0.0,0.0167,1.0000,0.00,72,0,1462.34,0,1
3028.25,72,0.0000,0.0000,0.000,1.000,0.0,0.0167,1.0000,0.00,72,0,1462.34,0,1
3029.25,72,0.0000,0.0000,0.000,1.000,0.0,0.0167,1.0000,0.00,72,0,1462.34,0,1
3030.25,72,0.0000,0.0000,0.000,1.000,0.0,0.0167,1.0000,0.00,72,0,1462.34,0,1
3031.25,72,0.0000,0.0000,0.000,1.000,0.0,0.0167,1.0000,0.00,72,0,1462.34,0,1
3032.26,72,0.0000,0.0000,0.000,1.000,0.0,0.0167,1.0000,0.00,72,0,1462.34,0,1
3033.26,72,0.0000,0.0000,0.000,1.000,0.0,0.0167,1.0000,0.00,72,0,1462.34,0,1
3034.26,72,0.0000,0.0000,0.000,1.000,0.0,0.0167,1.0000,0.00,72,0,1462.34,0,1
3035.26,72,0.0000,0.0000,0.000,1.000,0.0,0.0167,1.0000,0.00,72,0,1462.34,0,1
3036.26,72,0.0000,0.0000,0.000,1.000,0.0,0.0167,1.0000,0.00,72,0,1462.34,0,1
3037.26,72,0.0000,0.0000,0.000,1.000,0.0,0.0167,1.0000,0.00,72,0,1462.34,0,1
3038.26,72,0.0000,0.0000,0.000,1.000,0.0,0.0167,1.0000,0.00,72,0,1462.34,0,1
3039.26,72,0.0000,0.0000,0.000,1.000,0.0,0.0167,1.0000,0.00,72,0,1462.34,0,1
3040.26,72,0.0000,0.0000,0.000,1.000,0.0,0.0167,1.0000,0.00,72,0,1462.34,0,1
3041.26,72,0.0000,0.0000,0.000,1.000,0.0,0.0167,1.0000,0.00,72,0,1462.34,0,1
3042.26,72,0.0000,0.0000,0.000,1.000,0.0,0.0167,1.0000,0.00,72,0,1462.34,0,1
3043.26,72,0.0000,0.0000,0.000,1.000,0.0,0.0167,1.0000,0.00,72,0,1462.34,0,1
3044.26,72,0.0000,0.0000,0.000,1.000,0.0,0.0167,1.0000,0.00,72,0,1462.34,0,1
3045.26,72,0.0000,0.0000,0.000,1.000,0.0,0.0167,1.0000,0.00,72,0,1462.34,0,1
3046.26,72,0.0000,0.0000,0.000,1.000,0.0,0.0167,1.0000,0.00,72,0,1462.34,0,1
3047.26,72,0.0000,0.0000,0.000,1.000,0.0,0.0167,1.0000,0.00,72,0,1462.34,0,1
3048.26,72,0.0000,0.0000,0.000,1.000,0.0,0.0167,1.0000,0.00,72,0,1462.34,0,1
3049.26,72,0.0000,0.0000,0.000,1.000,0.0,0.0167,1.0000,0.00,72,0,1462.34,0,1
3050.26,72,0.0000,0.0000,0.000,1.000,0.0,0.0167,1.0000,0.00,72,0,1462.34,0,1
3051.26,72,0.0000,0.0000,0.000,1.000,0.0,0.0167,1.0000,0.00,72,0,1462.34,0,1
3052.26,72,0.0000,0.0000,0.000,1.000,0.0,0.0167,1.0000,0.00,72,0,1462.34,0,1
3053.26,72,0.0000,0.0000,0.000,1.000,0.0,0.0167,1.0000,0.00,72,0,1462.34,0,1
3054.26,72,0.0000,0.0000,0.000,1.000,0.0,0.0167,1.0000,0.00,72,0,1462.34,0,1
3055.26,72,0.0000,0.0000,0.000,1.000,0.0,0.0167,1.0000,0.00,72,0,1462.34,0,1
3056.26,72,0.0000,0.0000,0.000,1.000,0.0,0.0167,1.0000,0.00,72,0,1462.34,0,1
3057.28,73,0.0000,0.0000,0.000,1.000,0.0,0.0167,1.0000,0.00,72,0,1462.34,0,1
3058.28,72,0.0000,0.0000,0.000,1.000,0.0,0.0167,1.0000,0.00,72,0,1462.34,0,1
3059.30,69,0.0000,0.0000,0.000,1.000,0.0,0.0167,1.0000,0.00,72,0,1462.34,0,1
3060.32,49,0.0000,0.0000,0.000,1.000,0.0,0.0167,1.0000,0.00,72,0,1462.34,0,1
3061.34,59,0.0000,0.0000,0.000,1.000,0.0,0.0167,1.0000,0.00,72,0,1462.34,0,1
3062.34,69,0.0000,0.0000,0.000,1.000,0.0,0.0167,1.0000,0.00,72,0,1462.34,0,1
3063.35,70,0.0000,0.0000,0.000,1.000,0.0,0.0167,1.0000,0.00,72,0,1462.34,0,1
3064.35,70,0.0000,0.0000,0.000,1.000,0.0,0.0167,1.0000,0.00,72,0,1462.34,0,1
3065.36,68,0.0000,0.0000,0.000,1.000,0.0,0.0167,1.0000,0.00,72,0,1462.34,0,1
3066.36,69,0.0000,0.0000,0.000,1.000,0.0,0.0167,1.0000,0.00,72,0,1462.34,0,1
3067.36,66,0.0000,0.0000,0.000,1.000,0.0,0.0167,1.0000,0.00,72,0,1462.34,0,1
3068.37,68,0.0000,0.0000,0.000,1.000,0.0,0.0167,1.0000,0.00,72,0,1462.34,0,1
3069.37,70,0.0000,0.0000,0.000,1.000,0.0,0.0167,1.0000,0.00,72,0,1462.34,0,1
3070.37,70,0.0000,0.0000,0.000,1.000,0.0,0.0167,1.0000,0.00,72,0,1462.34,0,1
3071.37,70,0.0000,0.0000,0.000,1.000,0.0,0.0167,1.0000,0.00,72,0,1462.34,0,1
3072.39,71,0.0000,0.0000,0.000,1.000,0.0,0.0167,1.0000,0.00,72,0,1462.34,0,1
3073.39,68,0.0000,0.0000,0.000,1.000,0.0,0.0167,1.0000,0.00,72,0,1462.34,0,1
3074.40,68,0.0000,0.0000,0.000,1.000,0.0,0.0167,1.0000,0.00,72,0,1462.34,0,1
3075.41,69,0.0000,0.0000,0.000,1.000,0.0,0.0167,1.0000,0.00,72,0,1462.34,0,1
3076.41,69,0.0000,0.0000,0.000,1.000,0.0,0.0167,1.0000,0.00,72,0,1462.34,0,1
3077.41,71,0.0000,0.0000,0.000,1.000,0.0,0.0167,1.0000,0.00,72,0,1462.34,0,1
3078.41,70,0.0000,0.0000,0.000,1.000,0.0,0.0167,1.0000,0.00,72,0,1462.34,0,1
3079.42,71,0.0000,0.0000,0.000,1.000,0.0,0.0167,1.0000,0.00,72,0,1462.34,0,1
3080.43,71,0.0000,0.0000,0.000,1.000,0.0,0.0167,1.0000,0.00,72,0,1462.34,0,1
3081.44,71,0.0000,0.0000,0.000,1.000,0.0,0.0167,1.0000,0.00,72,0,1462.34,0,1
3082.45,71,0.0000,0.0000,0.000,1.000,0.0,0.0167,1.0000,0.00,72,0,1462.34,0,1
3083.46,71,0.0000,0.0000,0.000,1.000,0.0,0.0167,1.0000,0.00,72,0,1462.34,0,1
3084.47,49,0.0000,0.0000,0.000,1.000,0.0,0.0167,1.0000,0.00,72,0,1462.34,0,1
3085.50,46,0.0000,0.0000,0.000,1.000,0.0,0.0167,1.0000,0.00,72,0,1462.34,0,1
3086.51,57,0.0000,0.0000,0.000,1.000,0.0,0.0167,1.0000,0.00,72,0,1462.34,0,1
3087.51,51,0.0000,0.0000,0.000,1.000,0.0,0.0167,1.0000,0.00,72,0,1462.34,0,1
3088.52,46,0.0000,0.0000,0.000,1.000,0.0,0.0167,1.0000,0.00,72,0,1462.34,0,1
3089.52,65,0.0000,0.0000,0.000,1.000,0.0,0.0167,1.0000,0.00,72,0,1462.34,0,1
3090.52,59,0.0000,0.0000,0.000,1.000,0.0,0.0167,1.0000,0.00,72,0,1462.34,0,1
3091.54,65,0.0000,0.0000,0.000,1.000,0.0,0.0167,1.0000,0.00,72,0,1462.34,0,1
3092.55,67,0.0000,0.0000,0.000,1.000,0.0,0.0167,1.0000,0.00,72,0,1462.34,0,1
3093.55,68,0.0000,0.0000,0.000,1.000,0.0,0.0167,1.0000,0.00,72,0,1462.34,0,1
3094.55,67,0.0000,0.0000,0.000,1.000,0.0,0.0167,1.0000,0.00,72,0,1462.34,0,1
3095.57,62,0.0000,0.0000,0.000,1.000,0.0,0.0167,1.0000,0.00,72,0,1462.34,0,1
3096.57,72,0.0000,0.0000,0.000,1.000,0.0,0.0167,1.0000,0.00,72,0,1462.34,0,1
3097.57,45,0.0000,0.0000,0.000,1.000,0.0,0.0167,1.0000,0.00,72,0,1462.34,0,1
3098.57,60,0.0000,0.0000,0.000,1.000,0.0,0.0167,1.0000,0.00,72,0,1462.34,0,1
3099.58,55,0.0000,0.0000,0.000,1.000,0.0,0.0167,1.0000,0.00,72,0,1462.34,0,1
3100.58,48,0.0000,0.0000,0.000,1.000,0.0,0.0167,1.0000,0.00,72,0,1462.34,0,1
3101.61,56,0.0000,0.0000,0.000,1.000,0.0,0.0167,1.0000,0.00,72,0,1462.34,0,1
3102.62,66,0.0000,0.0000,0.000,1.000,0.0,0.0167,1.0000,0.00,72,0,1462.34,0,1
3103.62,72,0.0000,0.0000,0.000,1.000,0.0,0.0167,1.0000,0.00,72,0,1462.34,0,1
3104.62,72,0.0000,0.0000,0.000,1.000,0.0,0.0167,1.0000,0.00,72,0,1462.34,0,1
3105.62,72,0.0000,0.0000,0.000,1.000,0.0,0.0167,1.0000,0.00,72,0,1462.34,0,1
3106.62,72,0.0000,0.0000,0.000,1.000,0.0,0.0167,1.0000,0.00,72,0,1462.34,0,1
3107.62,72,0.0000,0.0000,0.000,1.000,0.0,0.0167,1.0000,0.00,72,0,1462.34,0,1
3108.63,72,0.0000,0.0000,0.000,1.000,0.0,0.0167,1.0000,0.00,72,0,1462.34,0,1
3109.63,72,0.0000,0.0000,0.000,1.000,0.0,0.0167,1.0000,0.00,72,0,1462.34,0,1
3110.63,72,0.0000,0.0000,0.000,1.000,0.0,0.0167,1.0000,0.00,72,0,1462.34,0,1
3111.63,72,0.0000,0.0000,0.000,1.000,0.0,0.0167,1.0000,0.00,72,0,1462.34,0,1
3112.63,72,0.0000,0.0000,0.000,1.000,0.0,0.0167,1.0000,0.00,72,0,1462.34,0,1
3113.63,72,0.0000,0.0000,0.000,1.000,0.0,0.0167,1.0000,0.00,72,0,1462.34,0,1
3114.63,72,0.0000,0.0000,0.000,1.000,0.0,0.0167,1.0000,0.00,72,0,1462.34,0,1
3115.63,72,0.0000,0.0000,0.000,1.000,0.0,0.0167,1.0000,0.00,72,0,1462.34,0,1
3116.68,71,0.0000,0.0000,0.000,1.000,0.0,0.0167,1.0000,0.00,72,0,1462.34,0,1
3117.68,72,0.0000,0.0000,0.000,1.000,0.0,0.0167,1.0000,0.00,72,0,1462.34,0,1
3118.68,72,0.0000,0.0000,0.000,1.000,0.0,0.0167,1.0000,0.00,72,0,1462.34,0,1
3119.68,72,0.0000,0.0000,0.000,1.000,0.0,0.0167,1.0000,0.00,72,0,1462.34,0,1
3120.68,72,0.0000,0.0000,0.000,1.000,0.0,0.0167,1.0000,0.00,72,0,1462.34,0,1
3121.68,72,0.0000,0.0000,0.000,1.000,0.0,0.0167,1.0000,0.00,72,0,1462.34,0,1
3122.68,72,0.0000,0.0000,0.000,1.000,0.0,0.0167,1.0000,0.00,72,0,1462.34,0,1
3123.68,72,0.0000,0.0000,0.000,1.000,0.0,0.0167,1.0000,0.00,72,0,1462.34,0,1
3124.68,72,0.0000,0.0000,0.000,1.000,0.0,0.0167,1.0000,0.00,72,0,1462.34,0,1
3125.68,72,0.0000,0.0000,0.000,1.000,0.0,0.0167,1.0000,0.00,72,0,1462.34,0,1
3126.68,72,0.0000,0.0000,0.000,1.000,0.0,0.0167,1.0000,0.00,72,0,1462.34,0,1
3127.68,72,0.0000,0.0000,0.000,1.000,0.0,0.0167,1.0000,0.00,72,0,1462.34,0,1
3128.68,72,0.0000,0.0000,0.000,1.000,0.0,0.0167,1.0000,0.00,72,0,1462.34,0,1
3129.68,72,0.0000,0.0000,0.000,1.000,0.0,0.0167,1.0000,0.00,72,0,1462.34,0,1
3130.68,72,0.0000,0.0000,0.000,1.000,0.0,0.0167,1.0000,0.00,72,0,1462.34,0,1
3131.68,72,0.0000,0.0000,0.000,1.000,0.0,0.0167,1.0000,0.00,72,0,1462.34,0,1
3132.68,72,0.0000,0.0000,0.000,1.000,0.0,0.0167,1.0000,0.00,72,0,1462.34,0,1
3133.69,72,0.0000,0.0000,0.000,1.000,0.0,0.0167,1.0000,0.00,72,0,1462.34,0,1
3134.69,72,0.0000,0.0000,0.000,1.000,0.0,0.0167,1.0000,0.00,72,0,1462.34,0,1
3135.69,72,0.0000,0.0000,0.000,1.000,0.0,0.0167,1.0000,0.00,72,0,1462.34,0,1
3136.69,72,0.0000,0.0000,0.000,1.000,0.0,0.0167,1.0000,0.00,72,0,1462.34,0,1
3137.69,72,0.0000,0.0000,0.000,1.000,0.0,0.0167,1.0000,0.00,72,0,1462.34,0,1
3138.69,72,0.0000,0.0000,0.000,1.000,0.0,0.0167,1.0000,0.00,72,0,1462.34,0,1
3139.69,72,0.0000,0.0000,0.000,1.000,0.0,0.0167,1.0000,0.00,72,0,1462.34,0,1
3140.69,72,0.0000,0.0000,0.000,1.000,0.0,0.0167,1.0000,0.00,72,0,1462.34,0,1
3141.69,72,0.0000,0.0000,0.000,1.000,0.0,0.0167,1.0000,0.00,72,0,1462.34,0,1
3142.69,72,0.0000,0.0000,0.000,1.000,0.0,0.0167,1.0000,0.00,72,0,1462.34,0,1
3143.69,72,0.0000,0.0000,0.000,1.000,0.0,0.0167,1.0000,0.00,72,0,1462.34,0,1
3144.70,69,0.0000,0.0000,0.000,1.000,0.0,0.0167,1.0000,0.00,72,0,1462.34,0,1
3145.71,72,0.0000,0.0000,0.000,1.000,0.0,0.0167,1.0000,0.00,72,0,1462.34,0,1
3146.71,72,0.0000,0.0000,0.000,1.000,0.0,0.0167,1.0000,0.00,72,0,1462.34,0,1
3147.71,72,0.0000,0.0000,0.000,1.000,0.0,0.0167,1.0000,0.00,72,0,1462.34,0,1
3148.73,73,0.0000,0.0000,0.000,1.000,0.0,0.0167,1.0000,0.00,72,0,1462.34,0,1
3149.74,70,0.0000,0.0000,0.000,1.000,0.0,0.0167,1.0000,0.00,72,0,1462.34,0,1
3150.74,72,0.0000,0.0000,0.000,1.000,0.0,0.0167,1.0000,0.00,72,0,1462.34,0,1
3151.90,23,0.0000,0.0000,0.000,1.000,0.0,0.0167,1.0000,0.00,72,0,1462.34,0,1
3152.92,32,0.0000,0.0000,0.000,1.000,0.0,0.0167,1.0000,0.00,72,0,1462.34,0,1
3153.93,32,0.0000,0.0000,0.000,1.000,0.0,0.0167,1.0000,0.00,72,0,1462.34,0,1
3154.93,72,0.0000,0.0000,0.000,1.000,0.0,0.0167,1.0000,0.00,72,0,1462.34,0,1
3155.93,72,0.0000,0.0000,0.000,1.000,0.0,0.0167,1.0000,0.00,72,0,1462.34,0,1
3156.93,72,0.0000,0.0000,0.000,1.000,0.0,0.0167,1.0000,0.00,72,0,1462.34,0,1
3157.93,72,0.0000,0.0000,0.000,1.000,0.0,0.0167,1.0000,0.00,72,0,1462.34,0,1
3158.95,73,0.0000,0.0000,0.000,1.000,0.0,0.0167,1.0000,0.00,72,0,1462.34,0,1
3159.95,67,0.0000,0.0000,0.000,1.000,0.0,0.0167,1.0000,0.00,72,0,1462.34,0,1
3160.96,69,0.0000,0.0000,0.000,1.000,0.0,0.0167,1.0000,0.00,72,0,1462.34,0,1
3161.96,72,0.0000,0.0000,0.000,1.000,0.0,0.0167,1.0000,0.00,72,0,1462.34,0,1
3162.96,72,0.0000,0.0000,0.000,1.000,0.0,0.0167,1.0000,0.00,72,0,1462.34,0,1
3163.97,72,0.0000,0.0000,0.000,1.000,0.0,0.0167,1.0000,0.00,72,0,1462.34,0,1
3164.97,72,0.0000,0.0000,0.000,1.000,0.0,0.0167,1.0000,0.00,72,0,1462.34,0,1
3165.97,67,0.0000,0.0000,0.000,1.000,0.0,0.0167,1.0000,0.00,72,0,1462.34,0,1
3166.98,71,0.0000,0.0000,0.000,1.000,0.0,0.0167,1.0000,0.00,72,0,1462.34,0,1
3167.99,71,0.0000,0.0000,0.000,1.000,0.0,0.0167,1.0000,0.00,72,0,1462.34,0,1
3168.99,72,0.0000,0.0000,0.000,1.000,0.0,0.0167,1.0000,0.00,72,0,1462.34,0,1
3169.99,72,0.0000,0.0000,0.000,1.000,0.0,0.0167,1.0000,0.00,72,0,1462.34,0,1
3170.99,72,0.0000,0.0000,0.000,1.000,0.0,0.0167,1.0000,0.00,72,0,1462.34,0,1
3171.99,72,0.0000,0.0000,0.000,1.000,0.0,0.0167,1.0000,0.00,72,0,1462.34,0,1
3172.99,72,0.0000,0.0000,0.000,1.000,0.0,0.0167,1.0000,0.00,72,0,1462.34,0,1
3173.99,72,0.0000,0.0000,0.000,1.000,0.0,0.0167,1.0000,0.00,72,0,1462.34,0,1
3174.99,72,0.0000,0.0000,0.000,1.000,0.0,0.0167,1.0000,0.00,72,0,1462.34,0,1
3175.99,72,0.0000,0.0000,0.000,1.000,0.0,0.0167,1.0000,0.00,72,0,1462.34,0,1
3176.99,72,0.0000,0.0000,0.000,1.000,0.0,0.0167,1.0000,0.00,72,0,1462.34,0,1
3178.00,72,0.0000,0.0000,0.000,1.000,0.0,0.0167,1.0000,0.00,72,0,1462.34,0,1
3179.00,72,0.0000,0.0000,0.000,1.000,0.0,0.0167,1.0000,0.00,72,0,1462.34,0,1
3180.00,72,0.0000,0.0000,0.000,1.000,0.0,0.0167,1.0000,0.00,72,0,1462.34,0,1
3181.00,72,0.0000,0.0000,0.000,1.000,0.0,0.0167,1.0000,0.00,72,0,1462.34,0,1
3182.00,72,0.0000,0.0000,0.000,1.000,0.0,0.0167,1.0000,0.00,72,0,1462.34,0,1
3183.01,72,0.0000,0.0000,0.000,1.000,0.0,0.0167,1.0000,0.00,72,0,1462.34,0,1
3184.01,72,0.0000,0.0000,0.000,1.000,0.0,0.0167,1.0000,0.00,72,0,1462.34,0,1
3185.01,72,0.0000,0.0000,0.000,1.000,0.0,0.0167,1.0000,0.00,72,0,1462.34,0,1
3186.01,72,0.0000,0.0000,0.000,1.000,0.0,0.0167,1.0000,0.00,72,0,1462.34,0,1
3187.01,72,0.0000,0.0000,0.000,1.000,0.0,0.0167,1.0000,0.00,72,0,1462.34,0,1
3188.01,72,0.0000,0.0000,0.000,1.000,0.0,0.0167,1.0000,0.00,72,0,1462.34,0,1
3189.01,72,0.0000,0.0000,0.000,1.000,0.0,0.0167,1.0000,0.00,72,0,1462.34,0,1
3190.01,72,0.0000,0.0000,0.000,1.000,0.0,0.0167,1.0000,0.00,72,0,1462.34,0,1
3191.01,72,0.0000,0.0000,0.000,1.000,0.0,0.0167,1.0000,0.00,72,0,1462.34,0,1
3192.01,72,0.0000,0.0000,0.000,1.000,0.0,0.0167,1.0000,0.00,72,0,1462.34,0,1
3193.01,72,0.0000,0.0000,0.000,1.000,0.0,0.0167,1.0000,0.00,72,0,1462.34,0,1
3194.01,72,0.0000,0.0000,0.000,1.000,0.0,0.0167,1.0000,0.00,72,0,1462.34,0,1
3195.02,72,0.0000,0.0000,0.000,1.000,0.0,0.0167,1.0000,0.00,72,0,1462.34,0,1
3196.03,72,0.0000,0.0000,0.000,1.000,0.0,0.0167,1.0000,0.00,72,0,1462.34,0,1
3197.03,72,0.0000,0.0000,0.000,1.000,0.0,0.0167,1.0000,0.00,72,0,1462.34,0,1
3198.03,65,0.0000,0.0000,0.000,1.000,0.0,0.0167,1.0000,0.00,72,0,1462.34,0,1
3199.03,64,0.0000,0.0000,0.000,1.000,0.0,0.0167,1.0000,0.00,72,0,1462.34,0,1
3200.04,68,0.0000,0.0000,0.000,1.000,0.0,0.0167,1.0000,0.00,72,0,1462.34,0,1
3201.04,72,0.0000,0.0000,0.000,1.000,0.0,0.0167,1.0000,0.00,72,0,1462.34,0,1
3202.04,72,0.0000,0.0000,0.000,1.000,0.0,0.0167,1.0000,0.00,72,0,1462.34,0,1
3203.05,70,0.0000,0.0000,0.000,1.000,0.0,0.0167,1.0000,0.00,72,0,1462.34,0,1
3204.05,72,0.0000,0.0000,0.000,1.000,0.0,0.0167,1.0000,0.00,72,0,1462.34,0,1
3205.05,72,0.0000,0.0000,0.000,1.000,0.0,0.0167,1.0000,0.00,72,0,1462.34,0,1
3206.05,72,0.0000,0.0000,0.000,1.000,0.0,0.0167,1.0000,0.00,72,0,1462.34,0,1
3207.05,72,0.0000,0.0000,0.000,1.000,0.0,0.0167,1.0000,0.00,72,0,1462.34,0,1
3208.05,72,0.0000,0.0000,0.000,1.000,0.0,0.0167,1.0000,0.00,72,0,1462.34,0,1
3209.05,70,0.0000,0.0000,0.000,1.000,0.0,0.0167,1.0000,0.00,72,0,1462.34,0,1
3210.06,73,0.0000,0.0000,0.000,1.000,0.0,0.0167,1.0000,0.00,72,0,1462.34,0,1
3211.06,72,0.0000,0.0000,0.000,1.000,0.0,0.0167,1.0000,0.00,72,0,1462.34,0,1
3212.06,72,0.0000,0.0000,0.000,1.000,0.0,0.0167,1.0000,0.00,72,0,1462.34,0,1
3213.07,68,0.0000,0.0000,0.000,1.000,0.0,0.0167,1.0000,0.00,72,0,1462.34,0,1
3214.07,72,0.0000,0.0000,0.000,1.000,0.0,0.0167,1.0000,0.00,72,0,1462.34,0,1
3215.07,72,0.0000,0.0000,0.000,1.000,0.0,0.0167,1.0000,0.00,72,0,1462.34,0,1
3216.07,71,0.0000,0.0000,0.000,1.000,0.0,0.0167,1.0000,0.00,72,0,1462.34,0,1
3217.08,73,0.0000,0.0000,0.000,1.000,0.0,0.0167,1.0000,0.00,72,0,1462.34,0,1
3218.08,72,0.0000,0.0000,0.000,1.000,0.0,0.0167,1.0000,0.00,72,0,1462.34,0,1
3219.09,69,0.0000,0.0000,0.000,1.000,0.0,0.0167,1.0000,0.00,72,0,1462.34,0,1
3220.10,61,0.0000,0.0000,0.000,1.000,0.0,0.0167,1.0000,0.00,72,0,1462.34,0,1
3221.10,63,0.0000,0.0000,0.000,1.000,0.0,0.0167,1.0000,0.00,72,0,1462.34,0,1
3222.11,65,0.0000,0.0000,0.000,1.000,0.0,0.0167,1.0000,0.00,72,0,1462.34,0,1
3223.12,64,0.0000,0.0000,0.000,1.000,0.0,0.0167,1.0000,0.00,72,0,1462.34,0,1
3224.12,66,0.0000,0.0000,0.000,1.000,0.0,0.0167,1.0000,0.00,72,0,1462.34,0,1
3225.13,62,0.0000,0.0000,0.000,1.000,0.0,0.0167,1.0000,0.00,72,0,1462.34,0,1
3226.13,63,0.0000,0.0000,0.000,1.000,0.0,0.0167,1.0000,0.00,72,0,1462.34,0,1
3227.14,64,0.0000,0.0000,0.000,1.000,0.0,0.0167,1.0000,0.00,72,0,1462.34,0,1
3228.15,60,0.0000,0.0000,0.000,1.000,0.0,0.0167,1.0000,0.00,72,0,1462.34,0,1
3229.16,63,0.0000,0.0000,0.000,1.000,0.0,0.0167,1.0000,0.00,72,0,1462.34,0,1
3230.17,65,0.0000,0.0000,0.000,1.000,0.0,0.0167,1.0000,0.00,72,0,1462.34,0,1
3231.17,62,0.0000,0.0000,0.000,1.000,0.0,0.0167,1.0000,0.00,72,0,1462.34,0,1
3232.18,64,0.0000,0.0000,0.000,1.000,0.0,0.0167,1.0000,0.00,72,0,1462.34,0,1
3233.19,66,0.0000,0.0000,0.000,1.000,0.0,0.0167,1.0000,0.00,72,0,1462.34,0,1
3234.20,60,0.0000,0.0000,0.000,1.000,0.0,0.0167,1.0000,0.00,72,0,1462.34,0,1
3235.20,62,0.0000,0.0000,0.000,1.000,0.0,0.0167,1.0000,0.00,72,0,1462.34,0,1
3236.21,59,0.0000,0.0000,0.000,1.000,0.0,0.0167,1.0000,0.00,72,0,1462.34,0,1
3237.22,56,0.0000,0.0000,0.000,1.000,0.0,0.0167,1.0000,0.00,72,0,1462.34,0,1
3238.23,70,0.0000,0.0000,0.000,1.000,0.0,0.0167,1.0000,0.00,72,0,1462.34,0,1
3239.23,69,0.0000,0.0000,0.000,1.000,0.0,0.0167,1.0000,0.00,72,0,1462.34,0,1
3240.25,63,0.0000,0.0000,0.000,1.000,0.0,0.0167,1.0000,0.00,72,0,1462.34,0,1
3241.28,63,0.0000,0.0000,0.000,1.000,0.0,0.0167,1.0000,0.00,72,0,1462.34,0,1
3242.29,62,0.0000,0.0000,0.000,1.000,0.0,0.0167,1.0000,0.00,72,0,1462.34,0,1
3243.30,60,0.0000,0.0000,0.000,1.000,0.0,0.0167,1.0000,0.00,72,0,1462.34,0,1
3244.31,61,0.0000,0.0000,0.000,1.000,0.0,0.0167,1.0000,0.00,72,0,1462.34,0,1
3245.34,63,0.0000,0.0000,0.000,1.000,0.0,0.0167,1.0000,0.00,72,0,1462.34,0,1
3246.35,65,0.0000,0.0000,0.000,1.000,0.0,0.0167,1.0000,0.00,72,0,1462.34,0,1
3247.36,62,0.0000,0.0000,0.000,1.000,0.0,0.0167,1.0000,0.00,72,0,1462.34,0,1
3248.37,61,0.0000,0.0000,0.000,1.000,0.0,0.0167,1.0000,0.00,72,0,1462.34,0,1
3249.38,60,0.0000,0.0000,0.000,1.000,0.0,0.0167,1.0000,0.00,72,0,1462.34,0,1
3250.40,61,0.0000,0.0000,0.000,1.000,0.0,0.0167,1.0000,0.00,72,0,1462.34,0,1
3251.40,60,0.0000,0.0000,0.000,1.000,0.0,0.0167,1.0000,0.00,72,0,1462.34,0,1
3252.41,60,0.0000,0.0000,0.000,1.000,0.0,0.0167,1.0000,0.00,72,0,1462.34,0,1
3253.41,62,0.0000,0.0000,0.000,1.000,0.0,0.0167,1.0000,0.00,72,0,1462.34,0,1
3254.43,57,0.0000,0.0000,0.000,1.000,0.0,0.0167,1.0000,0.00,72,0,1462.34,0,1
3255.44,64,0.0000,0.0000,0.000,1.000,0.0,0.0167,1.0000,0.00,72,0,1462.34,0,1
3256.45,62,0.0000,0.0000,0.000,1.000,0.0,0.0167,1.0000,0.00,72,0,1462.34,0,1
3257.46,64,0.0000,0.0000,0.000,1.000,0.0,0.0167,1.0000,0.00,72,0,1462.34,0,1
3258.46,62,0.0000,0.0000,0.000,1.000,0.0,0.0167,1.0000,0.00,72,0,1462.34,0,1
3259.47,62,0.0000,0.0000,0.000,1.000,0.0,0.0167,1.0000,0.00,72,0,1462.34,0,1
3260.49,69,0.0000,0.0000,0.000,1.000,0.0,0.0167,1.0000,0.00,72,0,1462.34,0,1
3261.49,63,0.0000,0.0000,0.000,1.000,0.0,0.0167,1.0000,0.00,72,0,1462.34,0,1
3262.50,63,0.0000,0.0000,0.000,1.000,0.0,0.0167,1.0000,0.00,72,0,1462.34,0,1
3263.51,59,0.0000,0.0000,0.000,1.000,0.0,0.0167,1.0000,0.00,72,0,1462.34,0,1
3264.53,63,0.0000,0.0000,0.000,0.998,0.0,0.0167,1.0000,0.00,72,0,1462.34,0,1
3265.53,70,0.0000,0.0000,0.000,1.001,0.0,0.0167,1.0000,0.00,72,0,1462.34,0,1
3266.53,63,0.0000,0.0000,0.000,1.000,0.0,0.0167,1.0000,0.00,72,0,1462.34,0,1
3267.54,71,0.0000,0.0000,0.000,0.995,0.0,0.0167,1.0000,0.00,72,0,1462.34,0,1
3268.55,73,0.0000,0.0000,0.000,1.005,0.0,0.0167,1.0000,0.00,72,0,1462.34,0,1
3269.57,73,0.0000,0.0000,0.000,1.001,0.0,0.0167,1.0000,0.00,72,0,1462.34,1,1
3271.86,47,0.0006,0.0285,0.012,0.292,0.4,0.0167,1.0000,1.00,72,0,1462.36,1,1
3272.87,40,0.0256,0.0411,1.009,2.601,59.1,0.0167,1.0000,1.00,72,0,1463.36,1,1
3273.88,52,0.0194,0.0385,1.000,1.000,60.4,0.0167,1.0000,1.00,72,0,1464.37,1,1
3274.89,41,0.0245,0.0394,1.000,1.000,59.7,0.0167,1.0000,1.00,72,0,1465.37,1,1
3275.90,61,0.0166,0.0283,1.000,1.000,60.2,0.0167,1.0000,1.00,72,0,1466.39,1,1
